transaction_id,timestamp,customer_id,product_id,product_name,category,quantity,unit_price,discount_percent,total_amount,payment_method,city,channel
TXN000001,2025-09-06 07:53:23,CUST0058,P001,Wireless Mouse,Electronics,3,599.0,5,1707.15,Card,Pune,Online
TXN000002,2025-09-20 19:17:46,CUST0380,P009,Water Bottle,Home,1,450.0,20,360.0,Wallet,Mumbai,Online
TXN000003,2025-02-06 09:18:10,CUST0112,P004,Notebook,Stationery,5,150.0,20,600.0,UPI,Hyderabad,Online
TXN000004,2025-10-06 01:47:11,CUST0333,P012,Power Bank,Electronics,5,1500.0,15,6375.0,Card,Bengaluru,Store
TXN000005,2025-11-11 08:26:19,CUST0446,P001,Wireless Mouse,Electronics,2,599.0,25,898.5,Wallet,Delhi,Store
TXN000006,2025-03-02 09:10:26,CUST0111,P006,Backpack,Fashion,1,1200.0,0,1200.0,Wallet,Mumbai,Store
TXN000007,2025-11-26 03:13:12,CUST0177,P010,Desk Lamp,Home,3,850.0,0,2550.0,Wallet,Hyderabad,Online
TXN000008,2025-12-25 04:24:57,CUST0194,P002,Mechanical Keyboard,Electronics,5,3500.0,10,15750.0,Cash,Hyderabad,Online
TXN000009,2025-10-01 15:05:07,CUST0036,P001,Wireless Mouse,Electronics,2,599.0,10,1078.2,UPI,Pune,Online
TXN000010,2025-05-28 15:01:59,CUST0143,P008,Coffee Mug,Home,3,250.0,5,712.5,Cash,Delhi,Online
TXN000011,2025-09-18 06:29:07,CUST0137,P012,Power Bank,Electronics,1,1500.0,20,1200.0,Card,Hyderabad,Online
TXN000012,2025-03-05 11:01:17,CUST0237,P007,Running Shoes,Fashion,3,2500.0,25,5625.0,Card,Chennai,Store
TXN000013,2025-11-24 07:56:57,CUST0394,P001,Wireless Mouse,Electronics,2,599.0,0,1198.0,Cash,Bengaluru,Store
TXN000014,2025-01-26 16:55:21,CUST0109,P010,Desk Lamp,Home,3,850.0,5,2422.5,Wallet,Bengaluru,Store
TXN000015,2025-02-25 11:39:35,CUST0136,P003,USB-C Cable,Electronics,2,299.0,25,448.5,Cash,Chennai,Store
TXN000016,2025-12-15 16:18:56,CUST0299,P007,Running Shoes,Fashion,3,2500.0,5,7125.0,Card,Hyderabad,Store
TXN000017,2025-02-05 07:20:13,CUST0387,P001,Wireless Mouse,Electronics,1,599.0,5,569.05,Card,Chennai,Store
TXN000018,2025-08-20 14:56:06,CUST0033,P007,Running Shoes,Fashion,4,2500.0,20,8000.0,Wallet,Hyderabad,Store
TXN000019,2025-08-03 20:26:20,CUST0441,P001,Wireless Mouse,Electronics,1,599.0,25,449.25,Cash,Chennai,Store
TXN000020,2025-02-13 07:44:29,CUST0151,P007,Running Shoes,Fashion,2,2500.0,15,4250.0,UPI,Chennai,Store
TXN000021,2025-07-14 09:48:02,CUST0391,P003,USB-C Cable,Electronics,5,299.0,0,1495.0,Cash,Chennai,Online
TXN000022,2025-03-01 08:33:54,CUST0192,P003,USB-C Cable,Electronics,5,299.0,20,1196.0,UPI,Hyderabad,Store
TXN000023,2025-07-09 18:08:07,CUST0010,P002,Mechanical Keyboard,Electronics,3,3500.0,10,9450.0,Card,Mumbai,Online
TXN000024,2025-12-07 23:38:33,CUST0291,P002,Mechanical Keyboard,Electronics,1,3500.0,25,2625.0,Wallet,Mumbai,Online
TXN000025,2025-02-19 20:41:42,CUST0338,P008,Coffee Mug,Home,5,250.0,5,1187.5,Cash,Hyderabad,Store
TXN000026,2025-03-24 06:06:08,CUST0476,P009,Water Bottle,Home,2,450.0,25,675.0,Cash,Bengaluru,Store
TXN000027,2025-06-20 03:23:19,CUST0461,P009,Water Bottle,Home,4,450.0,0,1800.0,Card,Pune,Online
TXN000028,2025-05-12 07:11:09,CUST0011,P010,Desk Lamp,Home,5,850.0,5,4037.5,Card,Mumbai,Online
TXN000029,2025-10-02 21:33:20,CUST0324,P001,Wireless Mouse,Electronics,2,599.0,0,1198.0,UPI,Delhi,Online
TXN000030,2025-07-19 16:16:56,CUST0122,P005,Ball Pen Pack,Stationery,4,100.0,5,380.0,Card,Chennai,Store
TXN000031,2025-04-05 08:53:54,CUST0402,P008,Coffee Mug,Home,4,250.0,5,950.0,UPI,Mumbai,Store
TXN000032,2025-05-18 14:17:33,CUST0217,P007,Running Shoes,Fashion,4,2500.0,25,7500.0,UPI,Chennai,Online
TXN000033,2025-01-24 12:57:03,CUST0207,P012,Power Bank,Electronics,3,1500.0,0,4500.0,Card,Pune,Online
TXN000034,2025-07-28 06:32:43,CUST0230,P003,USB-C Cable,Electronics,4,299.0,5,1136.2,Cash,Bengaluru,Online
TXN000035,2025-12-06 14:47:59,CUST0473,P002,Mechanical Keyboard,Electronics,4,3500.0,20,11200.0,UPI,Mumbai,Online
TXN000036,2025-02-06 05:16:19,CUST0475,P004,Notebook,Stationery,2,150.0,15,255.0,Wallet,Bengaluru,Online
TXN000037,2025-12-02 19:07:32,CUST0206,P001,Wireless Mouse,Electronics,2,599.0,15,1018.3,UPI,Bengaluru,Store
TXN000038,2025-12-26 19:46:27,CUST0402,P008,Coffee Mug,Home,3,250.0,15,637.5,Wallet,Pune,Online
TXN000039,2025-04-26 05:31:02,CUST0112,P001,Wireless Mouse,Electronics,5,599.0,25,2246.25,UPI,Chennai,Store
TXN000040,2025-01-23 04:49:08,CUST0026,P010,Desk Lamp,Home,4,850.0,20,2720.0,Card,Mumbai,Online
TXN000041,2025-11-27 15:05:15,CUST0096,P002,Mechanical Keyboard,Electronics,5,3500.0,0,17500.0,Card,Bengaluru,Online
TXN000042,2025-12-12 18:04:45,CUST0292,P004,Notebook,Stationery,5,150.0,20,600.0,UPI,Hyderabad,Online
TXN000043,2025-06-12 19:27:33,CUST0337,P010,Desk Lamp,Home,5,850.0,20,3400.0,Cash,Delhi,Online
TXN000044,2025-09-18 02:17:54,CUST0367,P006,Backpack,Fashion,2,1200.0,10,2160.0,Wallet,Pune,Store
TXN000045,2025-06-27 13:38:30,CUST0162,P002,Mechanical Keyboard,Electronics,1,3500.0,15,2975.0,UPI,Mumbai,Online
TXN000046,2025-07-16 11:11:13,CUST0136,P003,USB-C Cable,Electronics,3,299.0,0,897.0,Card,Delhi,Store
TXN000047,2025-03-03 06:18:25,CUST0225,P009,Water Bottle,Home,3,450.0,20,1080.0,UPI,Chennai,Store
TXN000048,2025-12-28 20:35:44,CUST0340,P002,Mechanical Keyboard,Electronics,2,3500.0,10,6300.0,UPI,Mumbai,Online
TXN000049,2025-04-16 18:28:09,CUST0145,P010,Desk Lamp,Home,2,850.0,25,1275.0,Cash,Pune,Store
TXN000050,2025-07-16 06:45:13,CUST0251,P005,Ball Pen Pack,Stationery,1,100.0,0,100.0,Wallet,Delhi,Online
TXN000051,2025-01-02 09:02:53,CUST0171,P003,USB-C Cable,Electronics,3,299.0,5,852.15,Wallet,Hyderabad,Store
TXN000052,2025-08-06 20:01:51,CUST0005,P002,Mechanical Keyboard,Electronics,1,3500.0,25,2625.0,Card,Hyderabad,Online
TXN000053,2025-11-21 02:59:21,CUST0190,P010,Desk Lamp,Home,5,850.0,5,4037.5,Wallet,Pune,Online
TXN000054,2025-04-30 17:10:33,CUST0187,P001,Wireless Mouse,Electronics,3,599.0,5,1707.15,Card,Chennai,Online
TXN000055,2025-05-18 08:31:25,CUST0400,P009,Water Bottle,Home,4,450.0,20,1440.0,Card,Pune,Online
TXN000056,2025-11-07 15:29:14,CUST0416,P003,USB-C Cable,Electronics,4,299.0,0,1196.0,Card,Chennai,Store
TXN000057,2025-10-31 20:22:14,CUST0477,P007,Running Shoes,Fashion,2,2500.0,10,4500.0,Card,Chennai,Online
TXN000058,2025-05-29 13:32:50,CUST0447,P001,Wireless Mouse,Electronics,4,599.0,5,2276.2,Card,Bengaluru,Store
TXN000059,2025-04-29 12:35:06,CUST0421,P004,Notebook,Stationery,2,150.0,0,300.0,Card,Bengaluru,Store
TXN000060,2025-04-19 04:46:07,CUST0443,P002,Mechanical Keyboard,Electronics,3,3500.0,10,9450.0,Wallet,Chennai,Store
TXN000061,2025-12-31 18:19:28,CUST0015,P002,Mechanical Keyboard,Electronics,3,3500.0,5,9975.0,Cash,Mumbai,Online
TXN000062,2025-08-20 16:26:49,CUST0223,P006,Backpack,Fashion,3,1200.0,15,3060.0,UPI,Bengaluru,Online
TXN000063,2025-04-09 22:11:09,CUST0023,P012,Power Bank,Electronics,4,1500.0,0,6000.0,Card,Delhi,Store
TXN000064,2025-01-28 04:12:11,CUST0486,P011,Smart Watch,Electronics,3,4999.0,20,11997.6,Cash,Chennai,Online
TXN000065,2025-10-07 12:35:45,CUST0461,P005,Ball Pen Pack,Stationery,5,100.0,10,450.0,Wallet,Delhi,Store
TXN000066,2025-09-28 18:27:12,CUST0152,P009,Water Bottle,Home,2,450.0,5,855.0,Wallet,Chennai,Store
TXN000067,2025-09-21 01:03:38,CUST0384,P003,USB-C Cable,Electronics,5,299.0,20,1196.0,Cash,Bengaluru,Online
TXN000068,2025-04-29 00:19:11,CUST0147,P004,Notebook,Stationery,4,150.0,20,480.0,Cash,Bengaluru,Store
TXN000069,2025-06-21 17:13:40,CUST0346,P004,Notebook,Stationery,5,150.0,15,637.5,Card,Chennai,Online
TXN000070,2025-04-21 05:04:51,CUST0264,P011,Smart Watch,Electronics,5,4999.0,10,22495.5,UPI,Pune,Store
TXN000071,2025-03-29 05:48:09,CUST0413,P004,Notebook,Stationery,2,150.0,0,300.0,UPI,Pune,Store
TXN000072,2025-08-26 09:29:10,CUST0436,P002,Mechanical Keyboard,Electronics,4,3500.0,15,11900.0,Card,Chennai,Store
TXN000073,2025-07-11 23:55:45,CUST0205,P004,Notebook,Stationery,2,150.0,25,225.0,UPI,Mumbai,Store
TXN000074,2025-03-26 23:44:50,CUST0091,P012,Power Bank,Electronics,5,1500.0,15,6375.0,UPI,Hyderabad,Online
TXN000075,2025-12-23 07:26:25,CUST0435,P002,Mechanical Keyboard,Electronics,4,3500.0,5,13300.0,Wallet,Chennai,Store
TXN000076,2025-10-21 07:26:25,CUST0457,P008,Coffee Mug,Home,5,250.0,25,937.5,Wallet,Hyderabad,Store
TXN000077,2025-12-15 10:35:08,CUST0082,P012,Power Bank,Electronics,4,1500.0,15,5100.0,Cash,Pune,Store
TXN000078,2025-10-25 09:54:03,CUST0399,P009,Water Bottle,Home,4,450.0,25,1350.0,Card,Delhi,Store
TXN000079,2025-01-31 02:11:49,CUST0366,P005,Ball Pen Pack,Stationery,2,100.0,10,180.0,Cash,Delhi,Online
TXN000080,2025-02-23 17:44:23,CUST0078,P004,Notebook,Stationery,4,150.0,25,450.0,Card,Chennai,Online
TXN000081,2025-01-25 22:39:22,CUST0213,P007,Running Shoes,Fashion,3,2500.0,20,6000.0,Wallet,Bengaluru,Online
TXN000082,2025-03-22 07:50:10,CUST0427,P007,Running Shoes,Fashion,4,2500.0,20,8000.0,UPI,Hyderabad,Store
TXN000083,2025-07-05 05:46:24,CUST0004,P006,Backpack,Fashion,3,1200.0,15,3060.0,Wallet,Hyderabad,Online
TXN000084,2025-07-09 14:37:42,CUST0113,P005,Ball Pen Pack,Stationery,4,100.0,15,340.0,UPI,Bengaluru,Store
TXN000085,2025-09-17 18:21:14,CUST0348,P007,Running Shoes,Fashion,2,2500.0,15,4250.0,Card,Hyderabad,Online
TXN000086,2025-12-19 05:11:22,CUST0202,P010,Desk Lamp,Home,5,850.0,25,3187.5,UPI,Mumbai,Store
TXN000087,2025-02-22 16:48:39,CUST0444,P008,Coffee Mug,Home,2,250.0,0,500.0,Cash,Bengaluru,Store
TXN000088,2025-03-24 04:49:00,CUST0233,P006,Backpack,Fashion,3,1200.0,15,3060.0,Cash,Bengaluru,Store
TXN000089,2025-11-21 05:56:01,CUST0042,P008,Coffee Mug,Home,1,250.0,25,187.5,UPI,Delhi,Online
TXN000090,2025-09-10 11:46:55,CUST0036,P011,Smart Watch,Electronics,1,4999.0,0,4999.0,Card,Pune,Online
TXN000091,2025-08-30 07:16:05,CUST0079,P004,Notebook,Stationery,2,150.0,15,255.0,UPI,Hyderabad,Online
TXN000092,2025-06-30 14:25:51,CUST0359,P005,Ball Pen Pack,Stationery,3,100.0,5,285.0,UPI,Pune,Store
TXN000093,2025-02-11 23:33:12,CUST0297,P001,Wireless Mouse,Electronics,3,599.0,20,1437.6,Wallet,Bengaluru,Online
TXN000094,2025-01-30 12:20:18,CUST0304,P012,Power Bank,Electronics,2,1500.0,0,3000.0,Cash,Chennai,Online
TXN000095,2025-11-06 05:22:31,CUST0290,P001,Wireless Mouse,Electronics,3,599.0,20,1437.6,Wallet,Chennai,Store
TXN000096,2025-01-27 18:43:24,CUST0260,P011,Smart Watch,Electronics,3,4999.0,0,14997.0,Wallet,Bengaluru,Online
TXN000097,2025-06-18 08:43:51,CUST0492,P006,Backpack,Fashion,4,1200.0,25,3600.0,Card,Bengaluru,Online
TXN000098,2025-10-12 23:28:04,CUST0268,P011,Smart Watch,Electronics,3,4999.0,20,11997.6,Wallet,Bengaluru,Store
TXN000099,2025-11-17 16:24:15,CUST0375,P010,Desk Lamp,Home,3,850.0,10,2295.0,Card,Mumbai,Store
TXN000100,2025-12-09 09:23:53,CUST0231,P004,Notebook,Stationery,4,150.0,20,480.0,Wallet,Delhi,Online
TXN000101,2025-07-11 23:16:13,CUST0436,P006,Backpack,Fashion,2,1200.0,15,2040.0,Card,Delhi,Store
TXN000102,2025-05-13 04:11:16,CUST0144,P010,Desk Lamp,Home,3,850.0,20,2040.0,UPI,Hyderabad,Online
TXN000103,2025-02-03 05:58:14,CUST0124,P012,Power Bank,Electronics,4,1500.0,15,5100.0,Card,Chennai,Store
TXN000104,2025-09-08 20:15:04,CUST0365,P008,Coffee Mug,Home,4,250.0,0,1000.0,UPI,Delhi,Online
TXN000105,2025-06-07 01:17:30,CUST0355,P004,Notebook,Stationery,3,150.0,25,337.5,Cash,Bengaluru,Store
TXN000106,2025-06-15 05:58:58,CUST0382,P009,Water Bottle,Home,3,450.0,10,1215.0,Wallet,Delhi,Store
TXN000107,2025-04-08 15:15:07,CUST0119,P002,Mechanical Keyboard,Electronics,2,3500.0,10,6300.0,UPI,Chennai,Online
TXN000108,2025-03-16 09:17:28,CUST0111,P012,Power Bank,Electronics,4,1500.0,10,5400.0,Cash,Mumbai,Online
TXN000109,2025-04-26 01:13:01,CUST0117,P006,Backpack,Fashion,2,1200.0,10,2160.0,UPI,Chennai,Online
TXN000110,2025-04-17 12:46:00,CUST0024,P001,Wireless Mouse,Electronics,5,599.0,10,2695.5,Card,Chennai,Store
TXN000111,2025-02-09 20:11:10,CUST0447,P001,Wireless Mouse,Electronics,5,599.0,10,2695.5,Wallet,Bengaluru,Store
TXN000112,2025-05-13 07:36:34,CUST0095,P001,Wireless Mouse,Electronics,3,599.0,15,1527.45,UPI,Mumbai,Store
TXN000113,2025-07-10 23:24:36,CUST0038,P010,Desk Lamp,Home,1,850.0,5,807.5,Card,Hyderabad,Store
TXN000114,2025-02-03 01:56:36,CUST0128,P002,Mechanical Keyboard,Electronics,5,3500.0,15,14875.0,Card,Hyderabad,Store
TXN000115,2025-06-24 23:05:56,CUST0466,P008,Coffee Mug,Home,3,250.0,20,600.0,Wallet,Delhi,Online
TXN000116,2025-08-25 18:10:18,CUST0492,P012,Power Bank,Electronics,1,1500.0,5,1425.0,Card,Delhi,Online
TXN000117,2025-03-02 23:52:41,CUST0123,P003,USB-C Cable,Electronics,5,299.0,0,1495.0,Card,Mumbai,Store
TXN000118,2025-06-24 22:59:55,CUST0353,P010,Desk Lamp,Home,4,850.0,10,3060.0,UPI,Pune,Store
TXN000119,2025-10-02 13:18:21,CUST0145,P012,Power Bank,Electronics,4,1500.0,0,6000.0,Card,Delhi,Online
TXN000120,2025-06-15 02:34:56,CUST0059,P009,Water Bottle,Home,2,450.0,25,675.0,Card,Delhi,Online
TXN000121,2025-01-28 17:35:16,CUST0031,P003,USB-C Cable,Electronics,3,299.0,20,717.6,Cash,Bengaluru,Online
TXN000122,2025-07-02 00:34:54,CUST0353,P005,Ball Pen Pack,Stationery,4,100.0,10,360.0,Wallet,Bengaluru,Online
TXN000123,2025-08-21 06:06:20,CUST0021,P007,Running Shoes,Fashion,3,2500.0,20,6000.0,Cash,Mumbai,Online
TXN000124,2025-03-30 21:43:48,CUST0493,P011,Smart Watch,Electronics,5,4999.0,20,19996.0,UPI,Chennai,Store
TXN000125,2025-08-12 19:00:40,CUST0021,P003,USB-C Cable,Electronics,4,299.0,20,956.8,Wallet,Delhi,Online
TXN000126,2025-08-16 07:40:03,CUST0224,P011,Smart Watch,Electronics,4,4999.0,0,19996.0,Wallet,Delhi,Store
TXN000127,2025-05-10 10:39:33,CUST0165,P011,Smart Watch,Electronics,1,4999.0,5,4749.05,Cash,Bengaluru,Store
TXN000128,2025-04-22 22:23:04,CUST0340,P007,Running Shoes,Fashion,5,2500.0,0,12500.0,Wallet,Mumbai,Store
TXN000129,2025-04-09 00:31:40,CUST0166,P002,Mechanical Keyboard,Electronics,4,3500.0,20,11200.0,UPI,Chennai,Store
TXN000130,2025-06-10 11:44:47,CUST0028,P004,Notebook,Stationery,5,150.0,10,675.0,Wallet,Chennai,Store
TXN000131,2025-10-23 03:37:30,CUST0027,P004,Notebook,Stationery,3,150.0,20,360.0,Card,Delhi,Store
TXN000132,2025-12-09 02:05:07,CUST0358,P008,Coffee Mug,Home,1,250.0,0,250.0,Card,Chennai,Online
TXN000133,2025-05-01 16:24:04,CUST0283,P001,Wireless Mouse,Electronics,5,599.0,15,2545.75,UPI,Pune,Online
TXN000134,2025-06-29 05:00:21,CUST0485,P002,Mechanical Keyboard,Electronics,2,3500.0,15,5950.0,Cash,Hyderabad,Store
TXN000135,2025-06-11 08:39:02,CUST0428,P008,Coffee Mug,Home,4,250.0,5,950.0,Wallet,Hyderabad,Online
TXN000136,2025-05-29 23:16:50,CUST0098,P010,Desk Lamp,Home,5,850.0,25,3187.5,Card,Mumbai,Store
TXN000137,2025-10-28 01:51:15,CUST0405,P007,Running Shoes,Fashion,3,2500.0,20,6000.0,Cash,Mumbai,Store
TXN000138,2025-10-09 23:17:08,CUST0153,P010,Desk Lamp,Home,5,850.0,25,3187.5,Wallet,Pune,Store
TXN000139,2025-07-29 03:56:05,CUST0248,P006,Backpack,Fashion,3,1200.0,20,2880.0,Wallet,Bengaluru,Store
TXN000140,2025-12-04 17:16:30,CUST0097,P012,Power Bank,Electronics,2,1500.0,20,2400.0,Wallet,Pune,Store
TXN000141,2025-01-17 22:49:20,CUST0163,P012,Power Bank,Electronics,4,1500.0,25,4500.0,Wallet,Bengaluru,Online
TXN000142,2025-07-12 08:47:51,CUST0494,P001,Wireless Mouse,Electronics,2,599.0,20,958.4,Cash,Mumbai,Store
TXN000143,2025-02-08 17:22:49,CUST0270,P008,Coffee Mug,Home,1,250.0,25,187.5,Card,Bengaluru,Online
TXN000144,2025-01-30 01:26:59,CUST0241,P005,Ball Pen Pack,Stationery,3,100.0,20,240.0,Wallet,Chennai,Online
TXN000145,2025-11-27 19:01:40,CUST0169,P011,Smart Watch,Electronics,5,4999.0,15,21245.75,Cash,Chennai,Store
TXN000146,2025-12-05 19:11:56,CUST0278,P001,Wireless Mouse,Electronics,5,599.0,0,2995.0,Card,Chennai,Store
TXN000147,2025-03-30 08:19:32,CUST0383,P002,Mechanical Keyboard,Electronics,4,3500.0,0,14000.0,UPI,Bengaluru,Online
TXN000148,2025-09-27 12:33:34,CUST0154,P001,Wireless Mouse,Electronics,1,599.0,10,539.1,UPI,Delhi,Store
TXN000149,2025-05-26 13:46:19,CUST0221,P003,USB-C Cable,Electronics,2,299.0,20,478.4,Wallet,Hyderabad,Online
TXN000150,2025-03-08 00:21:44,CUST0090,P002,Mechanical Keyboard,Electronics,5,3500.0,15,14875.0,Card,Bengaluru,Online
TXN000151,2025-04-01 04:09:11,CUST0237,P011,Smart Watch,Electronics,3,4999.0,15,12747.45,Cash,Chennai,Online
TXN000152,2025-12-16 02:26:05,CUST0412,P008,Coffee Mug,Home,3,250.0,25,562.5,Card,Mumbai,Store
TXN000153,2025-05-15 04:54:18,CUST0301,P005,Ball Pen Pack,Stationery,4,100.0,25,300.0,Cash,Bengaluru,Store
TXN000154,2025-03-19 08:50:13,CUST0197,P008,Coffee Mug,Home,1,250.0,5,237.5,Wallet,Hyderabad,Store
TXN000155,2025-08-12 05:38:07,CUST0152,P012,Power Bank,Electronics,3,1500.0,0,4500.0,Wallet,Delhi,Online
TXN000156,2025-08-08 18:50:26,CUST0443,P011,Smart Watch,Electronics,1,4999.0,20,3999.2,Wallet,Delhi,Online
TXN000157,2025-08-24 18:15:21,CUST0411,P006,Backpack,Fashion,2,1200.0,25,1800.0,Card,Hyderabad,Store
TXN000158,2025-09-21 05:13:21,CUST0387,P012,Power Bank,Electronics,2,1500.0,25,2250.0,UPI,Chennai,Online
TXN000159,2025-04-30 23:27:47,CUST0404,P008,Coffee Mug,Home,1,250.0,20,200.0,Cash,Chennai,Online
TXN000160,2025-02-05 00:06:14,CUST0466,P005,Ball Pen Pack,Stationery,3,100.0,25,225.0,Wallet,Pune,Online
TXN000161,2025-02-21 07:49:06,CUST0403,P009,Water Bottle,Home,3,450.0,20,1080.0,Cash,Pune,Store
TXN000162,2025-12-21 23:33:13,CUST0423,P008,Coffee Mug,Home,3,250.0,25,562.5,Cash,Mumbai,Store
TXN000163,2025-01-30 05:50:27,CUST0073,P004,Notebook,Stationery,4,150.0,20,480.0,Cash,Mumbai,Store
TXN000164,2025-01-06 09:43:52,CUST0136,P009,Water Bottle,Home,1,450.0,15,382.5,Cash,Chennai,Store
TXN000165,2025-08-16 00:29:41,CUST0196,P011,Smart Watch,Electronics,3,4999.0,0,14997.0,Card,Bengaluru,Online
TXN000166,2025-08-29 14:35:43,CUST0453,P009,Water Bottle,Home,3,450.0,20,1080.0,Card,Chennai,Online
TXN000167,2025-09-04 18:23:37,CUST0422,P008,Coffee Mug,Home,3,250.0,25,562.5,Wallet,Mumbai,Online
TXN000168,2025-01-18 14:39:46,CUST0485,P001,Wireless Mouse,Electronics,3,599.0,15,1527.45,UPI,Mumbai,Online
TXN000169,2025-12-11 13:51:22,CUST0276,P003,USB-C Cable,Electronics,4,299.0,15,1016.6,Cash,Chennai,Store
TXN000170,2025-08-17 02:24:31,CUST0381,P012,Power Bank,Electronics,2,1500.0,15,2550.0,UPI,Bengaluru,Store
TXN000171,2025-12-31 16:36:32,CUST0488,P005,Ball Pen Pack,Stationery,1,100.0,25,75.0,Cash,Pune,Store
TXN000172,2025-06-22 16:51:56,CUST0487,P004,Notebook,Stationery,3,150.0,0,450.0,Cash,Hyderabad,Store
TXN000173,2025-01-24 12:22:03,CUST0204,P005,Ball Pen Pack,Stationery,2,100.0,0,200.0,Wallet,Mumbai,Online
TXN000174,2025-09-07 05:07:08,CUST0328,P010,Desk Lamp,Home,1,850.0,0,850.0,Cash,Pune,Online
TXN000175,2025-11-02 15:10:03,CUST0290,P004,Notebook,Stationery,1,150.0,20,120.0,Card,Hyderabad,Online
TXN000176,2025-11-12 18:12:10,CUST0446,P004,Notebook,Stationery,3,150.0,5,427.5,UPI,Delhi,Online
TXN000177,2025-02-20 11:36:52,CUST0277,P005,Ball Pen Pack,Stationery,2,100.0,0,200.0,UPI,Pune,Online
TXN000178,2025-05-20 03:03:36,CUST0405,P004,Notebook,Stationery,5,150.0,10,675.0,UPI,Pune,Store
TXN000179,2025-01-21 08:23:39,CUST0065,P012,Power Bank,Electronics,4,1500.0,20,4800.0,UPI,Chennai,Online
TXN000180,2025-07-04 22:56:02,CUST0230,P006,Backpack,Fashion,5,1200.0,20,4800.0,UPI,Bengaluru,Online
TXN000181,2025-08-27 21:12:40,CUST0023,P012,Power Bank,Electronics,5,1500.0,10,6750.0,Wallet,Chennai,Online
TXN000182,2025-01-24 14:56:01,CUST0246,P007,Running Shoes,Fashion,4,2500.0,25,7500.0,UPI,Bengaluru,Store
TXN000183,2025-01-29 12:58:59,CUST0461,P002,Mechanical Keyboard,Electronics,3,3500.0,20,8400.0,Card,Mumbai,Online
TXN000184,2025-04-17 19:20:05,CUST0320,P011,Smart Watch,Electronics,5,4999.0,20,19996.0,Cash,Bengaluru,Store
TXN000185,2025-06-26 04:56:03,CUST0259,P010,Desk Lamp,Home,4,850.0,0,3400.0,UPI,Chennai,Online
TXN000186,2025-06-17 00:32:32,CUST0232,P004,Notebook,Stationery,4,150.0,10,540.0,Wallet,Bengaluru,Store
TXN000187,2025-10-11 08:28:53,CUST0049,P006,Backpack,Fashion,4,1200.0,10,4320.0,Cash,Delhi,Online
TXN000188,2025-09-24 17:38:09,CUST0473,P008,Coffee Mug,Home,1,250.0,0,250.0,UPI,Mumbai,Store
TXN000189,2025-02-07 12:02:44,CUST0382,P012,Power Bank,Electronics,3,1500.0,5,4275.0,UPI,Hyderabad,Store
TXN000190,2025-09-18 04:58:34,CUST0063,P007,Running Shoes,Fashion,3,2500.0,25,5625.0,Wallet,Chennai,Online
TXN000191,2025-04-22 16:54:01,CUST0308,P005,Ball Pen Pack,Stationery,3,100.0,0,300.0,Card,Pune,Store
TXN000192,2025-03-29 02:06:49,CUST0434,P002,Mechanical Keyboard,Electronics,3,3500.0,20,8400.0,Cash,Mumbai,Store
TXN000193,2025-08-11 22:59:59,CUST0116,P007,Running Shoes,Fashion,5,2500.0,20,10000.0,UPI,Hyderabad,Store
TXN000194,2025-01-12 05:51:47,CUST0093,P005,Ball Pen Pack,Stationery,3,100.0,10,270.0,Cash,Mumbai,Online
TXN000195,2025-12-04 19:42:29,CUST0074,P010,Desk Lamp,Home,4,850.0,0,3400.0,Card,Chennai,Online
TXN000196,2025-02-05 15:14:36,CUST0383,P009,Water Bottle,Home,2,450.0,15,765.0,Wallet,Bengaluru,Store
TXN000197,2025-03-03 03:09:38,CUST0190,P005,Ball Pen Pack,Stationery,3,100.0,20,240.0,UPI,Mumbai,Online
TXN000198,2025-03-03 03:09:59,CUST0387,P010,Desk Lamp,Home,1,850.0,25,637.5,UPI,Delhi,Store
TXN000199,2025-09-15 01:42:56,CUST0218,P008,Coffee Mug,Home,5,250.0,15,1062.5,Wallet,Delhi,Online
TXN000200,2025-10-21 04:34:48,CUST0263,P002,Mechanical Keyboard,Electronics,3,3500.0,15,8925.0,UPI,Delhi,Store
TXN000201,2025-07-24 15:22:54,CUST0342,P005,Ball Pen Pack,Stationery,1,100.0,5,95.0,Wallet,Hyderabad,Online
TXN000202,2025-01-03 23:38:55,CUST0105,P005,Ball Pen Pack,Stationery,2,100.0,5,190.0,Cash,Delhi,Store
TXN000203,2025-02-16 14:20:06,CUST0004,P008,Coffee Mug,Home,4,250.0,5,950.0,Card,Bengaluru,Online
TXN000204,2025-07-14 06:46:58,CUST0287,P011,Smart Watch,Electronics,3,4999.0,0,14997.0,Wallet,Chennai,Online
TXN000205,2025-06-19 09:51:40,CUST0010,P008,Coffee Mug,Home,1,250.0,10,225.0,Wallet,Hyderabad,Store
TXN000206,2025-10-03 13:00:34,CUST0328,P007,Running Shoes,Fashion,3,2500.0,0,7500.0,Wallet,Mumbai,Store
TXN000207,2025-03-08 17:58:26,CUST0411,P010,Desk Lamp,Home,4,850.0,25,2550.0,Cash,Mumbai,Store
TXN000208,2025-11-24 23:09:53,CUST0055,P004,Notebook,Stationery,4,150.0,20,480.0,Wallet,Hyderabad,Online
TXN000209,2025-06-03 16:48:46,CUST0446,P005,Ball Pen Pack,Stationery,3,100.0,5,285.0,Cash,Pune,Online
TXN000210,2025-07-18 06:02:56,CUST0325,P002,Mechanical Keyboard,Electronics,5,3500.0,20,14000.0,Card,Delhi,Store
TXN000211,2025-10-10 11:39:52,CUST0491,P011,Smart Watch,Electronics,2,4999.0,5,9498.1,UPI,Pune,Store
TXN000212,2025-03-18 14:42:23,CUST0089,P010,Desk Lamp,Home,2,850.0,25,1275.0,UPI,Pune,Store
TXN000213,2025-06-30 04:21:21,CUST0387,P010,Desk Lamp,Home,5,850.0,15,3612.5,Cash,Chennai,Store
TXN000214,2025-02-28 15:01:29,CUST0226,P002,Mechanical Keyboard,Electronics,4,3500.0,15,11900.0,Cash,Delhi,Online
TXN000215,2025-05-17 16:20:21,CUST0260,P002,Mechanical Keyboard,Electronics,3,3500.0,15,8925.0,Wallet,Mumbai,Online
TXN000216,2025-05-24 04:53:00,CUST0426,P005,Ball Pen Pack,Stationery,1,100.0,25,75.0,UPI,Hyderabad,Store
TXN000217,2025-06-29 16:47:06,CUST0298,P009,Water Bottle,Home,1,450.0,15,382.5,Card,Delhi,Store
TXN000218,2025-07-14 17:04:55,CUST0078,P001,Wireless Mouse,Electronics,4,599.0,0,2396.0,Cash,Chennai,Online
TXN000219,2025-07-15 22:44:15,CUST0331,P003,USB-C Cable,Electronics,1,299.0,5,284.05,Wallet,Bengaluru,Online
TXN000220,2025-05-22 07:46:29,CUST0191,P005,Ball Pen Pack,Stationery,4,100.0,15,340.0,Cash,Chennai,Online
TXN000221,2025-11-03 12:07:41,CUST0324,P011,Smart Watch,Electronics,3,4999.0,0,14997.0,Cash,Mumbai,Store
TXN000222,2025-04-21 08:26:30,CUST0130,P012,Power Bank,Electronics,5,1500.0,5,7125.0,Cash,Mumbai,Online
TXN000223,2025-12-23 00:41:46,CUST0180,P005,Ball Pen Pack,Stationery,4,100.0,5,380.0,UPI,Delhi,Store
TXN000224,2025-09-07 21:47:30,CUST0406,P006,Backpack,Fashion,2,1200.0,25,1800.0,UPI,Chennai,Store
TXN000225,2025-07-17 11:27:22,CUST0186,P001,Wireless Mouse,Electronics,3,599.0,10,1617.3,Card,Pune,Store
TXN000226,2025-10-25 13:05:36,CUST0249,P004,Notebook,Stationery,2,150.0,5,285.0,Card,Mumbai,Store
TXN000227,2025-11-24 22:38:34,CUST0404,P002,Mechanical Keyboard,Electronics,5,3500.0,20,14000.0,UPI,Chennai,Store
TXN000228,2025-12-07 08:34:21,CUST0393,P010,Desk Lamp,Home,2,850.0,20,1360.0,Wallet,Pune,Online
TXN000229,2025-03-12 05:36:23,CUST0426,P012,Power Bank,Electronics,5,1500.0,5,7125.0,Wallet,Mumbai,Store
TXN000230,2025-05-22 11:30:59,CUST0347,P012,Power Bank,Electronics,2,1500.0,15,2550.0,Cash,Chennai,Store
TXN000231,2025-04-01 21:03:55,CUST0274,P004,Notebook,Stationery,3,150.0,15,382.5,Card,Delhi,Store
TXN000232,2025-06-29 07:10:09,CUST0394,P005,Ball Pen Pack,Stationery,4,100.0,20,320.0,Wallet,Pune,Online
TXN000233,2025-11-08 04:16:38,CUST0310,P003,USB-C Cable,Electronics,3,299.0,0,897.0,Wallet,Delhi,Online
TXN000234,2025-10-04 06:44:15,CUST0434,P009,Water Bottle,Home,1,450.0,10,405.0,UPI,Pune,Store
TXN000235,2025-06-24 11:57:31,CUST0464,P009,Water Bottle,Home,2,450.0,15,765.0,UPI,Pune,Store
TXN000236,2025-12-10 13:20:49,CUST0179,P001,Wireless Mouse,Electronics,4,599.0,0,2396.0,Wallet,Hyderabad,Store
TXN000237,2025-04-02 13:36:39,CUST0198,P002,Mechanical Keyboard,Electronics,3,3500.0,5,9975.0,UPI,Delhi,Online
TXN000238,2025-11-22 21:41:23,CUST0366,P011,Smart Watch,Electronics,3,4999.0,5,14247.15,Card,Mumbai,Store
TXN000239,2025-12-23 06:45:07,CUST0425,P008,Coffee Mug,Home,2,250.0,25,375.0,Wallet,Bengaluru,Online
TXN000240,2025-12-18 19:12:13,CUST0041,P001,Wireless Mouse,Electronics,3,599.0,5,1707.15,Card,Hyderabad,Store
TXN000241,2025-02-13 04:20:11,CUST0398,P005,Ball Pen Pack,Stationery,2,100.0,10,180.0,UPI,Mumbai,Online
TXN000242,2025-06-13 01:03:27,CUST0328,P010,Desk Lamp,Home,4,850.0,0,3400.0,UPI,Bengaluru,Online
TXN000243,2025-09-03 10:14:49,CUST0264,P010,Desk Lamp,Home,2,850.0,25,1275.0,Card,Delhi,Store
TXN000244,2025-01-01 14:34:50,CUST0315,P006,Backpack,Fashion,2,1200.0,20,1920.0,Wallet,Pune,Online
TXN000245,2025-07-23 07:13:46,CUST0500,P006,Backpack,Fashion,1,1200.0,20,960.0,UPI,Bengaluru,Store
TXN000246,2025-01-17 21:46:12,CUST0326,P007,Running Shoes,Fashion,3,2500.0,10,6750.0,UPI,Delhi,Online
TXN000247,2025-05-14 21:47:31,CUST0124,P012,Power Bank,Electronics,1,1500.0,20,1200.0,Cash,Pune,Online
TXN000248,2025-05-17 19:39:54,CUST0280,P006,Backpack,Fashion,2,1200.0,25,1800.0,Wallet,Chennai,Store
TXN000249,2025-09-03 08:12:17,CUST0094,P003,USB-C Cable,Electronics,1,299.0,25,224.25,Wallet,Mumbai,Store
TXN000250,2025-03-20 06:57:51,CUST0023,P004,Notebook,Stationery,1,150.0,10,135.0,Cash,Hyderabad,Store
TXN000251,2025-11-13 16:08:07,CUST0279,P008,Coffee Mug,Home,3,250.0,0,750.0,Card,Delhi,Store
TXN000252,2025-12-01 19:42:48,CUST0400,P001,Wireless Mouse,Electronics,3,599.0,10,1617.3,UPI,Delhi,Store
TXN000253,2025-12-12 10:36:54,CUST0205,P012,Power Bank,Electronics,4,1500.0,15,5100.0,Cash,Pune,Store
TXN000254,2025-09-26 18:32:45,CUST0255,P006,Backpack,Fashion,5,1200.0,10,5400.0,UPI,Chennai,Store
TXN000255,2025-01-31 15:39:10,CUST0221,P010,Desk Lamp,Home,2,850.0,20,1360.0,Cash,Delhi,Online
TXN000256,2025-02-01 02:17:46,CUST0168,P011,Smart Watch,Electronics,3,4999.0,10,13497.3,Wallet,Hyderabad,Store
TXN000257,2025-03-06 17:14:30,CUST0354,P008,Coffee Mug,Home,3,250.0,15,637.5,UPI,Chennai,Store
TXN000258,2025-08-27 18:49:52,CUST0223,P005,Ball Pen Pack,Stationery,1,100.0,0,100.0,Wallet,Delhi,Online
TXN000259,2025-01-13 02:15:05,CUST0074,P010,Desk Lamp,Home,4,850.0,0,3400.0,Card,Mumbai,Online
TXN000260,2025-10-30 08:17:21,CUST0331,P006,Backpack,Fashion,3,1200.0,15,3060.0,UPI,Hyderabad,Online
TXN000261,2025-09-21 17:19:01,CUST0231,P006,Backpack,Fashion,3,1200.0,15,3060.0,UPI,Hyderabad,Online
TXN000262,2025-07-25 14:55:25,CUST0188,P007,Running Shoes,Fashion,3,2500.0,25,5625.0,Cash,Pune,Online
TXN000263,2025-01-11 01:31:47,CUST0377,P003,USB-C Cable,Electronics,4,299.0,20,956.8,Wallet,Hyderabad,Online
TXN000264,2025-04-12 15:56:07,CUST0397,P005,Ball Pen Pack,Stationery,4,100.0,5,380.0,Cash,Chennai,Store
TXN000265,2025-03-19 17:47:50,CUST0063,P003,USB-C Cable,Electronics,1,299.0,15,254.15,Card,Chennai,Store
TXN000266,2025-02-04 02:16:08,CUST0415,P011,Smart Watch,Electronics,3,4999.0,25,11247.75,Cash,Chennai,Online
TXN000267,2025-08-02 14:20:41,CUST0278,P005,Ball Pen Pack,Stationery,3,100.0,5,285.0,Card,Delhi,Online
TXN000268,2025-02-17 03:10:48,CUST0103,P003,USB-C Cable,Electronics,2,299.0,15,508.3,UPI,Delhi,Store
TXN000269,2025-07-01 12:32:17,CUST0412,P009,Water Bottle,Home,2,450.0,20,720.0,UPI,Mumbai,Store
TXN000270,2025-06-04 15:07:11,CUST0368,P012,Power Bank,Electronics,4,1500.0,20,4800.0,Wallet,Bengaluru,Online
TXN000271,2025-02-18 16:07:48,CUST0498,P006,Backpack,Fashion,1,1200.0,15,1020.0,Wallet,Chennai,Store
TXN000272,2025-02-19 20:09:54,CUST0450,P009,Water Bottle,Home,5,450.0,5,2137.5,Card,Bengaluru,Online
TXN000273,2025-11-19 21:07:26,CUST0064,P009,Water Bottle,Home,2,450.0,10,810.0,Card,Pune,Store
TXN000274,2025-12-30 00:23:17,CUST0364,P004,Notebook,Stationery,3,150.0,20,360.0,Cash,Mumbai,Store
TXN000275,2025-03-18 05:39:59,CUST0326,P009,Water Bottle,Home,3,450.0,5,1282.5,Cash,Hyderabad,Online
TXN000276,2025-07-15 04:19:16,CUST0329,P003,USB-C Cable,Electronics,5,299.0,20,1196.0,Card,Pune,Store
TXN000277,2025-11-24 04:56:55,CUST0474,P010,Desk Lamp,Home,1,850.0,0,850.0,UPI,Mumbai,Store
TXN000278,2025-09-10 20:58:16,CUST0108,P010,Desk Lamp,Home,4,850.0,20,2720.0,UPI,Bengaluru,Store
TXN000279,2025-09-07 07:00:34,CUST0490,P005,Ball Pen Pack,Stationery,4,100.0,5,380.0,Wallet,Delhi,Store
TXN000280,2025-01-29 08:09:28,CUST0353,P001,Wireless Mouse,Electronics,2,599.0,15,1018.3,Wallet,Bengaluru,Store
TXN000281,2025-03-21 05:37:56,CUST0175,P010,Desk Lamp,Home,2,850.0,10,1530.0,Cash,Chennai,Store
TXN000282,2025-06-04 20:18:29,CUST0067,P006,Backpack,Fashion,5,1200.0,20,4800.0,UPI,Delhi,Online
TXN000283,2025-07-01 03:50:22,CUST0063,P005,Ball Pen Pack,Stationery,4,100.0,5,380.0,Card,Mumbai,Online
TXN000284,2025-04-23 16:58:18,CUST0485,P007,Running Shoes,Fashion,5,2500.0,15,10625.0,Card,Pune,Store
TXN000285,2025-12-29 15:11:42,CUST0296,P012,Power Bank,Electronics,3,1500.0,5,4275.0,Card,Bengaluru,Store
TXN000286,2025-07-13 16:46:38,CUST0451,P005,Ball Pen Pack,Stationery,4,100.0,0,400.0,UPI,Bengaluru,Store
TXN000287,2025-04-04 11:45:12,CUST0111,P010,Desk Lamp,Home,3,850.0,0,2550.0,UPI,Delhi,Store
TXN000288,2025-08-21 01:16:42,CUST0452,P011,Smart Watch,Electronics,4,4999.0,10,17996.4,UPI,Mumbai,Store
TXN000289,2025-02-22 00:21:50,CUST0452,P005,Ball Pen Pack,Stationery,3,100.0,15,255.0,Cash,Mumbai,Store
TXN000290,2025-01-20 20:49:27,CUST0292,P009,Water Bottle,Home,2,450.0,10,810.0,Cash,Mumbai,Store
TXN000291,2025-07-15 20:00:07,CUST0231,P009,Water Bottle,Home,3,450.0,20,1080.0,UPI,Pune,Online
TXN000292,2025-06-02 23:26:55,CUST0192,P006,Backpack,Fashion,5,1200.0,10,5400.0,Card,Pune,Store
TXN000293,2025-07-14 05:03:50,CUST0021,P001,Wireless Mouse,Electronics,1,599.0,5,569.05,Cash,Bengaluru,Store
TXN000294,2025-02-27 20:13:39,CUST0311,P009,Water Bottle,Home,2,450.0,10,810.0,Cash,Pune,Store
TXN000295,2025-08-28 10:12:03,CUST0379,P005,Ball Pen Pack,Stationery,5,100.0,10,450.0,Wallet,Chennai,Store
TXN000296,2025-07-04 10:19:11,CUST0418,P001,Wireless Mouse,Electronics,3,599.0,10,1617.3,UPI,Bengaluru,Store
TXN000297,2025-11-06 10:17:35,CUST0461,P012,Power Bank,Electronics,1,1500.0,20,1200.0,Wallet,Delhi,Online
TXN000298,2025-10-08 03:56:11,CUST0027,P010,Desk Lamp,Home,4,850.0,5,3230.0,Wallet,Pune,Online
TXN000299,2025-01-13 06:15:30,CUST0294,P012,Power Bank,Electronics,1,1500.0,5,1425.0,UPI,Bengaluru,Store
TXN000300,2025-06-12 15:18:55,CUST0078,P007,Running Shoes,Fashion,2,2500.0,15,4250.0,Wallet,Chennai,Online
TXN000301,2025-10-02 02:18:07,CUST0071,P009,Water Bottle,Home,2,450.0,20,720.0,Cash,Chennai,Store
TXN000302,2025-07-24 01:48:07,CUST0193,P006,Backpack,Fashion,2,1200.0,15,2040.0,Cash,Hyderabad,Store
TXN000303,2025-09-20 11:33:06,CUST0396,P012,Power Bank,Electronics,3,1500.0,20,3600.0,Wallet,Pune,Online
TXN000304,2025-04-19 08:31:41,CUST0286,P005,Ball Pen Pack,Stationery,2,100.0,10,180.0,Cash,Chennai,Online
TXN000305,2025-09-26 01:30:08,CUST0361,P008,Coffee Mug,Home,3,250.0,15,637.5,Cash,Hyderabad,Store
TXN000306,2025-04-22 18:23:29,CUST0063,P010,Desk Lamp,Home,5,850.0,15,3612.5,Wallet,Delhi,Online
TXN000307,2025-04-23 19:12:53,CUST0022,P005,Ball Pen Pack,Stationery,1,100.0,10,90.0,Wallet,Chennai,Store
TXN000308,2025-10-18 05:41:58,CUST0246,P004,Notebook,Stationery,2,150.0,20,240.0,Cash,Hyderabad,Store
TXN000309,2025-02-23 07:28:36,CUST0056,P010,Desk Lamp,Home,5,850.0,5,4037.5,Card,Mumbai,Online
TXN000310,2025-09-05 18:04:27,CUST0120,P001,Wireless Mouse,Electronics,1,599.0,15,509.15,Cash,Chennai,Store
TXN000311,2025-02-09 01:08:47,CUST0349,P003,USB-C Cable,Electronics,1,299.0,20,239.2,Card,Bengaluru,Store
TXN000312,2025-07-05 10:08:33,CUST0334,P004,Notebook,Stationery,3,150.0,10,405.0,Cash,Chennai,Online
TXN000313,2025-12-19 14:35:08,CUST0394,P002,Mechanical Keyboard,Electronics,5,3500.0,5,16625.0,UPI,Pune,Store
TXN000314,2025-12-09 15:07:08,CUST0429,P003,USB-C Cable,Electronics,1,299.0,15,254.15,Wallet,Pune,Store
TXN000315,2025-12-07 11:50:19,CUST0020,P001,Wireless Mouse,Electronics,3,599.0,20,1437.6,UPI,Delhi,Store
TXN000316,2025-06-26 10:50:25,CUST0329,P009,Water Bottle,Home,5,450.0,15,1912.5,Card,Hyderabad,Store
TXN000317,2025-04-16 23:01:33,CUST0099,P002,Mechanical Keyboard,Electronics,3,3500.0,5,9975.0,Wallet,Chennai,Store
TXN000318,2025-10-07 01:49:13,CUST0096,P001,Wireless Mouse,Electronics,3,599.0,10,1617.3,Card,Pune,Store
TXN000319,2025-11-18 04:06:13,CUST0219,P009,Water Bottle,Home,3,450.0,0,1350.0,Wallet,Chennai,Online
TXN000320,2025-03-13 18:17:08,CUST0072,P008,Coffee Mug,Home,3,250.0,5,712.5,UPI,Delhi,Store
TXN000321,2025-04-02 11:13:01,CUST0229,P005,Ball Pen Pack,Stationery,3,100.0,10,270.0,UPI,Delhi,Store
TXN000322,2025-09-27 01:04:16,CUST0121,P001,Wireless Mouse,Electronics,1,599.0,15,509.15,Cash,Pune,Store
TXN000323,2025-09-24 10:40:10,CUST0258,P012,Power Bank,Electronics,3,1500.0,25,3375.0,UPI,Chennai,Store
TXN000324,2025-05-23 17:45:26,CUST0315,P004,Notebook,Stationery,2,150.0,5,285.0,Wallet,Pune,Store
TXN000325,2025-10-18 09:23:37,CUST0311,P006,Backpack,Fashion,4,1200.0,25,3600.0,Wallet,Hyderabad,Online
TXN000326,2025-10-23 21:02:46,CUST0127,P011,Smart Watch,Electronics,5,4999.0,0,24995.0,Wallet,Hyderabad,Store
TXN000327,2025-01-31 07:58:12,CUST0470,P010,Desk Lamp,Home,1,850.0,0,850.0,Card,Hyderabad,Online
TXN000328,2025-03-05 21:35:50,CUST0168,P009,Water Bottle,Home,4,450.0,0,1800.0,Card,Chennai,Store
TXN000329,2025-02-05 07:38:15,CUST0461,P009,Water Bottle,Home,4,450.0,0,1800.0,Wallet,Pune,Store
TXN000330,2025-06-27 09:40:13,CUST0289,P001,Wireless Mouse,Electronics,5,599.0,15,2545.75,Cash,Chennai,Online
TXN000331,2025-06-03 18:30:34,CUST0131,P001,Wireless Mouse,Electronics,2,599.0,20,958.4,UPI,Mumbai,Store
TXN000332,2025-05-14 19:14:30,CUST0359,P002,Mechanical Keyboard,Electronics,5,3500.0,0,17500.0,UPI,Bengaluru,Online
TXN000333,2025-04-22 11:52:45,CUST0210,P003,USB-C Cable,Electronics,2,299.0,25,448.5,Wallet,Delhi,Store
TXN000334,2025-06-24 04:40:08,CUST0446,P007,Running Shoes,Fashion,4,2500.0,0,10000.0,Card,Chennai,Store
TXN000335,2025-02-16 01:44:28,CUST0092,P009,Water Bottle,Home,4,450.0,20,1440.0,Card,Chennai,Online
TXN000336,2025-11-21 05:06:05,CUST0002,P001,Wireless Mouse,Electronics,3,599.0,15,1527.45,Wallet,Hyderabad,Store
TXN000337,2025-11-16 18:16:31,CUST0118,P004,Notebook,Stationery,4,150.0,10,540.0,Card,Delhi,Online
TXN000338,2025-12-31 01:17:52,CUST0449,P012,Power Bank,Electronics,1,1500.0,0,1500.0,Wallet,Hyderabad,Online
TXN000339,2025-04-04 11:10:20,CUST0106,P002,Mechanical Keyboard,Electronics,1,3500.0,20,2800.0,UPI,Bengaluru,Online
TXN000340,2025-04-06 01:05:15,CUST0380,P001,Wireless Mouse,Electronics,4,599.0,15,2036.6,Card,Hyderabad,Online
TXN000341,2025-10-20 23:23:03,CUST0443,P001,Wireless Mouse,Electronics,2,599.0,20,958.4,Cash,Pune,Store
TXN000342,2025-08-13 06:27:19,CUST0307,P011,Smart Watch,Electronics,3,4999.0,5,14247.15,Cash,Pune,Online
TXN000343,2025-06-10 14:39:37,CUST0154,P005,Ball Pen Pack,Stationery,1,100.0,20,80.0,Card,Chennai,Store
TXN000344,2025-08-04 20:54:13,CUST0254,P001,Wireless Mouse,Electronics,3,599.0,25,1347.75,Wallet,Hyderabad,Store
TXN000345,2025-09-28 10:03:53,CUST0214,P007,Running Shoes,Fashion,2,2500.0,10,4500.0,Wallet,Pune,Store
TXN000346,2025-04-04 13:59:10,CUST0435,P004,Notebook,Stationery,3,150.0,25,337.5,Card,Bengaluru,Online
TXN000347,2025-08-07 09:49:01,CUST0212,P007,Running Shoes,Fashion,5,2500.0,20,10000.0,Card,Bengaluru,Online
TXN000348,2025-04-10 00:43:54,CUST0105,P006,Backpack,Fashion,1,1200.0,15,1020.0,Cash,Mumbai,Online
TXN000349,2025-01-21 00:21:22,CUST0138,P007,Running Shoes,Fashion,5,2500.0,20,10000.0,UPI,Mumbai,Online
TXN000350,2025-11-09 11:53:14,CUST0390,P010,Desk Lamp,Home,5,850.0,5,4037.5,Wallet,Pune,Store
TXN000351,2025-04-28 17:55:01,CUST0490,P001,Wireless Mouse,Electronics,2,599.0,5,1138.1,UPI,Chennai,Store
TXN000352,2025-12-22 03:12:38,CUST0125,P012,Power Bank,Electronics,5,1500.0,25,5625.0,Card,Bengaluru,Online
TXN000353,2025-08-03 09:45:07,CUST0165,P005,Ball Pen Pack,Stationery,4,100.0,15,340.0,Cash,Delhi,Store
TXN000354,2025-05-20 16:07:50,CUST0263,P008,Coffee Mug,Home,4,250.0,0,1000.0,Wallet,Delhi,Online
TXN000355,2025-05-24 23:13:13,CUST0161,P007,Running Shoes,Fashion,1,2500.0,20,2000.0,Card,Chennai,Online
TXN000356,2025-01-07 07:10:49,CUST0134,P009,Water Bottle,Home,5,450.0,20,1800.0,Wallet,Delhi,Online
TXN000357,2025-03-18 04:38:23,CUST0169,P004,Notebook,Stationery,4,150.0,20,480.0,Card,Bengaluru,Store
TXN000358,2025-04-10 22:27:33,CUST0391,P008,Coffee Mug,Home,4,250.0,15,850.0,Card,Chennai,Store
TXN000359,2025-03-07 17:40:14,CUST0072,P012,Power Bank,Electronics,5,1500.0,15,6375.0,Card,Hyderabad,Online
TXN000360,2025-07-23 11:30:57,CUST0018,P002,Mechanical Keyboard,Electronics,1,3500.0,0,3500.0,Wallet,Pune,Online
TXN000361,2025-01-27 09:30:25,CUST0363,P003,USB-C Cable,Electronics,1,299.0,5,284.05,Wallet,Delhi,Online
TXN000362,2025-08-28 22:38:30,CUST0327,P011,Smart Watch,Electronics,5,4999.0,15,21245.75,Wallet,Mumbai,Online
TXN000363,2025-07-26 16:34:47,CUST0283,P007,Running Shoes,Fashion,1,2500.0,0,2500.0,Cash,Hyderabad,Store
TXN000364,2025-01-07 15:46:50,CUST0258,P012,Power Bank,Electronics,4,1500.0,5,5700.0,UPI,Mumbai,Online
TXN000365,2025-04-04 13:59:32,CUST0099,P010,Desk Lamp,Home,5,850.0,10,3825.0,Cash,Delhi,Store
TXN000366,2025-01-31 16:30:45,CUST0192,P007,Running Shoes,Fashion,4,2500.0,20,8000.0,Card,Chennai,Online
TXN000367,2025-04-27 11:57:58,CUST0351,P002,Mechanical Keyboard,Electronics,1,3500.0,0,3500.0,Wallet,Bengaluru,Store
TXN000368,2025-08-03 15:33:02,CUST0244,P001,Wireless Mouse,Electronics,1,599.0,25,449.25,Card,Mumbai,Store
TXN000369,2025-11-25 07:02:41,CUST0223,P011,Smart Watch,Electronics,3,4999.0,20,11997.6,UPI,Hyderabad,Online
TXN000370,2025-03-31 05:34:44,CUST0109,P012,Power Bank,Electronics,5,1500.0,15,6375.0,Cash,Mumbai,Online
TXN000371,2025-09-23 19:20:17,CUST0474,P005,Ball Pen Pack,Stationery,5,100.0,20,400.0,UPI,Pune,Store
TXN000372,2025-01-07 01:56:38,CUST0493,P004,Notebook,Stationery,5,150.0,5,712.5,Wallet,Mumbai,Store
TXN000373,2025-03-05 02:08:45,CUST0289,P004,Notebook,Stationery,5,150.0,15,637.5,Cash,Bengaluru,Online
TXN000374,2025-11-03 23:58:34,CUST0353,P012,Power Bank,Electronics,1,1500.0,20,1200.0,Cash,Mumbai,Online
TXN000375,2025-06-19 17:57:28,CUST0119,P002,Mechanical Keyboard,Electronics,3,3500.0,20,8400.0,Wallet,Delhi,Online
TXN000376,2025-09-04 06:27:15,CUST0140,P008,Coffee Mug,Home,4,250.0,5,950.0,Cash,Hyderabad,Store
TXN000377,2025-06-17 17:06:52,CUST0096,P011,Smart Watch,Electronics,5,4999.0,25,18746.25,Wallet,Mumbai,Store
TXN000378,2025-11-06 22:24:48,CUST0127,P012,Power Bank,Electronics,1,1500.0,0,1500.0,Cash,Pune,Store
TXN000379,2025-10-04 09:18:42,CUST0402,P011,Smart Watch,Electronics,2,4999.0,25,7498.5,Wallet,Delhi,Store
TXN000380,2025-02-11 09:07:35,CUST0047,P001,Wireless Mouse,Electronics,3,599.0,15,1527.45,Cash,Delhi,Online
TXN000381,2025-02-21 11:03:17,CUST0045,P003,USB-C Cable,Electronics,4,299.0,15,1016.6,Wallet,Mumbai,Online
TXN000382,2025-02-04 19:18:29,CUST0182,P009,Water Bottle,Home,1,450.0,20,360.0,Cash,Bengaluru,Online
TXN000383,2025-04-24 08:12:52,CUST0212,P007,Running Shoes,Fashion,1,2500.0,25,1875.0,Card,Hyderabad,Online
TXN000384,2025-09-24 03:36:28,CUST0195,P003,USB-C Cable,Electronics,2,299.0,10,538.2,Cash,Delhi,Store
TXN000385,2025-02-26 16:12:40,CUST0033,P003,USB-C Cable,Electronics,4,299.0,10,1076.4,Wallet,Delhi,Store
TXN000386,2025-10-31 22:58:54,CUST0040,P006,Backpack,Fashion,3,1200.0,5,3420.0,Wallet,Hyderabad,Online
TXN000387,2025-06-27 19:34:47,CUST0055,P003,USB-C Cable,Electronics,3,299.0,0,897.0,Wallet,Delhi,Store
TXN000388,2025-11-09 06:32:08,CUST0442,P006,Backpack,Fashion,4,1200.0,10,4320.0,Wallet,Chennai,Online
TXN000389,2025-04-27 16:15:35,CUST0165,P010,Desk Lamp,Home,2,850.0,15,1445.0,Cash,Pune,Store
TXN000390,2025-05-04 22:34:43,CUST0150,P012,Power Bank,Electronics,4,1500.0,20,4800.0,Card,Delhi,Store
TXN000391,2025-04-19 20:35:12,CUST0419,P007,Running Shoes,Fashion,3,2500.0,0,7500.0,Card,Hyderabad,Online
TXN000392,2025-09-22 18:01:20,CUST0394,P009,Water Bottle,Home,1,450.0,25,337.5,Wallet,Chennai,Online
TXN000393,2025-06-20 06:41:46,CUST0409,P005,Ball Pen Pack,Stationery,1,100.0,15,85.0,Wallet,Pune,Store
TXN000394,2025-04-04 23:48:02,CUST0130,P011,Smart Watch,Electronics,2,4999.0,25,7498.5,Wallet,Bengaluru,Online
TXN000395,2025-06-24 09:36:18,CUST0307,P008,Coffee Mug,Home,5,250.0,15,1062.5,Wallet,Hyderabad,Online
TXN000396,2025-11-04 02:03:11,CUST0496,P006,Backpack,Fashion,5,1200.0,20,4800.0,UPI,Mumbai,Online
TXN000397,2025-09-13 09:17:29,CUST0341,P006,Backpack,Fashion,2,1200.0,25,1800.0,UPI,Hyderabad,Store
TXN000398,2025-10-20 07:30:43,CUST0170,P007,Running Shoes,Fashion,1,2500.0,0,2500.0,UPI,Delhi,Online
TXN000399,2025-07-18 07:50:51,CUST0383,P009,Water Bottle,Home,5,450.0,20,1800.0,Card,Bengaluru,Store
TXN000400,2025-06-01 21:38:04,CUST0238,P011,Smart Watch,Electronics,5,4999.0,25,18746.25,Card,Delhi,Online
TXN000401,2025-07-07 11:45:09,CUST0054,P005,Ball Pen Pack,Stationery,4,100.0,0,400.0,UPI,Chennai,Online
TXN000402,2025-05-16 06:39:30,CUST0160,P006,Backpack,Fashion,4,1200.0,5,4560.0,Wallet,Delhi,Store
TXN000403,2025-02-07 21:54:45,CUST0225,P012,Power Bank,Electronics,4,1500.0,10,5400.0,UPI,Delhi,Online
TXN000404,2025-11-11 15:28:48,CUST0364,P002,Mechanical Keyboard,Electronics,1,3500.0,10,3150.0,UPI,Chennai,Online
TXN000405,2025-12-28 03:30:19,CUST0380,P004,Notebook,Stationery,5,150.0,5,712.5,Card,Delhi,Store
TXN000406,2025-06-29 10:39:24,CUST0119,P007,Running Shoes,Fashion,2,2500.0,5,4750.0,Wallet,Bengaluru,Online
TXN000407,2025-10-14 08:57:27,CUST0315,P004,Notebook,Stationery,4,150.0,20,480.0,Wallet,Bengaluru,Online
TXN000408,2025-10-01 16:36:43,CUST0110,P004,Notebook,Stationery,3,150.0,25,337.5,UPI,Hyderabad,Online
TXN000409,2025-11-07 11:54:07,CUST0447,P009,Water Bottle,Home,2,450.0,10,810.0,Cash,Pune,Store
TXN000410,2025-02-14 06:08:14,CUST0135,P011,Smart Watch,Electronics,4,4999.0,20,15996.8,Cash,Hyderabad,Store
TXN000411,2025-08-26 09:48:26,CUST0201,P010,Desk Lamp,Home,1,850.0,10,765.0,Cash,Bengaluru,Online
TXN000412,2025-11-13 00:35:24,CUST0345,P012,Power Bank,Electronics,3,1500.0,20,3600.0,UPI,Chennai,Online
TXN000413,2025-05-02 15:06:09,CUST0061,P004,Notebook,Stationery,3,150.0,0,450.0,Card,Delhi,Online
TXN000414,2025-07-18 09:13:58,CUST0199,P007,Running Shoes,Fashion,5,2500.0,5,11875.0,Wallet,Bengaluru,Online
TXN000415,2025-07-09 00:05:42,CUST0326,P009,Water Bottle,Home,2,450.0,20,720.0,Card,Bengaluru,Store
TXN000416,2025-02-24 11:39:30,CUST0096,P006,Backpack,Fashion,4,1200.0,20,3840.0,UPI,Delhi,Online
TXN000417,2025-07-08 04:52:57,CUST0070,P004,Notebook,Stationery,4,150.0,20,480.0,Wallet,Bengaluru,Store
TXN000418,2025-06-11 09:57:23,CUST0364,P008,Coffee Mug,Home,4,250.0,5,950.0,UPI,Hyderabad,Online
TXN000419,2025-11-06 02:08:51,CUST0390,P004,Notebook,Stationery,3,150.0,0,450.0,Cash,Pune,Store
TXN000420,2025-03-07 07:49:16,CUST0400,P008,Coffee Mug,Home,5,250.0,25,937.5,Wallet,Hyderabad,Online
TXN000421,2025-08-11 10:04:54,CUST0059,P005,Ball Pen Pack,Stationery,5,100.0,10,450.0,UPI,Chennai,Store
TXN000422,2025-08-01 04:22:53,CUST0112,P007,Running Shoes,Fashion,1,2500.0,25,1875.0,Card,Delhi,Online
TXN000423,2025-06-24 15:48:33,CUST0135,P006,Backpack,Fashion,1,1200.0,15,1020.0,UPI,Pune,Online
TXN000424,2025-11-11 20:17:49,CUST0378,P010,Desk Lamp,Home,3,850.0,25,1912.5,Wallet,Pune,Online
TXN000425,2025-11-01 19:19:32,CUST0106,P004,Notebook,Stationery,1,150.0,20,120.0,Cash,Hyderabad,Store
TXN000426,2025-08-20 19:07:00,CUST0276,P003,USB-C Cable,Electronics,3,299.0,25,672.75,Cash,Delhi,Store
TXN000427,2025-11-30 05:17:47,CUST0264,P011,Smart Watch,Electronics,1,4999.0,5,4749.05,Wallet,Mumbai,Store
TXN000428,2025-12-03 17:28:09,CUST0336,P003,USB-C Cable,Electronics,2,299.0,5,568.1,Card,Chennai,Store
TXN000429,2025-11-18 18:00:36,CUST0127,P011,Smart Watch,Electronics,4,4999.0,15,16996.6,Card,Hyderabad,Store
TXN000430,2025-09-01 19:38:22,CUST0213,P007,Running Shoes,Fashion,4,2500.0,0,10000.0,UPI,Bengaluru,Store
TXN000431,2025-09-27 19:06:25,CUST0480,P006,Backpack,Fashion,4,1200.0,15,4080.0,Cash,Hyderabad,Online
TXN000432,2025-12-04 10:48:26,CUST0397,P012,Power Bank,Electronics,1,1500.0,25,1125.0,Wallet,Chennai,Store
TXN000433,2025-11-27 03:33:52,CUST0033,P009,Water Bottle,Home,4,450.0,5,1710.0,Wallet,Pune,Store
TXN000434,2025-04-15 06:56:41,CUST0166,P005,Ball Pen Pack,Stationery,3,100.0,20,240.0,Card,Hyderabad,Store
TXN000435,2025-11-03 03:31:21,CUST0176,P011,Smart Watch,Electronics,1,4999.0,0,4999.0,UPI,Chennai,Store
TXN000436,2025-01-07 07:45:11,CUST0064,P003,USB-C Cable,Electronics,4,299.0,15,1016.6,UPI,Bengaluru,Online
TXN000437,2025-09-25 10:08:29,CUST0466,P003,USB-C Cable,Electronics,3,299.0,5,852.15,Cash,Mumbai,Store
TXN000438,2025-04-08 05:47:50,CUST0043,P006,Backpack,Fashion,2,1200.0,0,2400.0,Wallet,Chennai,Store
TXN000439,2025-10-09 22:42:07,CUST0359,P004,Notebook,Stationery,4,150.0,25,450.0,UPI,Chennai,Online
TXN000440,2025-01-01 10:07:30,CUST0110,P008,Coffee Mug,Home,1,250.0,5,237.5,Card,Hyderabad,Store
TXN000441,2025-01-04 14:33:38,CUST0005,P012,Power Bank,Electronics,3,1500.0,0,4500.0,Wallet,Chennai,Online
TXN000442,2025-07-05 12:29:20,CUST0037,P004,Notebook,Stationery,4,150.0,0,600.0,UPI,Mumbai,Store
TXN000443,2025-05-23 17:55:23,CUST0452,P005,Ball Pen Pack,Stationery,2,100.0,15,170.0,Card,Chennai,Online
TXN000444,2025-01-27 13:38:32,CUST0272,P010,Desk Lamp,Home,1,850.0,20,680.0,Card,Bengaluru,Store
TXN000445,2025-10-08 13:33:16,CUST0110,P011,Smart Watch,Electronics,2,4999.0,15,8498.3,Wallet,Pune,Online
TXN000446,2025-12-15 04:51:07,CUST0052,P003,USB-C Cable,Electronics,1,299.0,20,239.2,Wallet,Delhi,Store
TXN000447,2025-05-03 03:23:11,CUST0406,P003,USB-C Cable,Electronics,2,299.0,10,538.2,UPI,Pune,Store
TXN000448,2025-10-30 12:31:24,CUST0482,P012,Power Bank,Electronics,1,1500.0,25,1125.0,Cash,Pune,Online
TXN000449,2025-10-18 10:24:28,CUST0201,P005,Ball Pen Pack,Stationery,1,100.0,5,95.0,Wallet,Bengaluru,Online
TXN000450,2025-04-04 15:02:41,CUST0256,P011,Smart Watch,Electronics,5,4999.0,0,24995.0,UPI,Delhi,Store
TXN000451,2025-02-21 06:10:10,CUST0199,P010,Desk Lamp,Home,4,850.0,10,3060.0,Card,Bengaluru,Online
TXN000452,2025-01-07 11:33:23,CUST0301,P002,Mechanical Keyboard,Electronics,1,3500.0,10,3150.0,Card,Mumbai,Online
TXN000453,2025-11-03 12:42:57,CUST0204,P009,Water Bottle,Home,3,450.0,25,1012.5,Wallet,Bengaluru,Store
TXN000454,2025-02-02 00:16:58,CUST0328,P009,Water Bottle,Home,5,450.0,20,1800.0,Card,Delhi,Online
TXN000455,2025-05-01 08:32:29,CUST0041,P009,Water Bottle,Home,2,450.0,5,855.0,Cash,Bengaluru,Online
TXN000456,2025-05-01 10:59:21,CUST0358,P007,Running Shoes,Fashion,2,2500.0,0,5000.0,Card,Mumbai,Store
TXN000457,2025-02-15 01:04:23,CUST0233,P010,Desk Lamp,Home,5,850.0,0,4250.0,Cash,Chennai,Online
TXN000458,2025-02-16 09:17:22,CUST0007,P012,Power Bank,Electronics,2,1500.0,25,2250.0,UPI,Pune,Store
TXN000459,2025-05-15 15:31:33,CUST0268,P009,Water Bottle,Home,3,450.0,5,1282.5,Cash,Pune,Store
TXN000460,2025-10-12 15:27:25,CUST0454,P002,Mechanical Keyboard,Electronics,1,3500.0,10,3150.0,Wallet,Delhi,Online
TXN000461,2025-04-13 02:52:06,CUST0365,P010,Desk Lamp,Home,1,850.0,15,722.5,Wallet,Hyderabad,Store
TXN000462,2025-01-22 12:43:47,CUST0256,P010,Desk Lamp,Home,2,850.0,10,1530.0,Card,Delhi,Online
TXN000463,2025-12-14 07:11:08,CUST0294,P011,Smart Watch,Electronics,1,4999.0,5,4749.05,UPI,Mumbai,Online
TXN000464,2025-04-05 23:23:05,CUST0024,P008,Coffee Mug,Home,3,250.0,15,637.5,Card,Pune,Online
TXN000465,2025-08-03 17:04:23,CUST0412,P012,Power Bank,Electronics,4,1500.0,5,5700.0,Cash,Pune,Store
TXN000466,2025-12-22 16:23:06,CUST0369,P006,Backpack,Fashion,3,1200.0,0,3600.0,Cash,Mumbai,Online
TXN000467,2025-03-11 15:36:37,CUST0115,P009,Water Bottle,Home,1,450.0,15,382.5,UPI,Bengaluru,Store
TXN000468,2025-10-28 09:47:55,CUST0433,P005,Ball Pen Pack,Stationery,3,100.0,0,300.0,Wallet,Mumbai,Store
TXN000469,2025-03-19 22:23:26,CUST0150,P010,Desk Lamp,Home,3,850.0,25,1912.5,Card,Bengaluru,Store
TXN000470,2025-08-18 18:57:33,CUST0498,P008,Coffee Mug,Home,2,250.0,25,375.0,Card,Pune,Online
TXN000471,2025-12-29 02:34:29,CUST0210,P001,Wireless Mouse,Electronics,2,599.0,20,958.4,Cash,Chennai,Online
TXN000472,2025-05-11 02:35:17,CUST0001,P011,Smart Watch,Electronics,4,4999.0,25,14997.0,Cash,Mumbai,Online
TXN000473,2025-07-25 18:13:44,CUST0122,P007,Running Shoes,Fashion,4,2500.0,0,10000.0,Card,Chennai,Store
TXN000474,2025-02-06 03:04:16,CUST0023,P004,Notebook,Stationery,5,150.0,15,637.5,Cash,Bengaluru,Online
TXN000475,2025-08-14 13:10:28,CUST0049,P009,Water Bottle,Home,2,450.0,25,675.0,Wallet,Mumbai,Online
TXN000476,2025-06-18 22:20:03,CUST0340,P003,USB-C Cable,Electronics,2,299.0,10,538.2,Cash,Delhi,Store
TXN000477,2025-09-30 03:14:09,CUST0426,P012,Power Bank,Electronics,3,1500.0,10,4050.0,Wallet,Delhi,Online
TXN000478,2025-01-30 00:08:14,CUST0484,P004,Notebook,Stationery,2,150.0,20,240.0,UPI,Pune,Online
TXN000479,2025-03-05 20:05:09,CUST0231,P008,Coffee Mug,Home,3,250.0,15,637.5,UPI,Hyderabad,Store
TXN000480,2025-10-27 04:03:32,CUST0107,P008,Coffee Mug,Home,3,250.0,15,637.5,Cash,Mumbai,Online
TXN000481,2025-03-03 05:04:54,CUST0414,P011,Smart Watch,Electronics,3,4999.0,25,11247.75,UPI,Pune,Store
TXN000482,2025-02-27 14:28:40,CUST0047,P012,Power Bank,Electronics,2,1500.0,10,2700.0,Wallet,Hyderabad,Online
TXN000483,2025-09-20 23:48:23,CUST0154,P005,Ball Pen Pack,Stationery,2,100.0,0,200.0,Wallet,Bengaluru,Online
TXN000484,2025-02-06 18:54:12,CUST0237,P002,Mechanical Keyboard,Electronics,2,3500.0,0,7000.0,UPI,Mumbai,Online
TXN000485,2025-02-20 18:21:15,CUST0102,P007,Running Shoes,Fashion,3,2500.0,25,5625.0,UPI,Hyderabad,Store
TXN000486,2025-12-23 07:03:14,CUST0417,P002,Mechanical Keyboard,Electronics,1,3500.0,0,3500.0,Card,Chennai,Store
TXN000487,2025-11-11 07:12:37,CUST0066,P002,Mechanical Keyboard,Electronics,3,3500.0,0,10500.0,UPI,Bengaluru,Online
TXN000488,2025-03-07 05:46:22,CUST0474,P010,Desk Lamp,Home,4,850.0,25,2550.0,Wallet,Bengaluru,Online
TXN000489,2025-05-29 15:17:48,CUST0350,P007,Running Shoes,Fashion,2,2500.0,10,4500.0,Card,Pune,Store
TXN000490,2025-04-19 16:26:00,CUST0229,P003,USB-C Cable,Electronics,1,299.0,20,239.2,Card,Chennai,Store
TXN000491,2025-07-13 18:00:24,CUST0211,P009,Water Bottle,Home,4,450.0,0,1800.0,UPI,Delhi,Store
TXN000492,2025-02-23 07:07:56,CUST0215,P004,Notebook,Stationery,5,150.0,5,712.5,UPI,Bengaluru,Store
TXN000493,2025-07-06 06:58:58,CUST0279,P008,Coffee Mug,Home,3,250.0,20,600.0,Cash,Bengaluru,Store
TXN000494,2025-03-11 20:00:19,CUST0014,P006,Backpack,Fashion,5,1200.0,5,5700.0,UPI,Delhi,Online
TXN000495,2025-11-11 01:12:01,CUST0242,P009,Water Bottle,Home,3,450.0,20,1080.0,Card,Pune,Online
TXN000496,2025-04-07 06:11:42,CUST0337,P004,Notebook,Stationery,3,150.0,20,360.0,UPI,Pune,Store
TXN000497,2025-05-18 19:01:07,CUST0479,P003,USB-C Cable,Electronics,2,299.0,5,568.1,Cash,Chennai,Store
TXN000498,2025-12-21 22:54:39,CUST0303,P001,Wireless Mouse,Electronics,3,599.0,20,1437.6,Card,Hyderabad,Online
TXN000499,2025-11-21 22:34:47,CUST0415,P008,Coffee Mug,Home,5,250.0,10,1125.0,Card,Bengaluru,Online
TXN000500,2025-02-05 01:15:35,CUST0029,P004,Notebook,Stationery,5,150.0,5,712.5,UPI,Hyderabad,Store
TXN000501,2025-01-01 06:22:14,CUST0170,P010,Desk Lamp,Home,2,850.0,5,1615.0,Cash,Chennai,Online
TXN000502,2025-12-23 19:39:27,CUST0411,P006,Backpack,Fashion,1,1200.0,0,1200.0,Card,Hyderabad,Online
TXN000503,2025-10-28 17:37:08,CUST0057,P009,Water Bottle,Home,3,450.0,0,1350.0,Cash,Chennai,Store
TXN000504,2025-08-16 14:04:16,CUST0052,P006,Backpack,Fashion,3,1200.0,10,3240.0,Card,Pune,Store
TXN000505,2025-11-04 12:30:26,CUST0328,P008,Coffee Mug,Home,3,250.0,5,712.5,Cash,Pune,Online
TXN000506,2025-05-27 22:47:43,CUST0158,P012,Power Bank,Electronics,3,1500.0,5,4275.0,Card,Chennai,Online
TXN000507,2025-09-30 15:11:34,CUST0486,P010,Desk Lamp,Home,4,850.0,20,2720.0,UPI,Pune,Store
TXN000508,2025-12-24 16:41:54,CUST0415,P010,Desk Lamp,Home,2,850.0,25,1275.0,UPI,Bengaluru,Online
TXN000509,2025-05-09 14:42:48,CUST0382,P002,Mechanical Keyboard,Electronics,2,3500.0,10,6300.0,Cash,Pune,Online
TXN000510,2025-11-16 02:26:35,CUST0363,P011,Smart Watch,Electronics,3,4999.0,15,12747.45,UPI,Delhi,Online
TXN000511,2025-04-07 21:53:21,CUST0355,P002,Mechanical Keyboard,Electronics,3,3500.0,10,9450.0,UPI,Chennai,Online
TXN000512,2025-01-19 16:46:00,CUST0198,P008,Coffee Mug,Home,4,250.0,5,950.0,Wallet,Bengaluru,Store
TXN000513,2025-05-17 09:42:42,CUST0280,P007,Running Shoes,Fashion,1,2500.0,15,2125.0,Card,Pune,Store
TXN000514,2025-01-29 15:01:16,CUST0410,P001,Wireless Mouse,Electronics,3,599.0,0,1797.0,Cash,Delhi,Online
TXN000515,2025-01-29 19:35:52,CUST0176,P003,USB-C Cable,Electronics,4,299.0,5,1136.2,UPI,Hyderabad,Online
TXN000516,2025-05-12 05:55:39,CUST0305,P010,Desk Lamp,Home,4,850.0,25,2550.0,UPI,Bengaluru,Online
TXN000517,2025-08-24 20:36:37,CUST0456,P007,Running Shoes,Fashion,2,2500.0,0,5000.0,UPI,Delhi,Online
TXN000518,2025-03-15 18:46:53,CUST0210,P012,Power Bank,Electronics,5,1500.0,25,5625.0,Cash,Chennai,Store
TXN000519,2025-04-26 11:58:29,CUST0122,P002,Mechanical Keyboard,Electronics,1,3500.0,15,2975.0,Wallet,Pune,Online
TXN000520,2025-05-21 03:10:09,CUST0002,P007,Running Shoes,Fashion,1,2500.0,10,2250.0,Wallet,Pune,Online
TXN000521,2025-01-10 23:52:26,CUST0106,P003,USB-C Cable,Electronics,3,299.0,0,897.0,Wallet,Mumbai,Store
TXN000522,2025-11-01 19:34:47,CUST0204,P008,Coffee Mug,Home,4,250.0,25,750.0,Cash,Mumbai,Store
TXN000523,2025-03-13 19:13:04,CUST0190,P007,Running Shoes,Fashion,3,2500.0,5,7125.0,Wallet,Mumbai,Store
TXN000524,2025-06-20 18:40:40,CUST0239,P005,Ball Pen Pack,Stationery,2,100.0,10,180.0,UPI,Pune,Online
TXN000525,2025-02-03 06:51:00,CUST0343,P006,Backpack,Fashion,5,1200.0,15,5100.0,Card,Hyderabad,Online
TXN000526,2025-11-23 12:47:51,CUST0199,P009,Water Bottle,Home,4,450.0,20,1440.0,Wallet,Hyderabad,Online
TXN000527,2025-07-04 23:05:10,CUST0154,P002,Mechanical Keyboard,Electronics,4,3500.0,25,10500.0,UPI,Hyderabad,Online
TXN000528,2025-02-16 17:06:29,CUST0487,P008,Coffee Mug,Home,2,250.0,5,475.0,Card,Pune,Online
TXN000529,2025-01-17 13:46:05,CUST0217,P002,Mechanical Keyboard,Electronics,4,3500.0,5,13300.0,Card,Hyderabad,Store
TXN000530,2025-05-05 04:16:52,CUST0467,P012,Power Bank,Electronics,1,1500.0,0,1500.0,Wallet,Hyderabad,Store
TXN000531,2025-08-03 09:31:04,CUST0167,P005,Ball Pen Pack,Stationery,5,100.0,15,425.0,UPI,Chennai,Store
TXN000532,2025-02-13 16:45:05,CUST0213,P003,USB-C Cable,Electronics,2,299.0,20,478.4,UPI,Mumbai,Online
TXN000533,2025-11-02 03:40:48,CUST0147,P009,Water Bottle,Home,3,450.0,15,1147.5,Cash,Bengaluru,Store
TXN000534,2025-08-11 03:38:34,CUST0312,P008,Coffee Mug,Home,1,250.0,5,237.5,Cash,Bengaluru,Online
TXN000535,2025-08-29 02:27:22,CUST0312,P011,Smart Watch,Electronics,4,4999.0,0,19996.0,Wallet,Delhi,Online
TXN000536,2025-01-20 03:25:30,CUST0382,P008,Coffee Mug,Home,3,250.0,10,675.0,UPI,Delhi,Store
TXN000537,2025-05-01 18:15:27,CUST0144,P008,Coffee Mug,Home,1,250.0,5,237.5,Card,Delhi,Store
TXN000538,2025-10-28 14:29:27,CUST0423,P006,Backpack,Fashion,3,1200.0,25,2700.0,Wallet,Hyderabad,Online
TXN000539,2025-03-14 23:41:15,CUST0227,P004,Notebook,Stationery,4,150.0,25,450.0,Wallet,Hyderabad,Store
TXN000540,2025-11-15 20:26:12,CUST0029,P009,Water Bottle,Home,2,450.0,0,900.0,Cash,Chennai,Store
TXN000541,2025-02-22 16:20:52,CUST0400,P009,Water Bottle,Home,5,450.0,0,2250.0,Card,Pune,Online
TXN000542,2025-11-22 01:11:17,CUST0030,P004,Notebook,Stationery,1,150.0,15,127.5,UPI,Delhi,Online
TXN000543,2025-04-17 09:39:19,CUST0189,P008,Coffee Mug,Home,5,250.0,15,1062.5,UPI,Chennai,Online
TXN000544,2025-04-04 23:01:35,CUST0191,P008,Coffee Mug,Home,5,250.0,15,1062.5,Card,Bengaluru,Store
TXN000545,2025-05-14 16:37:59,CUST0084,P005,Ball Pen Pack,Stationery,1,100.0,10,90.0,UPI,Bengaluru,Online
TXN000546,2025-03-05 06:24:25,CUST0438,P010,Desk Lamp,Home,2,850.0,5,1615.0,Card,Chennai,Online
TXN000547,2025-04-15 12:02:26,CUST0334,P007,Running Shoes,Fashion,5,2500.0,0,12500.0,UPI,Bengaluru,Online
TXN000548,2025-09-09 09:56:24,CUST0089,P010,Desk Lamp,Home,1,850.0,5,807.5,Cash,Hyderabad,Store
TXN000549,2025-10-04 19:13:22,CUST0496,P012,Power Bank,Electronics,3,1500.0,15,3825.0,Wallet,Delhi,Store
TXN000550,2025-04-08 20:47:53,CUST0112,P008,Coffee Mug,Home,3,250.0,25,562.5,Wallet,Hyderabad,Online
TXN000551,2025-01-03 20:29:03,CUST0262,P011,Smart Watch,Electronics,3,4999.0,20,11997.6,Cash,Delhi,Online
TXN000552,2025-07-07 02:07:39,CUST0033,P006,Backpack,Fashion,3,1200.0,25,2700.0,Cash,Delhi,Store
TXN000553,2025-09-12 19:28:40,CUST0365,P011,Smart Watch,Electronics,3,4999.0,5,14247.15,Card,Hyderabad,Online
TXN000554,2025-12-16 09:41:27,CUST0030,P010,Desk Lamp,Home,4,850.0,25,2550.0,Cash,Chennai,Online
TXN000555,2025-10-08 02:50:48,CUST0014,P011,Smart Watch,Electronics,4,4999.0,10,17996.4,Cash,Bengaluru,Store
TXN000556,2025-05-31 18:59:04,CUST0378,P001,Wireless Mouse,Electronics,5,599.0,25,2246.25,Card,Delhi,Online
TXN000557,2025-09-24 12:56:54,CUST0274,P011,Smart Watch,Electronics,4,4999.0,25,14997.0,Cash,Hyderabad,Store
TXN000558,2025-11-25 07:52:42,CUST0088,P011,Smart Watch,Electronics,5,4999.0,5,23745.25,Cash,Mumbai,Store
TXN000559,2025-02-19 16:31:32,CUST0380,P005,Ball Pen Pack,Stationery,5,100.0,5,475.0,Cash,Chennai,Online
TXN000560,2025-03-28 07:33:10,CUST0182,P004,Notebook,Stationery,3,150.0,15,382.5,Cash,Delhi,Store
TXN000561,2025-08-16 09:54:52,CUST0151,P008,Coffee Mug,Home,1,250.0,15,212.5,UPI,Chennai,Online
TXN000562,2025-07-03 09:24:23,CUST0456,P004,Notebook,Stationery,5,150.0,0,750.0,Wallet,Hyderabad,Store
TXN000563,2025-06-10 10:26:19,CUST0028,P003,USB-C Cable,Electronics,2,299.0,5,568.1,Cash,Bengaluru,Store
TXN000564,2025-02-25 14:56:45,CUST0162,P012,Power Bank,Electronics,2,1500.0,0,3000.0,Wallet,Delhi,Online
TXN000565,2025-05-02 17:13:51,CUST0325,P001,Wireless Mouse,Electronics,1,599.0,15,509.15,Cash,Pune,Online
TXN000566,2025-08-12 19:18:31,CUST0392,P003,USB-C Cable,Electronics,4,299.0,0,1196.0,Card,Hyderabad,Store
TXN000567,2025-09-04 00:31:54,CUST0220,P007,Running Shoes,Fashion,4,2500.0,15,8500.0,Wallet,Mumbai,Online
TXN000568,2025-07-27 07:12:52,CUST0103,P012,Power Bank,Electronics,3,1500.0,0,4500.0,Cash,Hyderabad,Online
TXN000569,2025-01-07 22:59:25,CUST0347,P001,Wireless Mouse,Electronics,2,599.0,5,1138.1,Cash,Delhi,Online
TXN000570,2025-02-09 21:18:36,CUST0197,P009,Water Bottle,Home,5,450.0,10,2025.0,Card,Mumbai,Online
TXN000571,2025-04-26 19:26:47,CUST0486,P005,Ball Pen Pack,Stationery,4,100.0,25,300.0,Cash,Bengaluru,Online
TXN000572,2025-05-14 02:30:05,CUST0462,P008,Coffee Mug,Home,3,250.0,5,712.5,Card,Bengaluru,Online
TXN000573,2025-03-30 17:00:45,CUST0115,P012,Power Bank,Electronics,2,1500.0,5,2850.0,UPI,Hyderabad,Online
TXN000574,2025-02-17 19:57:10,CUST0188,P012,Power Bank,Electronics,1,1500.0,15,1275.0,Cash,Hyderabad,Online
TXN000575,2025-08-19 15:46:24,CUST0025,P011,Smart Watch,Electronics,1,4999.0,25,3749.25,UPI,Mumbai,Online
TXN000576,2025-06-11 20:37:47,CUST0228,P007,Running Shoes,Fashion,1,2500.0,20,2000.0,Cash,Bengaluru,Online
TXN000577,2025-03-21 19:21:05,CUST0356,P011,Smart Watch,Electronics,1,4999.0,10,4499.1,Wallet,Chennai,Online
TXN000578,2025-09-15 06:47:19,CUST0267,P005,Ball Pen Pack,Stationery,5,100.0,20,400.0,Card,Bengaluru,Online
TXN000579,2025-07-18 16:18:56,CUST0369,P010,Desk Lamp,Home,1,850.0,10,765.0,UPI,Mumbai,Store
TXN000580,2025-03-19 03:31:15,CUST0312,P004,Notebook,Stationery,3,150.0,20,360.0,Card,Delhi,Store
TXN000581,2025-04-25 16:52:21,CUST0083,P001,Wireless Mouse,Electronics,5,599.0,15,2545.75,Card,Chennai,Store
TXN000582,2025-05-09 09:26:56,CUST0121,P001,Wireless Mouse,Electronics,1,599.0,25,449.25,UPI,Mumbai,Store
TXN000583,2025-02-27 22:07:38,CUST0487,P002,Mechanical Keyboard,Electronics,5,3500.0,0,17500.0,UPI,Delhi,Online
TXN000584,2025-06-27 09:13:48,CUST0152,P005,Ball Pen Pack,Stationery,4,100.0,0,400.0,UPI,Pune,Online
TXN000585,2025-11-27 23:32:00,CUST0149,P006,Backpack,Fashion,3,1200.0,15,3060.0,UPI,Mumbai,Online
TXN000586,2025-01-04 18:09:09,CUST0437,P003,USB-C Cable,Electronics,2,299.0,10,538.2,Cash,Bengaluru,Store
TXN000587,2025-12-08 03:59:07,CUST0376,P002,Mechanical Keyboard,Electronics,3,3500.0,10,9450.0,Card,Mumbai,Store
TXN000588,2025-06-05 10:36:08,CUST0493,P008,Coffee Mug,Home,3,250.0,15,637.5,Wallet,Bengaluru,Online
TXN000589,2025-02-13 21:45:48,CUST0068,P012,Power Bank,Electronics,1,1500.0,5,1425.0,UPI,Bengaluru,Store
TXN000590,2025-11-08 13:38:59,CUST0292,P011,Smart Watch,Electronics,4,4999.0,5,18996.2,Wallet,Delhi,Online
TXN000591,2025-12-01 23:47:20,CUST0351,P012,Power Bank,Electronics,2,1500.0,15,2550.0,Wallet,Mumbai,Store
TXN000592,2025-06-21 03:30:31,CUST0024,P002,Mechanical Keyboard,Electronics,3,3500.0,25,7875.0,Cash,Mumbai,Online
TXN000593,2025-09-18 03:24:06,CUST0448,P006,Backpack,Fashion,5,1200.0,20,4800.0,UPI,Bengaluru,Online
TXN000594,2025-07-07 03:54:36,CUST0178,P011,Smart Watch,Electronics,4,4999.0,5,18996.2,UPI,Mumbai,Online
TXN000595,2025-07-16 08:13:52,CUST0435,P008,Coffee Mug,Home,4,250.0,5,950.0,UPI,Bengaluru,Store
TXN000596,2025-04-04 13:16:28,CUST0170,P005,Ball Pen Pack,Stationery,1,100.0,20,80.0,Card,Hyderabad,Store
TXN000597,2025-06-06 14:48:50,CUST0419,P004,Notebook,Stationery,1,150.0,15,127.5,Wallet,Hyderabad,Store
TXN000598,2025-02-04 04:24:16,CUST0439,P008,Coffee Mug,Home,4,250.0,10,900.0,UPI,Bengaluru,Online
TXN000599,2025-02-09 20:42:18,CUST0207,P007,Running Shoes,Fashion,1,2500.0,20,2000.0,UPI,Mumbai,Store
TXN000600,2025-12-12 16:26:05,CUST0261,P009,Water Bottle,Home,2,450.0,25,675.0,Wallet,Delhi,Store
TXN000601,2025-11-17 12:27:21,CUST0028,P004,Notebook,Stationery,4,150.0,10,540.0,Wallet,Chennai,Store
TXN000602,2025-10-06 00:47:50,CUST0232,P002,Mechanical Keyboard,Electronics,1,3500.0,25,2625.0,Card,Mumbai,Store
TXN000603,2025-05-18 22:08:06,CUST0425,P011,Smart Watch,Electronics,3,4999.0,20,11997.6,Cash,Chennai,Online
TXN000604,2025-01-18 18:40:58,CUST0460,P003,USB-C Cable,Electronics,4,299.0,5,1136.2,Wallet,Mumbai,Store
TXN000605,2025-08-26 05:33:04,CUST0101,P004,Notebook,Stationery,1,150.0,15,127.5,Card,Bengaluru,Online
TXN000606,2025-10-06 08:56:51,CUST0174,P002,Mechanical Keyboard,Electronics,4,3500.0,0,14000.0,UPI,Bengaluru,Store
TXN000607,2025-09-13 17:15:40,CUST0302,P009,Water Bottle,Home,2,450.0,15,765.0,UPI,Hyderabad,Online
TXN000608,2025-08-03 20:26:35,CUST0479,P007,Running Shoes,Fashion,5,2500.0,15,10625.0,Card,Chennai,Online
TXN000609,2025-10-11 16:42:13,CUST0418,P003,USB-C Cable,Electronics,1,299.0,15,254.15,Cash,Hyderabad,Store
TXN000610,2025-06-12 14:14:17,CUST0312,P012,Power Bank,Electronics,2,1500.0,10,2700.0,Wallet,Delhi,Store
TXN000611,2025-06-25 20:49:40,CUST0413,P003,USB-C Cable,Electronics,2,299.0,15,508.3,Cash,Chennai,Store
TXN000612,2025-10-04 11:08:59,CUST0378,P009,Water Bottle,Home,2,450.0,5,855.0,Card,Hyderabad,Store
TXN000613,2025-09-24 15:40:52,CUST0177,P011,Smart Watch,Electronics,2,4999.0,25,7498.5,Card,Hyderabad,Store
TXN000614,2025-10-03 20:58:02,CUST0060,P006,Backpack,Fashion,5,1200.0,15,5100.0,Wallet,Chennai,Store
TXN000615,2025-12-07 18:40:50,CUST0434,P007,Running Shoes,Fashion,1,2500.0,20,2000.0,UPI,Mumbai,Store
TXN000616,2025-02-26 10:32:35,CUST0028,P011,Smart Watch,Electronics,1,4999.0,5,4749.05,Cash,Pune,Store
TXN000617,2025-09-23 09:39:34,CUST0129,P003,USB-C Cable,Electronics,1,299.0,25,224.25,Cash,Pune,Online
TXN000618,2025-05-20 07:09:45,CUST0417,P008,Coffee Mug,Home,1,250.0,20,200.0,Card,Chennai,Store
TXN000619,2025-04-03 06:33:01,CUST0262,P012,Power Bank,Electronics,3,1500.0,25,3375.0,UPI,Bengaluru,Store
TXN000620,2025-06-11 18:40:43,CUST0490,P011,Smart Watch,Electronics,3,4999.0,20,11997.6,UPI,Mumbai,Store
TXN000621,2025-03-20 20:54:36,CUST0318,P008,Coffee Mug,Home,2,250.0,25,375.0,Cash,Hyderabad,Online
TXN000622,2025-10-29 10:12:43,CUST0372,P004,Notebook,Stationery,3,150.0,15,382.5,Card,Chennai,Online
TXN000623,2025-03-14 14:44:52,CUST0493,P003,USB-C Cable,Electronics,5,299.0,0,1495.0,Wallet,Mumbai,Store
TXN000624,2025-04-19 09:30:52,CUST0285,P005,Ball Pen Pack,Stationery,2,100.0,5,190.0,Cash,Mumbai,Store
TXN000625,2025-07-01 02:31:23,CUST0364,P003,USB-C Cable,Electronics,1,299.0,5,284.05,Cash,Hyderabad,Online
TXN000626,2025-10-28 11:02:33,CUST0478,P011,Smart Watch,Electronics,5,4999.0,25,18746.25,Cash,Bengaluru,Store
TXN000627,2025-01-29 07:17:53,CUST0402,P012,Power Bank,Electronics,3,1500.0,20,3600.0,Card,Pune,Online
TXN000628,2025-11-02 08:27:28,CUST0259,P003,USB-C Cable,Electronics,4,299.0,20,956.8,Wallet,Mumbai,Store
TXN000629,2025-03-27 21:42:55,CUST0453,P004,Notebook,Stationery,3,150.0,10,405.0,Cash,Delhi,Online
TXN000630,2025-10-20 07:15:34,CUST0317,P009,Water Bottle,Home,4,450.0,20,1440.0,UPI,Mumbai,Store
TXN000631,2025-06-23 01:55:11,CUST0124,P011,Smart Watch,Electronics,5,4999.0,20,19996.0,Card,Mumbai,Store
TXN000632,2025-05-29 02:39:01,CUST0469,P002,Mechanical Keyboard,Electronics,4,3500.0,10,12600.0,Cash,Mumbai,Store
TXN000633,2025-07-19 17:42:28,CUST0412,P009,Water Bottle,Home,4,450.0,15,1530.0,UPI,Delhi,Online
TXN000634,2025-05-05 09:31:52,CUST0264,P002,Mechanical Keyboard,Electronics,1,3500.0,5,3325.0,UPI,Chennai,Online
TXN000635,2025-03-23 20:37:32,CUST0344,P011,Smart Watch,Electronics,2,4999.0,25,7498.5,Wallet,Mumbai,Online
TXN000636,2025-07-28 20:13:57,CUST0425,P012,Power Bank,Electronics,4,1500.0,25,4500.0,UPI,Chennai,Online
TXN000637,2025-01-10 05:23:36,CUST0236,P012,Power Bank,Electronics,3,1500.0,0,4500.0,UPI,Mumbai,Online
TXN000638,2025-03-11 03:00:25,CUST0407,P005,Ball Pen Pack,Stationery,5,100.0,0,500.0,Card,Delhi,Store
TXN000639,2025-05-31 16:43:33,CUST0231,P011,Smart Watch,Electronics,4,4999.0,15,16996.6,Cash,Mumbai,Store
TXN000640,2025-09-19 11:35:56,CUST0061,P009,Water Bottle,Home,1,450.0,25,337.5,UPI,Chennai,Online
TXN000641,2025-09-30 04:41:38,CUST0435,P002,Mechanical Keyboard,Electronics,3,3500.0,20,8400.0,UPI,Delhi,Store
TXN000642,2025-08-24 13:36:12,CUST0045,P005,Ball Pen Pack,Stationery,4,100.0,15,340.0,Wallet,Chennai,Online
TXN000643,2025-07-04 01:53:07,CUST0081,P009,Water Bottle,Home,2,450.0,5,855.0,Wallet,Hyderabad,Store
TXN000644,2025-09-04 05:44:02,CUST0074,P005,Ball Pen Pack,Stationery,3,100.0,0,300.0,Card,Mumbai,Online
TXN000645,2025-01-02 22:52:53,CUST0294,P010,Desk Lamp,Home,4,850.0,20,2720.0,UPI,Delhi,Online
TXN000646,2025-10-18 14:37:46,CUST0380,P012,Power Bank,Electronics,3,1500.0,5,4275.0,Wallet,Chennai,Online
TXN000647,2025-03-04 12:12:12,CUST0095,P004,Notebook,Stationery,5,150.0,10,675.0,Card,Mumbai,Online
TXN000648,2025-09-18 13:58:02,CUST0410,P010,Desk Lamp,Home,1,850.0,20,680.0,Wallet,Chennai,Online
TXN000649,2025-04-23 21:04:45,CUST0344,P002,Mechanical Keyboard,Electronics,3,3500.0,0,10500.0,Card,Chennai,Store
TXN000650,2025-05-09 11:45:15,CUST0183,P003,USB-C Cable,Electronics,2,299.0,0,598.0,Cash,Hyderabad,Online
TXN000651,2025-12-16 13:42:48,CUST0100,P006,Backpack,Fashion,4,1200.0,15,4080.0,Cash,Hyderabad,Store
TXN000652,2025-09-27 07:29:53,CUST0300,P003,USB-C Cable,Electronics,5,299.0,20,1196.0,Cash,Delhi,Store
TXN000653,2025-03-07 11:50:03,CUST0003,P006,Backpack,Fashion,2,1200.0,5,2280.0,Wallet,Delhi,Store
TXN000654,2025-02-22 03:49:15,CUST0348,P012,Power Bank,Electronics,3,1500.0,15,3825.0,Wallet,Bengaluru,Store
TXN000655,2025-10-28 21:21:05,CUST0157,P008,Coffee Mug,Home,5,250.0,0,1250.0,Card,Chennai,Online
TXN000656,2025-11-23 22:04:45,CUST0144,P003,USB-C Cable,Electronics,5,299.0,5,1420.25,Cash,Chennai,Online
TXN000657,2025-10-10 12:05:45,CUST0039,P001,Wireless Mouse,Electronics,5,599.0,25,2246.25,UPI,Hyderabad,Store
TXN000658,2025-10-26 17:27:57,CUST0303,P004,Notebook,Stationery,1,150.0,20,120.0,Cash,Hyderabad,Store
TXN000659,2025-09-11 22:51:56,CUST0397,P003,USB-C Cable,Electronics,3,299.0,15,762.45,Card,Hyderabad,Store
TXN000660,2025-02-21 23:51:49,CUST0238,P009,Water Bottle,Home,5,450.0,0,2250.0,Wallet,Delhi,Online
TXN000661,2025-09-15 08:36:40,CUST0123,P010,Desk Lamp,Home,2,850.0,20,1360.0,Card,Bengaluru,Online
TXN000662,2025-03-11 13:45:14,CUST0290,P010,Desk Lamp,Home,2,850.0,25,1275.0,Wallet,Delhi,Online
TXN000663,2025-03-26 23:32:31,CUST0390,P008,Coffee Mug,Home,2,250.0,0,500.0,Cash,Delhi,Online
TXN000664,2025-01-17 15:00:12,CUST0343,P004,Notebook,Stationery,5,150.0,10,675.0,Wallet,Bengaluru,Store
TXN000665,2025-12-09 08:39:36,CUST0024,P001,Wireless Mouse,Electronics,3,599.0,0,1797.0,Cash,Chennai,Store
TXN000666,2025-08-13 17:14:09,CUST0279,P010,Desk Lamp,Home,2,850.0,15,1445.0,Wallet,Delhi,Online
TXN000667,2025-07-20 15:38:50,CUST0129,P007,Running Shoes,Fashion,2,2500.0,20,4000.0,Wallet,Delhi,Store
TXN000668,2025-07-09 01:52:43,CUST0406,P008,Coffee Mug,Home,5,250.0,0,1250.0,Card,Bengaluru,Online
TXN000669,2025-03-31 07:40:09,CUST0040,P009,Water Bottle,Home,3,450.0,5,1282.5,Card,Pune,Online
TXN000670,2025-05-21 16:09:45,CUST0309,P012,Power Bank,Electronics,1,1500.0,25,1125.0,Card,Bengaluru,Store
TXN000671,2025-10-07 17:16:09,CUST0059,P008,Coffee Mug,Home,4,250.0,15,850.0,Card,Hyderabad,Online
TXN000672,2025-09-09 08:53:35,CUST0427,P007,Running Shoes,Fashion,1,2500.0,5,2375.0,UPI,Pune,Online
TXN000673,2025-02-22 07:43:08,CUST0323,P009,Water Bottle,Home,1,450.0,20,360.0,Card,Mumbai,Online
TXN000674,2025-04-11 07:09:15,CUST0473,P003,USB-C Cable,Electronics,5,299.0,15,1270.75,UPI,Chennai,Store
TXN000675,2025-02-03 07:14:02,CUST0111,P008,Coffee Mug,Home,5,250.0,15,1062.5,Wallet,Pune,Online
TXN000676,2025-11-19 11:32:58,CUST0211,P010,Desk Lamp,Home,2,850.0,20,1360.0,Card,Hyderabad,Store
TXN000677,2025-03-07 03:16:46,CUST0371,P011,Smart Watch,Electronics,3,4999.0,15,12747.45,UPI,Pune,Store
TXN000678,2025-05-30 16:45:54,CUST0068,P002,Mechanical Keyboard,Electronics,1,3500.0,5,3325.0,Wallet,Pune,Online
TXN000679,2025-03-10 21:41:40,CUST0244,P010,Desk Lamp,Home,5,850.0,0,4250.0,UPI,Mumbai,Store
TXN000680,2025-09-14 01:59:04,CUST0067,P010,Desk Lamp,Home,5,850.0,0,4250.0,Wallet,Hyderabad,Store
TXN000681,2025-05-24 20:10:04,CUST0448,P001,Wireless Mouse,Electronics,5,599.0,15,2545.75,Card,Bengaluru,Store
TXN000682,2025-05-17 03:03:46,CUST0302,P012,Power Bank,Electronics,5,1500.0,0,7500.0,Wallet,Pune,Store
TXN000683,2025-07-05 07:16:43,CUST0393,P004,Notebook,Stationery,1,150.0,10,135.0,Wallet,Delhi,Online
TXN000684,2025-01-03 02:58:44,CUST0364,P012,Power Bank,Electronics,1,1500.0,20,1200.0,UPI,Hyderabad,Online
TXN000685,2025-05-26 15:31:54,CUST0336,P004,Notebook,Stationery,3,150.0,15,382.5,Cash,Mumbai,Online
TXN000686,2025-06-15 11:16:30,CUST0334,P010,Desk Lamp,Home,3,850.0,10,2295.0,Wallet,Hyderabad,Store
TXN000687,2025-08-26 15:08:28,CUST0142,P011,Smart Watch,Electronics,4,4999.0,5,18996.2,Wallet,Hyderabad,Store
TXN000688,2025-03-11 09:47:14,CUST0190,P009,Water Bottle,Home,5,450.0,15,1912.5,Cash,Delhi,Store
TXN000689,2025-10-28 16:00:56,CUST0362,P007,Running Shoes,Fashion,2,2500.0,25,3750.0,UPI,Chennai,Online
TXN000690,2025-06-23 10:33:57,CUST0401,P012,Power Bank,Electronics,2,1500.0,0,3000.0,Card,Hyderabad,Store
TXN000691,2025-11-02 06:48:25,CUST0174,P009,Water Bottle,Home,5,450.0,25,1687.5,UPI,Pune,Store
TXN000692,2025-09-04 22:47:58,CUST0003,P002,Mechanical Keyboard,Electronics,2,3500.0,15,5950.0,Wallet,Mumbai,Online
TXN000693,2025-04-13 04:11:42,CUST0114,P006,Backpack,Fashion,1,1200.0,20,960.0,UPI,Chennai,Store
TXN000694,2025-12-28 10:36:46,CUST0206,P010,Desk Lamp,Home,5,850.0,10,3825.0,UPI,Pune,Store
TXN000695,2025-06-20 11:30:57,CUST0006,P004,Notebook,Stationery,5,150.0,10,675.0,Card,Mumbai,Online
TXN000696,2025-08-27 21:59:10,CUST0087,P011,Smart Watch,Electronics,1,4999.0,10,4499.1,Card,Chennai,Online
TXN000697,2025-03-03 03:29:29,CUST0045,P005,Ball Pen Pack,Stationery,4,100.0,10,360.0,Wallet,Bengaluru,Online
TXN000698,2025-07-21 01:42:42,CUST0008,P012,Power Bank,Electronics,1,1500.0,0,1500.0,Cash,Chennai,Store
TXN000699,2025-05-15 22:42:09,CUST0494,P005,Ball Pen Pack,Stationery,2,100.0,20,160.0,Card,Bengaluru,Store
TXN000700,2025-08-12 06:31:08,CUST0003,P005,Ball Pen Pack,Stationery,2,100.0,15,170.0,UPI,Hyderabad,Online
TXN000701,2025-07-15 09:52:35,CUST0151,P006,Backpack,Fashion,1,1200.0,20,960.0,Cash,Hyderabad,Store
TXN000702,2025-09-27 14:20:13,CUST0227,P007,Running Shoes,Fashion,5,2500.0,15,10625.0,Card,Delhi,Store
TXN000703,2025-09-22 16:55:22,CUST0236,P010,Desk Lamp,Home,1,850.0,15,722.5,UPI,Delhi,Online
TXN000704,2025-05-29 14:46:23,CUST0325,P004,Notebook,Stationery,2,150.0,10,270.0,Wallet,Delhi,Online
TXN000705,2025-09-30 04:06:08,CUST0427,P005,Ball Pen Pack,Stationery,2,100.0,10,180.0,UPI,Bengaluru,Store
TXN000706,2025-01-30 12:38:23,CUST0284,P003,USB-C Cable,Electronics,4,299.0,10,1076.4,Cash,Pune,Store
TXN000707,2025-03-12 23:40:28,CUST0485,P012,Power Bank,Electronics,2,1500.0,15,2550.0,Card,Pune,Online
TXN000708,2025-12-05 22:32:58,CUST0136,P004,Notebook,Stationery,2,150.0,5,285.0,Card,Hyderabad,Store
TXN000709,2025-03-02 13:59:02,CUST0399,P002,Mechanical Keyboard,Electronics,1,3500.0,0,3500.0,Wallet,Hyderabad,Online
TXN000710,2025-10-24 19:16:20,CUST0439,P009,Water Bottle,Home,1,450.0,15,382.5,Cash,Hyderabad,Store
TXN000711,2025-07-11 04:56:41,CUST0460,P010,Desk Lamp,Home,3,850.0,15,2167.5,Card,Hyderabad,Store
TXN000712,2025-06-04 12:30:20,CUST0114,P010,Desk Lamp,Home,2,850.0,0,1700.0,Wallet,Bengaluru,Online
TXN000713,2025-07-15 03:24:30,CUST0178,P007,Running Shoes,Fashion,2,2500.0,15,4250.0,UPI,Chennai,Store
TXN000714,2025-05-03 14:04:58,CUST0353,P001,Wireless Mouse,Electronics,1,599.0,25,449.25,Card,Bengaluru,Online
TXN000715,2025-05-07 09:17:06,CUST0186,P010,Desk Lamp,Home,3,850.0,5,2422.5,Cash,Pune,Store
TXN000716,2025-07-03 01:15:25,CUST0491,P010,Desk Lamp,Home,3,850.0,10,2295.0,Card,Bengaluru,Store
TXN000717,2025-03-23 18:18:17,CUST0215,P012,Power Bank,Electronics,3,1500.0,10,4050.0,Wallet,Delhi,Store
TXN000718,2025-03-11 20:41:20,CUST0293,P003,USB-C Cable,Electronics,5,299.0,25,1121.25,Card,Mumbai,Store
TXN000719,2025-11-09 06:38:22,CUST0121,P009,Water Bottle,Home,4,450.0,15,1530.0,Card,Pune,Online
TXN000720,2025-07-03 16:33:30,CUST0413,P001,Wireless Mouse,Electronics,2,599.0,15,1018.3,Wallet,Pune,Store
TXN000721,2025-11-01 23:50:00,CUST0250,P005,Ball Pen Pack,Stationery,3,100.0,20,240.0,UPI,Bengaluru,Online
TXN000722,2025-09-26 04:19:44,CUST0084,P001,Wireless Mouse,Electronics,2,599.0,10,1078.2,Wallet,Chennai,Online
TXN000723,2025-06-24 16:57:02,CUST0382,P006,Backpack,Fashion,3,1200.0,10,3240.0,Cash,Hyderabad,Store
TXN000724,2025-05-14 15:37:11,CUST0011,P007,Running Shoes,Fashion,1,2500.0,10,2250.0,Card,Hyderabad,Online
TXN000725,2025-10-31 01:00:28,CUST0146,P006,Backpack,Fashion,3,1200.0,25,2700.0,Wallet,Chennai,Store
TXN000726,2025-12-12 11:58:31,CUST0041,P007,Running Shoes,Fashion,5,2500.0,10,11250.0,Wallet,Chennai,Online
TXN000727,2025-12-04 04:44:52,CUST0086,P011,Smart Watch,Electronics,3,4999.0,15,12747.45,Wallet,Mumbai,Online
TXN000728,2025-03-04 21:56:40,CUST0176,P004,Notebook,Stationery,3,150.0,10,405.0,Cash,Chennai,Store
TXN000729,2025-08-24 02:35:48,CUST0331,P007,Running Shoes,Fashion,3,2500.0,15,6375.0,Cash,Chennai,Store
TXN000730,2025-06-10 18:39:27,CUST0086,P003,USB-C Cable,Electronics,1,299.0,5,284.05,Card,Chennai,Store
TXN000731,2025-10-16 21:25:14,CUST0359,P012,Power Bank,Electronics,1,1500.0,5,1425.0,Card,Bengaluru,Online
TXN000732,2025-02-07 02:37:30,CUST0033,P008,Coffee Mug,Home,5,250.0,0,1250.0,UPI,Bengaluru,Online
TXN000733,2025-02-10 08:40:58,CUST0135,P010,Desk Lamp,Home,2,850.0,0,1700.0,Wallet,Delhi,Online
TXN000734,2025-04-07 01:54:09,CUST0378,P005,Ball Pen Pack,Stationery,4,100.0,25,300.0,Card,Pune,Online
TXN000735,2025-01-12 02:18:13,CUST0018,P011,Smart Watch,Electronics,3,4999.0,10,13497.3,Wallet,Bengaluru,Store
TXN000736,2025-08-02 00:48:45,CUST0228,P003,USB-C Cable,Electronics,5,299.0,5,1420.25,Wallet,Chennai,Store
TXN000737,2025-07-23 06:59:56,CUST0328,P011,Smart Watch,Electronics,5,4999.0,10,22495.5,Cash,Bengaluru,Online
TXN000738,2025-11-09 12:25:12,CUST0046,P008,Coffee Mug,Home,3,250.0,10,675.0,Wallet,Delhi,Online
TXN000739,2025-04-28 21:30:16,CUST0006,P001,Wireless Mouse,Electronics,5,599.0,5,2845.25,Cash,Delhi,Store
TXN000740,2025-07-27 19:28:59,CUST0005,P012,Power Bank,Electronics,4,1500.0,15,5100.0,Cash,Mumbai,Store
TXN000741,2025-11-06 21:34:14,CUST0150,P010,Desk Lamp,Home,2,850.0,0,1700.0,Cash,Pune,Store
TXN000742,2025-12-09 14:20:47,CUST0288,P007,Running Shoes,Fashion,4,2500.0,5,9500.0,Card,Chennai,Store
TXN000743,2025-11-18 17:29:52,CUST0194,P004,Notebook,Stationery,3,150.0,0,450.0,Wallet,Chennai,Online
TXN000744,2025-07-20 15:09:17,CUST0392,P010,Desk Lamp,Home,3,850.0,10,2295.0,Cash,Bengaluru,Online
TXN000745,2025-11-28 11:01:44,CUST0036,P003,USB-C Cable,Electronics,2,299.0,10,538.2,UPI,Chennai,Store
TXN000746,2025-08-28 21:39:19,CUST0232,P005,Ball Pen Pack,Stationery,5,100.0,15,425.0,Card,Delhi,Online
TXN000747,2025-03-01 02:08:03,CUST0026,P009,Water Bottle,Home,1,450.0,5,427.5,UPI,Delhi,Store
TXN000748,2025-02-18 13:26:59,CUST0367,P008,Coffee Mug,Home,1,250.0,5,237.5,UPI,Pune,Online
TXN000749,2025-07-11 16:29:41,CUST0112,P006,Backpack,Fashion,4,1200.0,10,4320.0,Wallet,Delhi,Store
TXN000750,2025-09-28 15:54:11,CUST0406,P001,Wireless Mouse,Electronics,3,599.0,0,1797.0,Card,Mumbai,Store
TXN000751,2025-10-29 05:36:32,CUST0201,P002,Mechanical Keyboard,Electronics,5,3500.0,15,14875.0,Card,Pune,Store
TXN000752,2025-11-14 09:19:43,CUST0196,P001,Wireless Mouse,Electronics,1,599.0,25,449.25,Card,Bengaluru,Store
TXN000753,2025-04-06 23:43:06,CUST0378,P001,Wireless Mouse,Electronics,2,599.0,15,1018.3,UPI,Hyderabad,Online
TXN000754,2025-07-03 15:03:12,CUST0200,P011,Smart Watch,Electronics,3,4999.0,10,13497.3,Card,Chennai,Online
TXN000755,2025-10-17 05:20:10,CUST0480,P009,Water Bottle,Home,5,450.0,0,2250.0,Cash,Bengaluru,Store
TXN000756,2025-03-19 04:14:18,CUST0185,P001,Wireless Mouse,Electronics,2,599.0,0,1198.0,Card,Chennai,Store
TXN000757,2025-05-07 00:41:05,CUST0008,P003,USB-C Cable,Electronics,3,299.0,20,717.6,UPI,Bengaluru,Online
TXN000758,2025-01-04 11:13:56,CUST0497,P001,Wireless Mouse,Electronics,5,599.0,25,2246.25,Wallet,Chennai,Online
TXN000759,2025-05-25 05:41:11,CUST0395,P002,Mechanical Keyboard,Electronics,2,3500.0,5,6650.0,Wallet,Mumbai,Store
TXN000760,2025-12-28 12:08:22,CUST0497,P011,Smart Watch,Electronics,1,4999.0,0,4999.0,Cash,Chennai,Online
TXN000761,2025-09-30 08:51:07,CUST0275,P002,Mechanical Keyboard,Electronics,2,3500.0,15,5950.0,Card,Delhi,Store
TXN000762,2025-11-09 20:02:26,CUST0457,P008,Coffee Mug,Home,2,250.0,0,500.0,Wallet,Delhi,Online
TXN000763,2025-04-08 08:39:29,CUST0461,P001,Wireless Mouse,Electronics,4,599.0,25,1797.0,Wallet,Hyderabad,Store
TXN000764,2025-07-30 18:38:53,CUST0357,P008,Coffee Mug,Home,2,250.0,20,400.0,Card,Hyderabad,Store
TXN000765,2025-05-06 16:55:27,CUST0375,P008,Coffee Mug,Home,3,250.0,20,600.0,Card,Mumbai,Online
TXN000766,2025-06-24 12:33:51,CUST0152,P005,Ball Pen Pack,Stationery,5,100.0,10,450.0,Wallet,Mumbai,Store
TXN000767,2025-10-12 22:11:08,CUST0095,P001,Wireless Mouse,Electronics,5,599.0,10,2695.5,Card,Delhi,Online
TXN000768,2025-09-13 15:42:07,CUST0496,P009,Water Bottle,Home,4,450.0,5,1710.0,Wallet,Hyderabad,Online
TXN000769,2025-08-27 01:56:23,CUST0145,P006,Backpack,Fashion,4,1200.0,25,3600.0,Cash,Mumbai,Online
TXN000770,2025-07-23 04:34:56,CUST0338,P002,Mechanical Keyboard,Electronics,1,3500.0,5,3325.0,Card,Mumbai,Online
TXN000771,2025-02-11 13:49:35,CUST0249,P004,Notebook,Stationery,1,150.0,0,150.0,Wallet,Chennai,Store
TXN000772,2025-07-24 05:00:37,CUST0320,P012,Power Bank,Electronics,5,1500.0,10,6750.0,UPI,Delhi,Online
TXN000773,2025-08-24 07:53:49,CUST0368,P002,Mechanical Keyboard,Electronics,1,3500.0,5,3325.0,Wallet,Mumbai,Store
TXN000774,2025-11-08 02:02:49,CUST0328,P001,Wireless Mouse,Electronics,3,599.0,20,1437.6,Wallet,Delhi,Online
TXN000775,2025-11-16 20:54:31,CUST0316,P005,Ball Pen Pack,Stationery,5,100.0,0,500.0,UPI,Delhi,Online
TXN000776,2025-03-25 20:20:03,CUST0492,P009,Water Bottle,Home,1,450.0,0,450.0,Card,Hyderabad,Store
TXN000777,2025-03-15 13:53:56,CUST0099,P009,Water Bottle,Home,2,450.0,20,720.0,Card,Hyderabad,Store
TXN000778,2025-10-17 18:14:02,CUST0055,P011,Smart Watch,Electronics,5,4999.0,10,22495.5,Wallet,Chennai,Store
TXN000779,2025-12-09 20:30:58,CUST0054,P003,USB-C Cable,Electronics,2,299.0,20,478.4,Wallet,Hyderabad,Store
TXN000780,2025-09-13 08:38:28,CUST0081,P009,Water Bottle,Home,5,450.0,15,1912.5,Cash,Delhi,Store
TXN000781,2025-11-25 02:36:36,CUST0191,P007,Running Shoes,Fashion,4,2500.0,25,7500.0,Cash,Hyderabad,Online
TXN000782,2025-08-07 16:53:20,CUST0280,P004,Notebook,Stationery,4,150.0,20,480.0,Cash,Delhi,Store
TXN000783,2025-06-23 19:00:01,CUST0492,P007,Running Shoes,Fashion,1,2500.0,25,1875.0,UPI,Delhi,Online
TXN000784,2025-07-21 00:28:08,CUST0070,P005,Ball Pen Pack,Stationery,1,100.0,10,90.0,Card,Pune,Store
TXN000785,2025-01-09 10:16:17,CUST0396,P012,Power Bank,Electronics,3,1500.0,20,3600.0,Card,Mumbai,Online
TXN000786,2025-06-28 18:57:27,CUST0183,P003,USB-C Cable,Electronics,2,299.0,10,538.2,Cash,Hyderabad,Online
TXN000787,2025-04-01 11:39:46,CUST0132,P005,Ball Pen Pack,Stationery,1,100.0,20,80.0,Wallet,Hyderabad,Online
TXN000788,2025-10-13 03:51:17,CUST0040,P012,Power Bank,Electronics,3,1500.0,15,3825.0,Card,Bengaluru,Online
TXN000789,2025-08-20 03:57:24,CUST0329,P005,Ball Pen Pack,Stationery,1,100.0,25,75.0,Wallet,Mumbai,Online
TXN000790,2025-12-25 00:27:54,CUST0395,P006,Backpack,Fashion,3,1200.0,15,3060.0,Wallet,Mumbai,Online
TXN000791,2025-10-18 08:52:12,CUST0335,P010,Desk Lamp,Home,1,850.0,25,637.5,Wallet,Mumbai,Store
TXN000792,2025-07-23 15:36:25,CUST0022,P006,Backpack,Fashion,5,1200.0,20,4800.0,Card,Delhi,Online
TXN000793,2025-03-01 11:54:14,CUST0026,P011,Smart Watch,Electronics,4,4999.0,15,16996.6,UPI,Pune,Store
TXN000794,2025-04-23 12:58:24,CUST0403,P007,Running Shoes,Fashion,2,2500.0,5,4750.0,Cash,Mumbai,Store
TXN000795,2025-08-10 22:12:44,CUST0382,P001,Wireless Mouse,Electronics,5,599.0,15,2545.75,Cash,Mumbai,Store
TXN000796,2025-07-14 21:19:49,CUST0223,P012,Power Bank,Electronics,2,1500.0,5,2850.0,Wallet,Hyderabad,Online
TXN000797,2025-07-09 11:11:42,CUST0203,P011,Smart Watch,Electronics,5,4999.0,5,23745.25,Card,Pune,Online
TXN000798,2025-04-14 09:41:45,CUST0398,P007,Running Shoes,Fashion,3,2500.0,25,5625.0,UPI,Mumbai,Store
TXN000799,2025-06-14 11:41:04,CUST0188,P006,Backpack,Fashion,2,1200.0,10,2160.0,Cash,Hyderabad,Online
TXN000800,2025-10-26 21:56:58,CUST0157,P003,USB-C Cable,Electronics,3,299.0,20,717.6,Wallet,Hyderabad,Online
TXN000801,2025-06-21 01:25:00,CUST0023,P004,Notebook,Stationery,2,150.0,25,225.0,Cash,Pune,Online
TXN000802,2025-02-13 15:22:49,CUST0379,P001,Wireless Mouse,Electronics,2,599.0,20,958.4,Card,Delhi,Online
TXN000803,2025-05-14 07:31:15,CUST0356,P002,Mechanical Keyboard,Electronics,3,3500.0,15,8925.0,Wallet,Mumbai,Store
TXN000804,2025-03-23 04:06:36,CUST0379,P009,Water Bottle,Home,2,450.0,5,855.0,Cash,Hyderabad,Store
TXN000805,2025-08-30 23:10:20,CUST0374,P003,USB-C Cable,Electronics,1,299.0,15,254.15,UPI,Delhi,Online
TXN000806,2025-01-24 08:15:58,CUST0146,P004,Notebook,Stationery,5,150.0,10,675.0,UPI,Bengaluru,Online
TXN000807,2025-01-26 20:44:11,CUST0199,P011,Smart Watch,Electronics,3,4999.0,25,11247.75,Cash,Mumbai,Online
TXN000808,2025-04-24 14:15:22,CUST0445,P011,Smart Watch,Electronics,4,4999.0,5,18996.2,Wallet,Hyderabad,Online
TXN000809,2025-12-18 00:41:53,CUST0162,P008,Coffee Mug,Home,5,250.0,20,1000.0,UPI,Pune,Online
TXN000810,2025-07-14 10:24:13,CUST0495,P008,Coffee Mug,Home,5,250.0,25,937.5,UPI,Mumbai,Online
TXN000811,2025-12-25 04:10:49,CUST0272,P005,Ball Pen Pack,Stationery,3,100.0,15,255.0,Wallet,Chennai,Online
TXN000812,2025-01-08 03:14:29,CUST0178,P011,Smart Watch,Electronics,3,4999.0,10,13497.3,Cash,Pune,Store
TXN000813,2025-11-12 07:23:23,CUST0032,P011,Smart Watch,Electronics,3,4999.0,15,12747.45,UPI,Hyderabad,Store
TXN000814,2025-03-29 14:34:59,CUST0078,P006,Backpack,Fashion,4,1200.0,25,3600.0,Card,Mumbai,Store
TXN000815,2025-07-22 05:26:31,CUST0492,P011,Smart Watch,Electronics,5,4999.0,25,18746.25,Card,Bengaluru,Online
TXN000816,2025-08-11 11:48:05,CUST0079,P007,Running Shoes,Fashion,3,2500.0,20,6000.0,Cash,Bengaluru,Online
TXN000817,2025-03-22 07:07:02,CUST0335,P003,USB-C Cable,Electronics,5,299.0,20,1196.0,Card,Pune,Store
TXN000818,2025-09-25 09:35:03,CUST0362,P009,Water Bottle,Home,2,450.0,15,765.0,Card,Chennai,Online
TXN000819,2025-05-04 07:16:45,CUST0035,P009,Water Bottle,Home,5,450.0,25,1687.5,UPI,Pune,Store
TXN000820,2025-11-23 00:55:00,CUST0451,P003,USB-C Cable,Electronics,1,299.0,10,269.1,Wallet,Bengaluru,Store
TXN000821,2025-06-22 01:06:03,CUST0382,P011,Smart Watch,Electronics,3,4999.0,5,14247.15,Card,Mumbai,Online
TXN000822,2025-03-13 17:57:43,CUST0014,P010,Desk Lamp,Home,5,850.0,10,3825.0,Card,Hyderabad,Online
TXN000823,2025-03-31 16:15:33,CUST0352,P001,Wireless Mouse,Electronics,3,599.0,0,1797.0,Wallet,Pune,Store
TXN000824,2025-10-04 12:29:57,CUST0333,P006,Backpack,Fashion,2,1200.0,15,2040.0,Wallet,Bengaluru,Online
TXN000825,2025-03-05 14:35:58,CUST0099,P004,Notebook,Stationery,1,150.0,15,127.5,UPI,Delhi,Store
TXN000826,2025-03-28 10:21:20,CUST0381,P011,Smart Watch,Electronics,2,4999.0,5,9498.1,UPI,Pune,Store
TXN000827,2025-12-03 18:13:41,CUST0316,P008,Coffee Mug,Home,3,250.0,15,637.5,Card,Bengaluru,Store
TXN000828,2025-10-29 10:50:44,CUST0022,P010,Desk Lamp,Home,4,850.0,25,2550.0,Cash,Bengaluru,Online
TXN000829,2025-07-22 04:48:04,CUST0056,P008,Coffee Mug,Home,4,250.0,0,1000.0,Card,Hyderabad,Store
TXN000830,2025-10-13 12:16:54,CUST0021,P009,Water Bottle,Home,4,450.0,20,1440.0,UPI,Pune,Store
TXN000831,2025-06-20 16:56:20,CUST0204,P005,Ball Pen Pack,Stationery,3,100.0,15,255.0,Card,Bengaluru,Store
TXN000832,2025-08-27 02:49:32,CUST0471,P001,Wireless Mouse,Electronics,5,599.0,5,2845.25,Wallet,Chennai,Store
TXN000833,2025-02-05 02:58:09,CUST0370,P009,Water Bottle,Home,1,450.0,5,427.5,Card,Bengaluru,Store
TXN000834,2025-05-06 14:52:27,CUST0231,P001,Wireless Mouse,Electronics,2,599.0,15,1018.3,Card,Bengaluru,Online
TXN000835,2025-04-08 02:56:09,CUST0166,P012,Power Bank,Electronics,2,1500.0,25,2250.0,UPI,Mumbai,Online
TXN000836,2025-10-02 06:30:36,CUST0231,P011,Smart Watch,Electronics,3,4999.0,0,14997.0,Wallet,Chennai,Online
TXN000837,2025-05-28 01:32:26,CUST0282,P007,Running Shoes,Fashion,1,2500.0,5,2375.0,Cash,Hyderabad,Online
TXN000838,2025-03-04 23:06:21,CUST0445,P003,USB-C Cable,Electronics,2,299.0,25,448.5,UPI,Bengaluru,Store
TXN000839,2025-05-01 04:55:10,CUST0374,P008,Coffee Mug,Home,3,250.0,25,562.5,Card,Mumbai,Online
TXN000840,2025-03-20 18:42:53,CUST0002,P010,Desk Lamp,Home,3,850.0,0,2550.0,Wallet,Bengaluru,Store
TXN000841,2025-07-31 01:47:52,CUST0414,P001,Wireless Mouse,Electronics,5,599.0,15,2545.75,Card,Pune,Store
TXN000842,2025-06-26 05:08:57,CUST0210,P008,Coffee Mug,Home,1,250.0,20,200.0,UPI,Pune,Store
TXN000843,2025-08-29 16:38:17,CUST0322,P009,Water Bottle,Home,2,450.0,0,900.0,Card,Pune,Online
TXN000844,2025-09-11 16:58:54,CUST0179,P001,Wireless Mouse,Electronics,2,599.0,0,1198.0,Cash,Delhi,Online
TXN000845,2025-01-20 01:00:19,CUST0056,P007,Running Shoes,Fashion,2,2500.0,5,4750.0,Cash,Hyderabad,Online
TXN000846,2025-06-26 20:03:22,CUST0384,P010,Desk Lamp,Home,3,850.0,0,2550.0,UPI,Delhi,Store
TXN000847,2025-05-24 03:18:57,CUST0460,P007,Running Shoes,Fashion,1,2500.0,15,2125.0,UPI,Delhi,Store
TXN000848,2025-02-22 06:03:27,CUST0063,P012,Power Bank,Electronics,3,1500.0,10,4050.0,Wallet,Hyderabad,Online
TXN000849,2025-09-28 05:36:03,CUST0108,P010,Desk Lamp,Home,1,850.0,0,850.0,UPI,Bengaluru,Store
TXN000850,2025-06-15 20:25:41,CUST0312,P006,Backpack,Fashion,3,1200.0,20,2880.0,Cash,Pune,Store
TXN000851,2025-07-21 20:00:32,CUST0374,P011,Smart Watch,Electronics,4,4999.0,15,16996.6,Card,Hyderabad,Online
TXN000852,2025-10-03 04:30:36,CUST0149,P004,Notebook,Stationery,1,150.0,0,150.0,UPI,Bengaluru,Online
TXN000853,2025-10-14 09:42:12,CUST0435,P004,Notebook,Stationery,5,150.0,15,637.5,Wallet,Mumbai,Store
TXN000854,2025-05-16 18:58:28,CUST0287,P011,Smart Watch,Electronics,2,4999.0,0,9998.0,Card,Chennai,Store
TXN000855,2025-04-09 19:20:35,CUST0405,P002,Mechanical Keyboard,Electronics,3,3500.0,10,9450.0,Cash,Mumbai,Online
TXN000856,2025-09-24 08:27:10,CUST0171,P006,Backpack,Fashion,4,1200.0,25,3600.0,UPI,Pune,Online
TXN000857,2025-05-09 08:37:17,CUST0427,P006,Backpack,Fashion,4,1200.0,15,4080.0,UPI,Chennai,Online
TXN000858,2025-07-06 23:51:48,CUST0080,P011,Smart Watch,Electronics,4,4999.0,20,15996.8,Cash,Bengaluru,Store
TXN000859,2025-12-27 07:37:45,CUST0381,P001,Wireless Mouse,Electronics,5,599.0,10,2695.5,Cash,Hyderabad,Online
TXN000860,2025-03-22 21:08:48,CUST0296,P011,Smart Watch,Electronics,3,4999.0,10,13497.3,UPI,Pune,Store
TXN000861,2025-11-23 12:15:24,CUST0016,P006,Backpack,Fashion,4,1200.0,25,3600.0,Card,Hyderabad,Store
TXN000862,2025-03-14 18:29:52,CUST0305,P002,Mechanical Keyboard,Electronics,3,3500.0,25,7875.0,Cash,Chennai,Online
TXN000863,2025-04-16 10:32:21,CUST0212,P002,Mechanical Keyboard,Electronics,4,3500.0,5,13300.0,Cash,Bengaluru,Store
TXN000864,2025-03-25 22:34:10,CUST0269,P005,Ball Pen Pack,Stationery,2,100.0,0,200.0,Cash,Mumbai,Online
TXN000865,2025-12-21 17:04:29,CUST0048,P008,Coffee Mug,Home,5,250.0,0,1250.0,Wallet,Hyderabad,Online
TXN000866,2025-03-15 20:54:04,CUST0175,P008,Coffee Mug,Home,5,250.0,10,1125.0,Cash,Pune,Online
TXN000867,2025-11-16 06:53:10,CUST0481,P009,Water Bottle,Home,2,450.0,5,855.0,UPI,Bengaluru,Store
TXN000868,2025-10-05 03:57:19,CUST0443,P009,Water Bottle,Home,1,450.0,0,450.0,Cash,Mumbai,Online
TXN000869,2025-05-10 10:29:08,CUST0240,P001,Wireless Mouse,Electronics,1,599.0,20,479.2,Cash,Mumbai,Store
TXN000870,2025-09-06 02:31:17,CUST0457,P004,Notebook,Stationery,3,150.0,5,427.5,Card,Delhi,Store
TXN000871,2025-07-26 17:10:12,CUST0164,P008,Coffee Mug,Home,1,250.0,10,225.0,Card,Pune,Store
TXN000872,2025-02-14 10:50:53,CUST0008,P010,Desk Lamp,Home,5,850.0,20,3400.0,UPI,Pune,Store
TXN000873,2025-08-02 08:27:32,CUST0164,P005,Ball Pen Pack,Stationery,2,100.0,25,150.0,Cash,Hyderabad,Online
TXN000874,2025-03-08 12:23:54,CUST0037,P005,Ball Pen Pack,Stationery,5,100.0,10,450.0,Wallet,Mumbai,Online
TXN000875,2025-01-12 06:13:53,CUST0242,P011,Smart Watch,Electronics,1,4999.0,0,4999.0,Wallet,Mumbai,Online
TXN000876,2025-06-15 14:56:55,CUST0201,P003,USB-C Cable,Electronics,5,299.0,20,1196.0,Wallet,Hyderabad,Store
TXN000877,2025-05-02 08:09:28,CUST0171,P004,Notebook,Stationery,5,150.0,0,750.0,Wallet,Hyderabad,Online
TXN000878,2025-02-06 02:02:29,CUST0417,P012,Power Bank,Electronics,4,1500.0,0,6000.0,Wallet,Delhi,Store
TXN000879,2025-07-02 17:48:19,CUST0119,P004,Notebook,Stationery,2,150.0,20,240.0,Cash,Delhi,Store
TXN000880,2025-03-13 04:58:28,CUST0359,P011,Smart Watch,Electronics,3,4999.0,10,13497.3,Wallet,Bengaluru,Online
TXN000881,2025-01-26 09:14:52,CUST0244,P002,Mechanical Keyboard,Electronics,3,3500.0,15,8925.0,Wallet,Pune,Store
TXN000882,2025-10-26 05:44:01,CUST0179,P010,Desk Lamp,Home,5,850.0,5,4037.5,UPI,Bengaluru,Online
TXN000883,2025-05-07 13:19:33,CUST0285,P011,Smart Watch,Electronics,1,4999.0,10,4499.1,Wallet,Bengaluru,Store
TXN000884,2025-04-03 15:40:58,CUST0318,P004,Notebook,Stationery,5,150.0,5,712.5,Wallet,Bengaluru,Online
TXN000885,2025-05-13 07:41:10,CUST0107,P012,Power Bank,Electronics,5,1500.0,15,6375.0,Wallet,Hyderabad,Store
TXN000886,2025-07-31 11:21:30,CUST0356,P004,Notebook,Stationery,2,150.0,25,225.0,UPI,Chennai,Store
TXN000887,2025-02-14 09:33:58,CUST0304,P010,Desk Lamp,Home,4,850.0,10,3060.0,UPI,Bengaluru,Online
TXN000888,2025-04-30 15:06:03,CUST0490,P007,Running Shoes,Fashion,1,2500.0,20,2000.0,UPI,Chennai,Store
TXN000889,2025-05-08 03:39:57,CUST0254,P011,Smart Watch,Electronics,1,4999.0,0,4999.0,Card,Pune,Online
TXN000890,2025-10-22 00:28:32,CUST0076,P011,Smart Watch,Electronics,2,4999.0,15,8498.3,Cash,Bengaluru,Store
TXN000891,2025-03-17 23:44:42,CUST0106,P011,Smart Watch,Electronics,3,4999.0,10,13497.3,Cash,Bengaluru,Store
TXN000892,2025-02-04 16:13:08,CUST0299,P001,Wireless Mouse,Electronics,5,599.0,20,2396.0,Wallet,Pune,Store
TXN000893,2025-01-25 05:42:30,CUST0190,P009,Water Bottle,Home,1,450.0,0,450.0,Cash,Mumbai,Store
TXN000894,2025-12-03 04:43:08,CUST0016,P004,Notebook,Stationery,4,150.0,25,450.0,Wallet,Chennai,Store
TXN000895,2025-10-04 10:12:40,CUST0196,P007,Running Shoes,Fashion,4,2500.0,15,8500.0,Card,Chennai,Online
TXN000896,2025-07-04 10:07:20,CUST0072,P004,Notebook,Stationery,5,150.0,15,637.5,Cash,Bengaluru,Online
TXN000897,2025-04-23 00:44:36,CUST0447,P011,Smart Watch,Electronics,2,4999.0,5,9498.1,UPI,Mumbai,Online
TXN000898,2025-02-25 22:08:20,CUST0370,P008,Coffee Mug,Home,4,250.0,5,950.0,UPI,Pune,Store
TXN000899,2025-12-01 01:12:17,CUST0234,P012,Power Bank,Electronics,5,1500.0,15,6375.0,Card,Bengaluru,Store
TXN000900,2025-08-03 09:28:45,CUST0420,P008,Coffee Mug,Home,4,250.0,10,900.0,Card,Pune,Store
TXN000901,2025-08-23 19:01:52,CUST0004,P010,Desk Lamp,Home,4,850.0,25,2550.0,Card,Chennai,Store
TXN000902,2025-06-09 13:17:09,CUST0475,P009,Water Bottle,Home,5,450.0,10,2025.0,UPI,Mumbai,Store
TXN000903,2025-10-01 17:58:53,CUST0189,P002,Mechanical Keyboard,Electronics,5,3500.0,15,14875.0,UPI,Pune,Store
TXN000904,2025-06-30 13:31:14,CUST0265,P002,Mechanical Keyboard,Electronics,5,3500.0,20,14000.0,UPI,Pune,Store
TXN000905,2025-09-02 22:12:13,CUST0380,P011,Smart Watch,Electronics,1,4999.0,25,3749.25,Cash,Hyderabad,Online
TXN000906,2025-12-17 22:01:30,CUST0176,P009,Water Bottle,Home,1,450.0,15,382.5,Wallet,Hyderabad,Store
TXN000907,2025-08-11 21:44:39,CUST0376,P006,Backpack,Fashion,4,1200.0,10,4320.0,Cash,Delhi,Online
TXN000908,2025-01-14 17:15:51,CUST0356,P010,Desk Lamp,Home,3,850.0,25,1912.5,Cash,Mumbai,Store
TXN000909,2025-08-13 12:39:55,CUST0087,P010,Desk Lamp,Home,1,850.0,25,637.5,Cash,Chennai,Online
TXN000910,2025-04-22 09:18:56,CUST0249,P002,Mechanical Keyboard,Electronics,2,3500.0,20,5600.0,UPI,Delhi,Store
TXN000911,2025-02-21 11:21:02,CUST0316,P005,Ball Pen Pack,Stationery,3,100.0,10,270.0,UPI,Chennai,Online
TXN000912,2025-08-23 12:01:28,CUST0090,P010,Desk Lamp,Home,2,850.0,25,1275.0,Wallet,Delhi,Online
TXN000913,2025-04-12 11:03:02,CUST0401,P012,Power Bank,Electronics,2,1500.0,15,2550.0,Card,Hyderabad,Online
TXN000914,2025-05-14 03:34:29,CUST0044,P003,USB-C Cable,Electronics,5,299.0,5,1420.25,Wallet,Bengaluru,Store
TXN000915,2025-04-03 09:49:51,CUST0339,P008,Coffee Mug,Home,2,250.0,5,475.0,Cash,Mumbai,Store
TXN000916,2025-10-21 09:37:14,CUST0420,P002,Mechanical Keyboard,Electronics,1,3500.0,5,3325.0,Wallet,Bengaluru,Store
TXN000917,2025-04-28 00:56:42,CUST0244,P012,Power Bank,Electronics,5,1500.0,5,7125.0,Wallet,Chennai,Store
TXN000918,2025-07-04 07:29:43,CUST0135,P003,USB-C Cable,Electronics,5,299.0,15,1270.75,UPI,Delhi,Store
TXN000919,2025-05-29 08:32:10,CUST0348,P006,Backpack,Fashion,5,1200.0,25,4500.0,UPI,Mumbai,Store
TXN000920,2025-11-24 20:52:49,CUST0222,P010,Desk Lamp,Home,3,850.0,10,2295.0,Cash,Delhi,Online
TXN000921,2025-04-10 03:58:40,CUST0336,P010,Desk Lamp,Home,4,850.0,15,2890.0,Card,Chennai,Online
TXN000922,2025-07-21 22:18:24,CUST0173,P011,Smart Watch,Electronics,2,4999.0,10,8998.2,UPI,Chennai,Online
TXN000923,2025-11-19 23:54:28,CUST0035,P001,Wireless Mouse,Electronics,4,599.0,0,2396.0,UPI,Chennai,Store
TXN000924,2025-05-17 12:22:13,CUST0113,P012,Power Bank,Electronics,3,1500.0,10,4050.0,Card,Mumbai,Online
TXN000925,2025-08-29 13:12:02,CUST0048,P001,Wireless Mouse,Electronics,5,599.0,25,2246.25,Card,Hyderabad,Online
TXN000926,2025-10-02 23:44:17,CUST0491,P002,Mechanical Keyboard,Electronics,1,3500.0,20,2800.0,Card,Bengaluru,Online
TXN000927,2025-12-14 23:20:25,CUST0057,P012,Power Bank,Electronics,2,1500.0,10,2700.0,Cash,Bengaluru,Online
TXN000928,2025-09-06 01:51:57,CUST0233,P005,Ball Pen Pack,Stationery,4,100.0,25,300.0,Cash,Delhi,Online
TXN000929,2025-10-31 04:56:35,CUST0038,P005,Ball Pen Pack,Stationery,1,100.0,15,85.0,Wallet,Delhi,Online
TXN000930,2025-04-11 06:57:29,CUST0490,P005,Ball Pen Pack,Stationery,2,100.0,15,170.0,UPI,Bengaluru,Online
TXN000931,2025-08-26 00:25:33,CUST0202,P003,USB-C Cable,Electronics,4,299.0,0,1196.0,Card,Hyderabad,Store
TXN000932,2025-03-26 19:30:34,CUST0315,P011,Smart Watch,Electronics,1,4999.0,15,4249.15,Cash,Mumbai,Online
TXN000933,2025-01-29 07:39:32,CUST0037,P010,Desk Lamp,Home,3,850.0,15,2167.5,UPI,Bengaluru,Online
TXN000934,2025-09-11 13:08:45,CUST0328,P001,Wireless Mouse,Electronics,1,599.0,25,449.25,Wallet,Delhi,Online
TXN000935,2025-09-29 20:59:14,CUST0169,P007,Running Shoes,Fashion,5,2500.0,0,12500.0,Wallet,Bengaluru,Store
TXN000936,2025-06-06 20:44:22,CUST0433,P012,Power Bank,Electronics,1,1500.0,20,1200.0,Card,Mumbai,Store
TXN000937,2025-09-25 16:22:51,CUST0419,P008,Coffee Mug,Home,1,250.0,20,200.0,Cash,Delhi,Store
TXN000938,2025-06-05 14:00:02,CUST0029,P011,Smart Watch,Electronics,1,4999.0,10,4499.1,Cash,Mumbai,Store
TXN000939,2025-10-23 07:56:11,CUST0393,P005,Ball Pen Pack,Stationery,2,100.0,5,190.0,UPI,Bengaluru,Online
TXN000940,2025-04-27 01:40:24,CUST0357,P007,Running Shoes,Fashion,1,2500.0,25,1875.0,Cash,Bengaluru,Online
TXN000941,2025-12-10 18:47:38,CUST0324,P008,Coffee Mug,Home,2,250.0,5,475.0,UPI,Pune,Online
TXN000942,2025-10-07 12:27:14,CUST0304,P004,Notebook,Stationery,4,150.0,15,510.0,UPI,Hyderabad,Store
TXN000943,2025-07-14 01:23:37,CUST0274,P008,Coffee Mug,Home,1,250.0,0,250.0,Cash,Mumbai,Store
TXN000944,2025-11-02 22:37:41,CUST0370,P001,Wireless Mouse,Electronics,4,599.0,0,2396.0,Card,Chennai,Store
TXN000945,2025-09-21 08:08:36,CUST0446,P009,Water Bottle,Home,2,450.0,25,675.0,Card,Mumbai,Online
TXN000946,2025-10-13 14:58:53,CUST0073,P008,Coffee Mug,Home,1,250.0,15,212.5,UPI,Pune,Online
TXN000947,2025-01-06 13:53:36,CUST0089,P011,Smart Watch,Electronics,1,4999.0,10,4499.1,UPI,Bengaluru,Online
TXN000948,2025-11-21 10:02:47,CUST0303,P002,Mechanical Keyboard,Electronics,1,3500.0,0,3500.0,Wallet,Hyderabad,Online
TXN000949,2025-01-25 12:13:43,CUST0412,P004,Notebook,Stationery,4,150.0,10,540.0,Wallet,Delhi,Online
TXN000950,2025-09-23 16:09:57,CUST0295,P009,Water Bottle,Home,2,450.0,10,810.0,Card,Mumbai,Online
TXN000951,2025-05-11 07:07:17,CUST0033,P002,Mechanical Keyboard,Electronics,3,3500.0,5,9975.0,Wallet,Pune,Store
TXN000952,2025-08-03 22:08:02,CUST0085,P008,Coffee Mug,Home,2,250.0,20,400.0,UPI,Pune,Online
TXN000953,2025-11-04 05:08:30,CUST0434,P011,Smart Watch,Electronics,5,4999.0,15,21245.75,Card,Mumbai,Store
TXN000954,2025-02-01 08:23:21,CUST0004,P001,Wireless Mouse,Electronics,2,599.0,0,1198.0,Cash,Bengaluru,Store
TXN000955,2025-09-26 21:14:50,CUST0065,P004,Notebook,Stationery,2,150.0,25,225.0,Cash,Hyderabad,Store
TXN000956,2025-06-10 00:24:37,CUST0123,P003,USB-C Cable,Electronics,5,299.0,25,1121.25,UPI,Hyderabad,Online
TXN000957,2025-10-06 12:46:36,CUST0256,P010,Desk Lamp,Home,1,850.0,25,637.5,Cash,Delhi,Store
TXN000958,2025-01-02 18:35:45,CUST0286,P004,Notebook,Stationery,2,150.0,0,300.0,UPI,Hyderabad,Store
TXN000959,2025-12-02 01:14:10,CUST0390,P009,Water Bottle,Home,5,450.0,5,2137.5,Wallet,Chennai,Online
TXN000960,2025-04-18 08:28:57,CUST0028,P004,Notebook,Stationery,1,150.0,5,142.5,Wallet,Bengaluru,Online
TXN000961,2025-03-04 01:04:02,CUST0344,P001,Wireless Mouse,Electronics,1,599.0,25,449.25,Cash,Delhi,Online
TXN000962,2025-06-18 19:26:00,CUST0129,P006,Backpack,Fashion,5,1200.0,15,5100.0,UPI,Mumbai,Online
TXN000963,2025-12-26 04:19:57,CUST0276,P003,USB-C Cable,Electronics,2,299.0,0,598.0,Wallet,Hyderabad,Online
TXN000964,2025-01-28 12:27:30,CUST0459,P004,Notebook,Stationery,4,150.0,20,480.0,Cash,Bengaluru,Online
TXN000965,2025-10-18 03:21:11,CUST0347,P006,Backpack,Fashion,2,1200.0,0,2400.0,Cash,Pune,Online
TXN000966,2025-04-03 02:06:11,CUST0378,P007,Running Shoes,Fashion,2,2500.0,15,4250.0,Card,Mumbai,Store
TXN000967,2025-08-16 05:27:18,CUST0249,P001,Wireless Mouse,Electronics,4,599.0,5,2276.2,Card,Hyderabad,Store
TXN000968,2025-03-11 03:38:47,CUST0199,P006,Backpack,Fashion,2,1200.0,15,2040.0,Card,Chennai,Store
TXN000969,2025-04-15 17:44:06,CUST0104,P006,Backpack,Fashion,2,1200.0,0,2400.0,UPI,Delhi,Online
TXN000970,2025-02-13 03:36:48,CUST0437,P008,Coffee Mug,Home,4,250.0,15,850.0,Card,Delhi,Online
TXN000971,2025-12-11 05:55:49,CUST0152,P010,Desk Lamp,Home,2,850.0,25,1275.0,Card,Hyderabad,Online
TXN000972,2025-02-03 13:59:57,CUST0211,P009,Water Bottle,Home,4,450.0,5,1710.0,Wallet,Bengaluru,Store
TXN000973,2025-01-06 15:11:08,CUST0374,P007,Running Shoes,Fashion,2,2500.0,5,4750.0,Cash,Bengaluru,Online
TXN000974,2025-12-13 08:23:21,CUST0475,P010,Desk Lamp,Home,2,850.0,20,1360.0,UPI,Bengaluru,Online
TXN000975,2025-01-16 13:22:26,CUST0241,P012,Power Bank,Electronics,5,1500.0,0,7500.0,Wallet,Hyderabad,Store
TXN000976,2025-07-06 03:06:50,CUST0415,P012,Power Bank,Electronics,1,1500.0,15,1275.0,Wallet,Pune,Online
TXN000977,2025-08-05 21:28:32,CUST0386,P001,Wireless Mouse,Electronics,4,599.0,5,2276.2,Card,Delhi,Store
TXN000978,2025-04-03 20:13:22,CUST0332,P002,Mechanical Keyboard,Electronics,1,3500.0,15,2975.0,Cash,Pune,Store
TXN000979,2025-11-30 04:24:49,CUST0293,P012,Power Bank,Electronics,5,1500.0,0,7500.0,Wallet,Bengaluru,Online
TXN000980,2025-12-06 12:07:32,CUST0361,P007,Running Shoes,Fashion,2,2500.0,10,4500.0,Wallet,Chennai,Online
TXN000981,2025-12-01 03:20:51,CUST0322,P002,Mechanical Keyboard,Electronics,4,3500.0,25,10500.0,Cash,Hyderabad,Online
TXN000982,2025-04-26 04:25:08,CUST0219,P005,Ball Pen Pack,Stationery,5,100.0,20,400.0,Card,Chennai,Online
TXN000983,2025-08-29 23:03:42,CUST0451,P006,Backpack,Fashion,1,1200.0,20,960.0,Cash,Mumbai,Online
TXN000984,2025-05-29 17:23:57,CUST0188,P008,Coffee Mug,Home,5,250.0,0,1250.0,Cash,Delhi,Online
TXN000985,2025-09-09 17:24:25,CUST0287,P012,Power Bank,Electronics,1,1500.0,20,1200.0,Card,Pune,Store
TXN000986,2025-04-03 16:13:04,CUST0277,P002,Mechanical Keyboard,Electronics,4,3500.0,25,10500.0,Card,Chennai,Online
TXN000987,2025-05-05 10:56:21,CUST0181,P005,Ball Pen Pack,Stationery,5,100.0,25,375.0,Wallet,Delhi,Online
TXN000988,2025-01-25 14:38:36,CUST0191,P006,Backpack,Fashion,4,1200.0,15,4080.0,UPI,Bengaluru,Store
TXN000989,2025-06-25 12:44:37,CUST0318,P006,Backpack,Fashion,1,1200.0,5,1140.0,Wallet,Mumbai,Online
TXN000990,2025-06-01 17:25:29,CUST0460,P003,USB-C Cable,Electronics,3,299.0,0,897.0,UPI,Pune,Store
TXN000991,2025-02-13 12:08:41,CUST0357,P003,USB-C Cable,Electronics,4,299.0,5,1136.2,Card,Hyderabad,Online
TXN000992,2025-04-24 20:32:14,CUST0214,P011,Smart Watch,Electronics,5,4999.0,5,23745.25,Wallet,Delhi,Store
TXN000993,2025-06-22 09:04:31,CUST0378,P011,Smart Watch,Electronics,1,4999.0,10,4499.1,Card,Mumbai,Online
TXN000994,2025-12-05 13:42:22,CUST0411,P004,Notebook,Stationery,5,150.0,25,562.5,Cash,Bengaluru,Store
TXN000995,2025-09-12 16:07:51,CUST0331,P006,Backpack,Fashion,4,1200.0,20,3840.0,Wallet,Bengaluru,Store
TXN000996,2025-08-09 07:10:07,CUST0068,P005,Ball Pen Pack,Stationery,2,100.0,10,180.0,Card,Bengaluru,Store
TXN000997,2025-04-22 21:43:05,CUST0395,P001,Wireless Mouse,Electronics,2,599.0,10,1078.2,Cash,Bengaluru,Online
TXN000998,2025-08-29 06:03:05,CUST0474,P003,USB-C Cable,Electronics,5,299.0,10,1345.5,Card,Pune,Online
TXN000999,2025-03-04 15:00:10,CUST0122,P002,Mechanical Keyboard,Electronics,1,3500.0,10,3150.0,Card,Bengaluru,Store
TXN001000,2025-05-24 13:35:38,CUST0095,P004,Notebook,Stationery,5,150.0,25,562.5,UPI,Chennai,Store
TXN001001,2025-05-14 12:53:11,CUST0076,P006,Backpack,Fashion,4,1200.0,20,3840.0,Card,Hyderabad,Store
TXN001002,2025-02-17 04:22:08,CUST0472,P001,Wireless Mouse,Electronics,4,599.0,15,2036.6,Card,Bengaluru,Store
TXN001003,2025-03-02 14:31:18,CUST0003,P012,Power Bank,Electronics,5,1500.0,20,6000.0,Cash,Chennai,Store
TXN001004,2025-07-04 01:10:03,CUST0459,P005,Ball Pen Pack,Stationery,5,100.0,25,375.0,Card,Hyderabad,Store
TXN001005,2025-05-12 12:46:03,CUST0353,P002,Mechanical Keyboard,Electronics,4,3500.0,0,14000.0,Card,Chennai,Online
TXN001006,2025-04-30 15:32:03,CUST0013,P007,Running Shoes,Fashion,5,2500.0,5,11875.0,Wallet,Delhi,Online
TXN001007,2025-05-07 17:57:21,CUST0029,P010,Desk Lamp,Home,2,850.0,20,1360.0,Card,Delhi,Online
TXN001008,2025-01-09 18:10:07,CUST0043,P009,Water Bottle,Home,4,450.0,25,1350.0,UPI,Hyderabad,Store
TXN001009,2025-03-17 12:24:20,CUST0252,P006,Backpack,Fashion,5,1200.0,20,4800.0,UPI,Chennai,Store
TXN001010,2025-06-04 09:30:32,CUST0076,P012,Power Bank,Electronics,4,1500.0,10,5400.0,Wallet,Delhi,Online
TXN001011,2025-04-21 13:08:01,CUST0177,P006,Backpack,Fashion,3,1200.0,15,3060.0,UPI,Pune,Store
TXN001012,2025-10-15 23:32:19,CUST0213,P008,Coffee Mug,Home,3,250.0,5,712.5,Wallet,Chennai,Store
TXN001013,2025-02-24 04:51:54,CUST0428,P010,Desk Lamp,Home,5,850.0,0,4250.0,Card,Pune,Store
TXN001014,2025-07-04 07:42:53,CUST0445,P009,Water Bottle,Home,3,450.0,0,1350.0,Wallet,Mumbai,Online
TXN001015,2025-06-09 00:26:59,CUST0328,P005,Ball Pen Pack,Stationery,4,100.0,5,380.0,Wallet,Chennai,Online
TXN001016,2025-03-19 09:12:54,CUST0096,P007,Running Shoes,Fashion,3,2500.0,20,6000.0,Wallet,Mumbai,Store
TXN001017,2025-11-21 02:53:52,CUST0300,P005,Ball Pen Pack,Stationery,4,100.0,20,320.0,Wallet,Pune,Online
TXN001018,2025-11-04 06:42:02,CUST0002,P003,USB-C Cable,Electronics,3,299.0,10,807.3,Wallet,Mumbai,Store
TXN001019,2025-06-12 00:10:58,CUST0092,P008,Coffee Mug,Home,2,250.0,0,500.0,UPI,Delhi,Store
TXN001020,2025-01-26 21:55:13,CUST0307,P012,Power Bank,Electronics,3,1500.0,20,3600.0,Wallet,Hyderabad,Store
TXN001021,2025-12-04 05:34:14,CUST0133,P011,Smart Watch,Electronics,4,4999.0,25,14997.0,UPI,Delhi,Online
TXN001022,2025-11-25 06:34:52,CUST0133,P003,USB-C Cable,Electronics,5,299.0,0,1495.0,Card,Delhi,Store
TXN001023,2025-12-08 02:30:36,CUST0355,P003,USB-C Cable,Electronics,3,299.0,5,852.15,UPI,Delhi,Store
TXN001024,2025-06-12 22:09:14,CUST0326,P006,Backpack,Fashion,1,1200.0,10,1080.0,Cash,Hyderabad,Online
TXN001025,2025-07-19 13:34:58,CUST0100,P011,Smart Watch,Electronics,2,4999.0,0,9998.0,Card,Hyderabad,Store
TXN001026,2025-12-05 19:45:33,CUST0162,P011,Smart Watch,Electronics,3,4999.0,10,13497.3,Cash,Mumbai,Store
TXN001027,2025-11-16 17:51:01,CUST0074,P001,Wireless Mouse,Electronics,2,599.0,20,958.4,Cash,Delhi,Store
TXN001028,2025-06-10 00:04:01,CUST0175,P003,USB-C Cable,Electronics,1,299.0,5,284.05,Card,Hyderabad,Online
TXN001029,2025-11-19 22:49:38,CUST0097,P009,Water Bottle,Home,5,450.0,25,1687.5,UPI,Bengaluru,Store
TXN001030,2025-12-22 18:01:45,CUST0040,P002,Mechanical Keyboard,Electronics,2,3500.0,0,7000.0,Wallet,Delhi,Store
TXN001031,2025-09-26 09:03:33,CUST0186,P003,USB-C Cable,Electronics,4,299.0,20,956.8,Cash,Pune,Store
TXN001032,2025-01-12 04:03:29,CUST0382,P002,Mechanical Keyboard,Electronics,2,3500.0,5,6650.0,Card,Chennai,Online
TXN001033,2025-04-30 09:26:22,CUST0065,P004,Notebook,Stationery,2,150.0,0,300.0,Wallet,Chennai,Online
TXN001034,2025-01-31 04:32:43,CUST0010,P008,Coffee Mug,Home,4,250.0,0,1000.0,Card,Mumbai,Online
TXN001035,2025-11-04 23:48:36,CUST0338,P009,Water Bottle,Home,5,450.0,0,2250.0,Wallet,Mumbai,Store
TXN001036,2025-01-17 19:24:46,CUST0034,P005,Ball Pen Pack,Stationery,1,100.0,0,100.0,UPI,Hyderabad,Online
TXN001037,2025-08-17 04:51:26,CUST0462,P004,Notebook,Stationery,2,150.0,25,225.0,Cash,Mumbai,Online
TXN001038,2025-02-26 12:41:21,CUST0434,P012,Power Bank,Electronics,3,1500.0,20,3600.0,Cash,Delhi,Online
TXN001039,2025-11-29 02:27:52,CUST0257,P012,Power Bank,Electronics,5,1500.0,5,7125.0,UPI,Mumbai,Online
TXN001040,2025-07-25 09:08:03,CUST0112,P012,Power Bank,Electronics,2,1500.0,10,2700.0,Card,Hyderabad,Online
TXN001041,2025-10-09 16:44:45,CUST0051,P004,Notebook,Stationery,5,150.0,25,562.5,Wallet,Delhi,Online
TXN001042,2025-06-20 17:58:57,CUST0345,P002,Mechanical Keyboard,Electronics,2,3500.0,10,6300.0,Wallet,Bengaluru,Online
TXN001043,2025-07-19 17:10:00,CUST0117,P007,Running Shoes,Fashion,1,2500.0,10,2250.0,UPI,Bengaluru,Online
TXN001044,2025-07-21 20:12:43,CUST0070,P008,Coffee Mug,Home,3,250.0,25,562.5,Cash,Hyderabad,Online
TXN001045,2025-02-01 22:36:23,CUST0168,P008,Coffee Mug,Home,1,250.0,15,212.5,Cash,Bengaluru,Store
TXN001046,2025-09-24 19:44:16,CUST0500,P008,Coffee Mug,Home,2,250.0,20,400.0,Wallet,Delhi,Store
TXN001047,2025-03-15 07:36:12,CUST0439,P002,Mechanical Keyboard,Electronics,4,3500.0,25,10500.0,Cash,Pune,Online
TXN001048,2025-09-19 19:36:59,CUST0252,P011,Smart Watch,Electronics,1,4999.0,15,4249.15,Wallet,Hyderabad,Online
TXN001049,2025-02-16 07:11:27,CUST0074,P007,Running Shoes,Fashion,4,2500.0,25,7500.0,UPI,Chennai,Online
TXN001050,2025-01-26 03:08:41,CUST0187,P004,Notebook,Stationery,3,150.0,5,427.5,Wallet,Mumbai,Online
TXN001051,2025-11-22 11:44:35,CUST0218,P012,Power Bank,Electronics,4,1500.0,10,5400.0,Cash,Chennai,Store
TXN001052,2025-05-19 07:04:02,CUST0244,P011,Smart Watch,Electronics,5,4999.0,15,21245.75,Wallet,Hyderabad,Store
TXN001053,2025-02-27 05:37:34,CUST0394,P008,Coffee Mug,Home,1,250.0,0,250.0,Cash,Bengaluru,Store
TXN001054,2025-03-31 15:24:54,CUST0322,P003,USB-C Cable,Electronics,1,299.0,0,299.0,UPI,Mumbai,Store
TXN001055,2025-09-21 08:25:10,CUST0014,P003,USB-C Cable,Electronics,4,299.0,20,956.8,Cash,Pune,Store
TXN001056,2025-08-30 13:09:01,CUST0320,P002,Mechanical Keyboard,Electronics,1,3500.0,25,2625.0,Wallet,Bengaluru,Online
TXN001057,2025-04-25 00:12:17,CUST0339,P008,Coffee Mug,Home,4,250.0,20,800.0,Cash,Hyderabad,Store
TXN001058,2025-11-11 08:54:55,CUST0441,P009,Water Bottle,Home,5,450.0,0,2250.0,UPI,Bengaluru,Online
TXN001059,2025-05-29 23:41:22,CUST0231,P006,Backpack,Fashion,4,1200.0,15,4080.0,Wallet,Mumbai,Online
TXN001060,2025-03-10 16:32:24,CUST0286,P011,Smart Watch,Electronics,3,4999.0,25,11247.75,Card,Bengaluru,Store
TXN001061,2025-02-22 05:31:16,CUST0160,P012,Power Bank,Electronics,4,1500.0,15,5100.0,UPI,Hyderabad,Store
TXN001062,2025-09-14 08:22:42,CUST0284,P011,Smart Watch,Electronics,5,4999.0,20,19996.0,Wallet,Bengaluru,Online
TXN001063,2025-07-16 18:38:49,CUST0029,P007,Running Shoes,Fashion,3,2500.0,15,6375.0,Wallet,Hyderabad,Store
TXN001064,2025-10-25 16:01:31,CUST0146,P006,Backpack,Fashion,1,1200.0,0,1200.0,UPI,Pune,Store
TXN001065,2025-05-16 11:46:02,CUST0415,P012,Power Bank,Electronics,5,1500.0,0,7500.0,Cash,Bengaluru,Online
TXN001066,2025-06-16 06:37:49,CUST0177,P006,Backpack,Fashion,4,1200.0,10,4320.0,UPI,Chennai,Online
TXN001067,2025-04-07 03:55:44,CUST0121,P011,Smart Watch,Electronics,3,4999.0,20,11997.6,UPI,Chennai,Online
TXN001068,2025-12-04 11:06:26,CUST0157,P002,Mechanical Keyboard,Electronics,3,3500.0,5,9975.0,UPI,Hyderabad,Store
TXN001069,2025-01-15 12:23:04,CUST0236,P011,Smart Watch,Electronics,4,4999.0,20,15996.8,Wallet,Delhi,Online
TXN001070,2025-09-28 06:48:11,CUST0241,P010,Desk Lamp,Home,1,850.0,10,765.0,Wallet,Hyderabad,Store
TXN001071,2025-05-06 05:11:05,CUST0294,P002,Mechanical Keyboard,Electronics,4,3500.0,0,14000.0,Card,Delhi,Store
TXN001072,2025-07-15 06:08:32,CUST0416,P011,Smart Watch,Electronics,3,4999.0,5,14247.15,Cash,Delhi,Store
TXN001073,2025-03-20 08:31:36,CUST0255,P011,Smart Watch,Electronics,1,4999.0,20,3999.2,Card,Delhi,Store
TXN001074,2025-01-19 11:01:27,CUST0153,P010,Desk Lamp,Home,4,850.0,5,3230.0,UPI,Chennai,Online
TXN001075,2025-08-18 20:34:42,CUST0173,P005,Ball Pen Pack,Stationery,1,100.0,20,80.0,Wallet,Bengaluru,Online
TXN001076,2025-05-15 21:13:27,CUST0408,P002,Mechanical Keyboard,Electronics,3,3500.0,20,8400.0,Cash,Bengaluru,Store
TXN001077,2025-03-19 16:51:09,CUST0213,P007,Running Shoes,Fashion,3,2500.0,20,6000.0,Wallet,Chennai,Online
TXN001078,2025-12-09 02:33:04,CUST0010,P011,Smart Watch,Electronics,5,4999.0,5,23745.25,Wallet,Pune,Store
TXN001079,2025-04-15 01:20:38,CUST0480,P011,Smart Watch,Electronics,5,4999.0,20,19996.0,Wallet,Hyderabad,Online
TXN001080,2025-07-22 19:54:19,CUST0103,P006,Backpack,Fashion,4,1200.0,5,4560.0,Card,Pune,Store
TXN001081,2025-11-24 19:47:14,CUST0223,P007,Running Shoes,Fashion,3,2500.0,0,7500.0,Card,Bengaluru,Store
TXN001082,2025-11-16 21:32:24,CUST0147,P011,Smart Watch,Electronics,2,4999.0,10,8998.2,Card,Bengaluru,Online
TXN001083,2025-02-14 02:26:33,CUST0077,P004,Notebook,Stationery,1,150.0,5,142.5,Cash,Bengaluru,Store
TXN001084,2025-08-06 09:56:50,CUST0224,P007,Running Shoes,Fashion,1,2500.0,5,2375.0,Card,Delhi,Online
TXN001085,2025-01-12 07:37:18,CUST0133,P005,Ball Pen Pack,Stationery,5,100.0,5,475.0,UPI,Chennai,Store
TXN001086,2025-10-31 18:56:49,CUST0011,P001,Wireless Mouse,Electronics,1,599.0,10,539.1,Cash,Mumbai,Store
TXN001087,2025-12-15 06:31:56,CUST0187,P011,Smart Watch,Electronics,1,4999.0,15,4249.15,Card,Pune,Online
TXN001088,2025-08-10 17:51:27,CUST0377,P009,Water Bottle,Home,1,450.0,20,360.0,Cash,Bengaluru,Online
TXN001089,2025-04-03 11:02:13,CUST0308,P002,Mechanical Keyboard,Electronics,3,3500.0,10,9450.0,Wallet,Chennai,Online
TXN001090,2025-12-30 07:29:34,CUST0217,P004,Notebook,Stationery,2,150.0,0,300.0,Card,Pune,Store
TXN001091,2025-06-20 16:12:27,CUST0210,P005,Ball Pen Pack,Stationery,5,100.0,0,500.0,Wallet,Hyderabad,Store
TXN001092,2025-09-29 16:54:35,CUST0486,P002,Mechanical Keyboard,Electronics,3,3500.0,20,8400.0,Wallet,Bengaluru,Online
TXN001093,2025-04-18 20:39:58,CUST0451,P003,USB-C Cable,Electronics,3,299.0,15,762.45,Cash,Delhi,Online
TXN001094,2025-09-08 15:32:29,CUST0496,P010,Desk Lamp,Home,1,850.0,25,637.5,UPI,Chennai,Online
TXN001095,2025-04-09 05:58:17,CUST0283,P007,Running Shoes,Fashion,3,2500.0,25,5625.0,Cash,Chennai,Online
TXN001096,2025-07-27 17:43:44,CUST0444,P004,Notebook,Stationery,4,150.0,15,510.0,UPI,Bengaluru,Store
TXN001097,2025-04-27 20:28:51,CUST0047,P004,Notebook,Stationery,3,150.0,5,427.5,Card,Bengaluru,Store
TXN001098,2025-12-08 13:13:43,CUST0416,P011,Smart Watch,Electronics,4,4999.0,0,19996.0,Cash,Mumbai,Store
TXN001099,2025-07-02 22:53:20,CUST0378,P007,Running Shoes,Fashion,3,2500.0,25,5625.0,Wallet,Mumbai,Online
TXN001100,2025-09-29 06:19:33,CUST0134,P009,Water Bottle,Home,1,450.0,10,405.0,Wallet,Hyderabad,Store
TXN001101,2025-06-26 00:42:20,CUST0356,P001,Wireless Mouse,Electronics,1,599.0,25,449.25,Card,Chennai,Store
TXN001102,2025-11-04 04:50:03,CUST0329,P003,USB-C Cable,Electronics,1,299.0,15,254.15,Card,Chennai,Store
TXN001103,2025-05-02 20:05:56,CUST0295,P002,Mechanical Keyboard,Electronics,1,3500.0,5,3325.0,Card,Hyderabad,Online
TXN001104,2025-11-25 22:14:36,CUST0305,P011,Smart Watch,Electronics,4,4999.0,10,17996.4,Wallet,Bengaluru,Online
TXN001105,2025-04-12 05:42:45,CUST0089,P011,Smart Watch,Electronics,5,4999.0,10,22495.5,Cash,Pune,Online
TXN001106,2025-06-10 23:23:12,CUST0189,P003,USB-C Cable,Electronics,4,299.0,15,1016.6,Card,Mumbai,Online
TXN001107,2025-12-25 12:01:50,CUST0286,P011,Smart Watch,Electronics,5,4999.0,25,18746.25,Card,Mumbai,Store
TXN001108,2025-03-18 23:58:29,CUST0135,P012,Power Bank,Electronics,2,1500.0,0,3000.0,Wallet,Hyderabad,Store
TXN001109,2025-08-22 04:03:57,CUST0134,P003,USB-C Cable,Electronics,1,299.0,10,269.1,Card,Hyderabad,Online
TXN001110,2025-01-06 11:33:37,CUST0368,P009,Water Bottle,Home,4,450.0,15,1530.0,Wallet,Mumbai,Online
TXN001111,2025-10-05 02:53:45,CUST0105,P004,Notebook,Stationery,3,150.0,10,405.0,Wallet,Bengaluru,Online
TXN001112,2025-06-17 12:05:14,CUST0439,P004,Notebook,Stationery,5,150.0,5,712.5,Cash,Chennai,Online
TXN001113,2025-06-12 11:07:38,CUST0093,P007,Running Shoes,Fashion,2,2500.0,0,5000.0,Cash,Delhi,Online
TXN001114,2025-08-28 21:11:49,CUST0231,P004,Notebook,Stationery,3,150.0,20,360.0,Wallet,Mumbai,Online
TXN001115,2025-07-02 02:17:36,CUST0069,P006,Backpack,Fashion,4,1200.0,25,3600.0,Card,Chennai,Store
TXN001116,2025-10-03 03:15:43,CUST0217,P012,Power Bank,Electronics,5,1500.0,10,6750.0,UPI,Mumbai,Online
TXN001117,2025-01-21 05:43:29,CUST0171,P004,Notebook,Stationery,4,150.0,10,540.0,UPI,Mumbai,Store
TXN001118,2025-07-15 22:40:20,CUST0318,P007,Running Shoes,Fashion,3,2500.0,15,6375.0,Cash,Pune,Online
TXN001119,2025-08-14 10:31:48,CUST0092,P005,Ball Pen Pack,Stationery,2,100.0,20,160.0,Wallet,Delhi,Store
TXN001120,2025-02-21 05:34:45,CUST0046,P006,Backpack,Fashion,5,1200.0,15,5100.0,Card,Delhi,Online
TXN001121,2025-05-02 15:53:03,CUST0023,P003,USB-C Cable,Electronics,4,299.0,10,1076.4,Cash,Bengaluru,Store
TXN001122,2025-12-17 14:38:15,CUST0449,P005,Ball Pen Pack,Stationery,5,100.0,10,450.0,Cash,Bengaluru,Online
TXN001123,2025-05-03 13:04:23,CUST0378,P008,Coffee Mug,Home,2,250.0,20,400.0,Wallet,Mumbai,Online
TXN001124,2025-02-27 17:14:46,CUST0028,P004,Notebook,Stationery,2,150.0,0,300.0,Wallet,Delhi,Online
TXN001125,2025-10-02 04:03:02,CUST0240,P007,Running Shoes,Fashion,1,2500.0,15,2125.0,UPI,Bengaluru,Store
TXN001126,2025-10-03 08:37:50,CUST0288,P008,Coffee Mug,Home,4,250.0,15,850.0,UPI,Chennai,Online
TXN001127,2025-02-18 00:32:27,CUST0179,P002,Mechanical Keyboard,Electronics,2,3500.0,10,6300.0,Card,Pune,Store
TXN001128,2025-08-07 17:50:46,CUST0457,P011,Smart Watch,Electronics,5,4999.0,5,23745.25,UPI,Hyderabad,Online
TXN001129,2025-06-11 17:18:22,CUST0472,P002,Mechanical Keyboard,Electronics,2,3500.0,15,5950.0,UPI,Delhi,Online
TXN001130,2025-04-21 09:41:35,CUST0349,P011,Smart Watch,Electronics,1,4999.0,15,4249.15,Cash,Hyderabad,Online
TXN001131,2025-11-22 01:11:34,CUST0166,P003,USB-C Cable,Electronics,1,299.0,0,299.0,Wallet,Chennai,Store
TXN001132,2025-06-26 08:06:14,CUST0322,P005,Ball Pen Pack,Stationery,5,100.0,25,375.0,UPI,Delhi,Online
TXN001133,2025-09-12 19:58:24,CUST0319,P008,Coffee Mug,Home,3,250.0,25,562.5,Card,Pune,Online
TXN001134,2025-11-08 07:03:42,CUST0330,P005,Ball Pen Pack,Stationery,3,100.0,0,300.0,UPI,Hyderabad,Store
TXN001135,2025-02-05 22:38:16,CUST0205,P005,Ball Pen Pack,Stationery,2,100.0,5,190.0,Wallet,Mumbai,Online
TXN001136,2025-11-28 00:26:20,CUST0107,P003,USB-C Cable,Electronics,4,299.0,15,1016.6,Cash,Chennai,Online
TXN001137,2025-02-16 20:05:31,CUST0153,P008,Coffee Mug,Home,4,250.0,25,750.0,Cash,Chennai,Online
TXN001138,2025-05-20 10:32:06,CUST0341,P002,Mechanical Keyboard,Electronics,3,3500.0,20,8400.0,Card,Bengaluru,Store
TXN001139,2025-12-10 20:38:51,CUST0199,P008,Coffee Mug,Home,3,250.0,20,600.0,Wallet,Mumbai,Store
TXN001140,2025-11-11 23:00:55,CUST0189,P010,Desk Lamp,Home,2,850.0,15,1445.0,Wallet,Mumbai,Online
TXN001141,2025-07-19 08:41:21,CUST0175,P008,Coffee Mug,Home,2,250.0,25,375.0,Card,Bengaluru,Online
TXN001142,2025-04-23 21:32:54,CUST0240,P007,Running Shoes,Fashion,1,2500.0,15,2125.0,Cash,Pune,Online
TXN001143,2025-09-23 18:16:05,CUST0463,P005,Ball Pen Pack,Stationery,2,100.0,20,160.0,Wallet,Delhi,Online
TXN001144,2025-08-02 23:38:21,CUST0040,P001,Wireless Mouse,Electronics,5,599.0,0,2995.0,Wallet,Bengaluru,Online
TXN001145,2025-06-30 10:54:44,CUST0339,P012,Power Bank,Electronics,5,1500.0,10,6750.0,Cash,Delhi,Online
TXN001146,2025-10-26 12:18:25,CUST0258,P001,Wireless Mouse,Electronics,1,599.0,25,449.25,Wallet,Pune,Online
TXN001147,2025-11-24 08:29:20,CUST0202,P001,Wireless Mouse,Electronics,1,599.0,15,509.15,Cash,Delhi,Store
TXN001148,2025-10-22 03:03:12,CUST0344,P008,Coffee Mug,Home,5,250.0,10,1125.0,Cash,Pune,Online
TXN001149,2025-03-13 21:08:22,CUST0041,P012,Power Bank,Electronics,5,1500.0,10,6750.0,UPI,Bengaluru,Online
TXN001150,2025-01-03 06:29:55,CUST0203,P002,Mechanical Keyboard,Electronics,1,3500.0,5,3325.0,Wallet,Bengaluru,Store
TXN001151,2025-12-04 09:37:16,CUST0337,P012,Power Bank,Electronics,5,1500.0,25,5625.0,Wallet,Delhi,Store
TXN001152,2025-09-26 05:26:20,CUST0345,P012,Power Bank,Electronics,4,1500.0,10,5400.0,UPI,Pune,Online
TXN001153,2025-01-06 09:19:58,CUST0098,P002,Mechanical Keyboard,Electronics,1,3500.0,25,2625.0,Card,Mumbai,Online
TXN001154,2025-07-06 20:20:14,CUST0333,P003,USB-C Cable,Electronics,2,299.0,15,508.3,Card,Mumbai,Store
TXN001155,2025-10-26 22:19:15,CUST0238,P003,USB-C Cable,Electronics,4,299.0,15,1016.6,UPI,Mumbai,Online
TXN001156,2025-12-17 11:07:14,CUST0079,P012,Power Bank,Electronics,4,1500.0,15,5100.0,Wallet,Mumbai,Store
TXN001157,2025-08-16 06:42:15,CUST0125,P004,Notebook,Stationery,3,150.0,20,360.0,Wallet,Mumbai,Store
TXN001158,2025-01-04 01:23:37,CUST0053,P011,Smart Watch,Electronics,4,4999.0,15,16996.6,Wallet,Chennai,Store
TXN001159,2025-01-15 09:01:31,CUST0250,P007,Running Shoes,Fashion,4,2500.0,20,8000.0,Wallet,Pune,Online
TXN001160,2025-07-25 04:11:42,CUST0010,P007,Running Shoes,Fashion,5,2500.0,10,11250.0,UPI,Delhi,Store
TXN001161,2025-12-12 07:23:27,CUST0243,P002,Mechanical Keyboard,Electronics,4,3500.0,20,11200.0,Cash,Bengaluru,Store
TXN001162,2025-01-09 01:56:04,CUST0083,P005,Ball Pen Pack,Stationery,2,100.0,15,170.0,Cash,Bengaluru,Online
TXN001163,2025-07-17 03:30:35,CUST0113,P010,Desk Lamp,Home,3,850.0,20,2040.0,Wallet,Pune,Store
TXN001164,2025-10-08 18:48:06,CUST0365,P007,Running Shoes,Fashion,4,2500.0,25,7500.0,Cash,Bengaluru,Online
TXN001165,2025-08-30 11:59:27,CUST0107,P005,Ball Pen Pack,Stationery,1,100.0,25,75.0,Wallet,Pune,Online
TXN001166,2025-03-19 11:19:39,CUST0081,P010,Desk Lamp,Home,4,850.0,0,3400.0,Wallet,Bengaluru,Store
TXN001167,2025-04-02 03:44:19,CUST0108,P009,Water Bottle,Home,1,450.0,0,450.0,Cash,Delhi,Store
TXN001168,2025-09-20 21:25:29,CUST0082,P003,USB-C Cable,Electronics,5,299.0,0,1495.0,UPI,Delhi,Store
TXN001169,2025-02-14 06:16:14,CUST0317,P004,Notebook,Stationery,1,150.0,20,120.0,Card,Bengaluru,Store
TXN001170,2025-05-13 04:03:05,CUST0402,P006,Backpack,Fashion,1,1200.0,20,960.0,Cash,Pune,Online
TXN001171,2025-10-02 08:10:15,CUST0026,P008,Coffee Mug,Home,4,250.0,0,1000.0,UPI,Hyderabad,Online
TXN001172,2025-11-16 20:36:13,CUST0288,P001,Wireless Mouse,Electronics,5,599.0,0,2995.0,Card,Chennai,Online
TXN001173,2025-12-05 05:05:30,CUST0106,P006,Backpack,Fashion,2,1200.0,25,1800.0,Cash,Chennai,Store
TXN001174,2025-10-23 22:01:32,CUST0260,P008,Coffee Mug,Home,1,250.0,5,237.5,Cash,Delhi,Online
TXN001175,2025-02-17 18:17:20,CUST0435,P004,Notebook,Stationery,4,150.0,15,510.0,UPI,Pune,Store
TXN001176,2025-05-13 13:20:01,CUST0147,P009,Water Bottle,Home,2,450.0,0,900.0,Cash,Delhi,Store
TXN001177,2025-05-21 01:26:24,CUST0323,P011,Smart Watch,Electronics,2,4999.0,5,9498.1,Wallet,Pune,Online
TXN001178,2025-11-08 09:01:32,CUST0220,P007,Running Shoes,Fashion,4,2500.0,15,8500.0,Cash,Mumbai,Store
TXN001179,2025-02-26 12:56:38,CUST0395,P001,Wireless Mouse,Electronics,5,599.0,0,2995.0,UPI,Delhi,Store
TXN001180,2025-06-05 23:39:26,CUST0396,P003,USB-C Cable,Electronics,4,299.0,0,1196.0,Wallet,Mumbai,Online
TXN001181,2025-12-17 12:00:48,CUST0295,P001,Wireless Mouse,Electronics,5,599.0,10,2695.5,Wallet,Bengaluru,Store
TXN001182,2025-10-08 05:20:35,CUST0381,P006,Backpack,Fashion,3,1200.0,0,3600.0,Cash,Hyderabad,Online
TXN001183,2025-09-29 23:13:23,CUST0207,P008,Coffee Mug,Home,2,250.0,20,400.0,Wallet,Chennai,Store
TXN001184,2025-12-11 17:43:46,CUST0416,P011,Smart Watch,Electronics,4,4999.0,5,18996.2,Cash,Mumbai,Online
TXN001185,2025-07-28 17:14:35,CUST0172,P007,Running Shoes,Fashion,2,2500.0,20,4000.0,Cash,Pune,Online
TXN001186,2025-07-18 17:07:30,CUST0283,P005,Ball Pen Pack,Stationery,5,100.0,10,450.0,Card,Mumbai,Online
TXN001187,2025-12-12 18:22:39,CUST0408,P009,Water Bottle,Home,5,450.0,10,2025.0,Card,Delhi,Store
TXN001188,2025-07-16 05:30:01,CUST0057,P012,Power Bank,Electronics,1,1500.0,10,1350.0,Cash,Chennai,Store
TXN001189,2025-02-18 02:01:15,CUST0025,P011,Smart Watch,Electronics,1,4999.0,15,4249.15,Cash,Hyderabad,Online
TXN001190,2025-06-25 23:38:15,CUST0174,P004,Notebook,Stationery,5,150.0,20,600.0,Card,Delhi,Store
TXN001191,2025-04-21 12:03:46,CUST0342,P012,Power Bank,Electronics,5,1500.0,25,5625.0,Card,Chennai,Store
TXN001192,2025-07-21 19:38:39,CUST0378,P004,Notebook,Stationery,1,150.0,10,135.0,Card,Delhi,Store
TXN001193,2025-02-08 01:18:46,CUST0076,P012,Power Bank,Electronics,4,1500.0,15,5100.0,UPI,Mumbai,Online
TXN001194,2025-06-15 00:13:52,CUST0455,P003,USB-C Cable,Electronics,4,299.0,5,1136.2,Wallet,Mumbai,Store
TXN001195,2025-09-20 20:26:32,CUST0270,P007,Running Shoes,Fashion,5,2500.0,20,10000.0,Wallet,Delhi,Store
TXN001196,2025-09-05 04:14:52,CUST0217,P008,Coffee Mug,Home,4,250.0,25,750.0,Wallet,Pune,Online
TXN001197,2025-07-16 10:15:58,CUST0066,P008,Coffee Mug,Home,4,250.0,5,950.0,UPI,Chennai,Online
TXN001198,2025-06-26 20:56:14,CUST0243,P001,Wireless Mouse,Electronics,2,599.0,20,958.4,Cash,Mumbai,Store
TXN001199,2025-02-12 20:24:27,CUST0062,P006,Backpack,Fashion,5,1200.0,10,5400.0,UPI,Hyderabad,Online
TXN001200,2025-02-15 17:26:13,CUST0191,P005,Ball Pen Pack,Stationery,3,100.0,10,270.0,Cash,Bengaluru,Online
TXN001201,2025-11-04 06:33:10,CUST0074,P003,USB-C Cable,Electronics,5,299.0,15,1270.75,UPI,Delhi,Store
TXN001202,2025-03-25 17:21:53,CUST0094,P012,Power Bank,Electronics,4,1500.0,0,6000.0,UPI,Hyderabad,Store
TXN001203,2025-01-27 05:44:49,CUST0446,P001,Wireless Mouse,Electronics,4,599.0,15,2036.6,Cash,Hyderabad,Store
TXN001204,2025-12-16 15:17:08,CUST0173,P007,Running Shoes,Fashion,4,2500.0,25,7500.0,Card,Pune,Store
TXN001205,2025-10-23 19:21:38,CUST0231,P011,Smart Watch,Electronics,4,4999.0,5,18996.2,Cash,Mumbai,Store
TXN001206,2025-05-31 09:17:34,CUST0120,P007,Running Shoes,Fashion,3,2500.0,20,6000.0,UPI,Chennai,Store
TXN001207,2025-10-13 19:12:15,CUST0143,P011,Smart Watch,Electronics,1,4999.0,5,4749.05,UPI,Hyderabad,Store
TXN001208,2025-08-06 21:18:44,CUST0331,P002,Mechanical Keyboard,Electronics,5,3500.0,0,17500.0,Card,Hyderabad,Online
TXN001209,2025-08-10 11:03:46,CUST0268,P004,Notebook,Stationery,4,150.0,20,480.0,UPI,Mumbai,Online
TXN001210,2025-01-08 08:50:47,CUST0141,P004,Notebook,Stationery,2,150.0,25,225.0,Wallet,Mumbai,Store
TXN001211,2025-06-06 01:01:39,CUST0302,P001,Wireless Mouse,Electronics,4,599.0,0,2396.0,Cash,Bengaluru,Online
TXN001212,2025-06-11 03:29:16,CUST0013,P009,Water Bottle,Home,3,450.0,15,1147.5,Cash,Mumbai,Online
TXN001213,2025-02-08 13:51:23,CUST0278,P003,USB-C Cable,Electronics,3,299.0,5,852.15,Card,Delhi,Online
TXN001214,2025-03-01 21:30:11,CUST0158,P007,Running Shoes,Fashion,2,2500.0,0,5000.0,Cash,Pune,Online
TXN001215,2025-10-05 00:26:37,CUST0030,P005,Ball Pen Pack,Stationery,4,100.0,0,400.0,Cash,Pune,Store
TXN001216,2025-12-13 19:27:57,CUST0166,P005,Ball Pen Pack,Stationery,4,100.0,0,400.0,UPI,Pune,Online
TXN001217,2025-10-20 02:23:40,CUST0306,P010,Desk Lamp,Home,2,850.0,15,1445.0,Wallet,Mumbai,Store
TXN001218,2025-01-24 13:07:51,CUST0163,P008,Coffee Mug,Home,5,250.0,15,1062.5,UPI,Bengaluru,Online
TXN001219,2025-06-08 06:07:02,CUST0325,P004,Notebook,Stationery,1,150.0,10,135.0,UPI,Pune,Online
TXN001220,2025-04-29 07:11:50,CUST0291,P007,Running Shoes,Fashion,4,2500.0,0,10000.0,Card,Pune,Store
TXN001221,2025-07-29 21:15:48,CUST0087,P004,Notebook,Stationery,5,150.0,15,637.5,Wallet,Mumbai,Online
TXN001222,2025-11-12 14:23:18,CUST0238,P010,Desk Lamp,Home,3,850.0,25,1912.5,Card,Mumbai,Online
TXN001223,2025-12-29 12:54:50,CUST0472,P008,Coffee Mug,Home,3,250.0,20,600.0,Cash,Chennai,Store
TXN001224,2025-05-17 11:27:08,CUST0432,P011,Smart Watch,Electronics,2,4999.0,20,7998.4,Cash,Mumbai,Online
TXN001225,2025-10-15 01:41:03,CUST0274,P010,Desk Lamp,Home,1,850.0,10,765.0,UPI,Bengaluru,Online
TXN001226,2025-11-19 12:48:12,CUST0072,P012,Power Bank,Electronics,5,1500.0,10,6750.0,Wallet,Pune,Store
TXN001227,2025-12-10 06:50:23,CUST0350,P006,Backpack,Fashion,3,1200.0,25,2700.0,Wallet,Delhi,Online
TXN001228,2025-09-15 04:52:09,CUST0165,P006,Backpack,Fashion,2,1200.0,15,2040.0,Cash,Mumbai,Online
TXN001229,2025-09-09 01:17:17,CUST0473,P001,Wireless Mouse,Electronics,5,599.0,15,2545.75,UPI,Mumbai,Online
TXN001230,2025-06-10 10:57:30,CUST0285,P012,Power Bank,Electronics,4,1500.0,15,5100.0,UPI,Chennai,Online
TXN001231,2025-07-29 04:34:32,CUST0016,P011,Smart Watch,Electronics,4,4999.0,25,14997.0,UPI,Delhi,Store
TXN001232,2025-11-18 08:32:59,CUST0308,P006,Backpack,Fashion,4,1200.0,5,4560.0,UPI,Mumbai,Store
TXN001233,2025-05-24 21:07:47,CUST0480,P004,Notebook,Stationery,4,150.0,0,600.0,Card,Chennai,Online
TXN001234,2025-10-22 12:59:45,CUST0144,P011,Smart Watch,Electronics,3,4999.0,5,14247.15,UPI,Hyderabad,Store
TXN001235,2025-11-10 22:58:09,CUST0368,P004,Notebook,Stationery,2,150.0,15,255.0,Cash,Mumbai,Store
TXN001236,2025-07-11 09:34:54,CUST0464,P012,Power Bank,Electronics,5,1500.0,5,7125.0,UPI,Pune,Store
TXN001237,2025-02-13 02:05:47,CUST0446,P005,Ball Pen Pack,Stationery,5,100.0,20,400.0,Wallet,Pune,Online
TXN001238,2025-09-14 06:08:23,CUST0379,P010,Desk Lamp,Home,5,850.0,20,3400.0,Card,Mumbai,Online
TXN001239,2025-10-17 16:58:35,CUST0034,P003,USB-C Cable,Electronics,3,299.0,20,717.6,Card,Hyderabad,Store
TXN001240,2025-03-16 12:11:09,CUST0435,P011,Smart Watch,Electronics,1,4999.0,25,3749.25,Cash,Chennai,Store
TXN001241,2025-01-01 18:13:17,CUST0481,P007,Running Shoes,Fashion,1,2500.0,10,2250.0,Wallet,Bengaluru,Store
TXN001242,2025-02-17 06:29:28,CUST0349,P009,Water Bottle,Home,4,450.0,15,1530.0,Cash,Hyderabad,Online
TXN001243,2025-12-10 05:38:08,CUST0370,P004,Notebook,Stationery,1,150.0,10,135.0,Wallet,Hyderabad,Store
TXN001244,2025-05-03 19:35:19,CUST0003,P007,Running Shoes,Fashion,2,2500.0,10,4500.0,UPI,Hyderabad,Online
TXN001245,2025-10-14 09:28:40,CUST0116,P012,Power Bank,Electronics,4,1500.0,0,6000.0,Card,Pune,Online
TXN001246,2025-05-08 20:35:45,CUST0160,P002,Mechanical Keyboard,Electronics,1,3500.0,0,3500.0,Wallet,Bengaluru,Online
TXN001247,2025-08-19 02:47:13,CUST0409,P011,Smart Watch,Electronics,3,4999.0,10,13497.3,Card,Mumbai,Store
TXN001248,2025-04-03 13:40:07,CUST0491,P006,Backpack,Fashion,1,1200.0,10,1080.0,Card,Mumbai,Store
TXN001249,2025-10-24 17:54:53,CUST0049,P011,Smart Watch,Electronics,4,4999.0,20,15996.8,UPI,Mumbai,Online
TXN001250,2025-12-23 00:23:50,CUST0018,P007,Running Shoes,Fashion,3,2500.0,25,5625.0,UPI,Pune,Online
TXN001251,2025-12-23 22:46:48,CUST0411,P008,Coffee Mug,Home,1,250.0,10,225.0,Wallet,Mumbai,Online
TXN001252,2025-09-21 03:21:30,CUST0029,P009,Water Bottle,Home,1,450.0,10,405.0,Wallet,Bengaluru,Online
TXN001253,2025-08-28 17:40:17,CUST0386,P007,Running Shoes,Fashion,2,2500.0,20,4000.0,UPI,Bengaluru,Store
TXN001254,2025-06-30 06:44:32,CUST0408,P007,Running Shoes,Fashion,5,2500.0,20,10000.0,UPI,Delhi,Online
TXN001255,2025-06-26 08:18:07,CUST0265,P006,Backpack,Fashion,5,1200.0,5,5700.0,UPI,Mumbai,Online
TXN001256,2025-08-20 03:26:02,CUST0366,P002,Mechanical Keyboard,Electronics,5,3500.0,5,16625.0,Card,Chennai,Store
TXN001257,2025-05-19 00:29:10,CUST0216,P008,Coffee Mug,Home,5,250.0,15,1062.5,Card,Pune,Online
TXN001258,2025-11-06 12:49:00,CUST0023,P001,Wireless Mouse,Electronics,2,599.0,10,1078.2,Wallet,Hyderabad,Store
TXN001259,2025-05-01 20:29:04,CUST0299,P009,Water Bottle,Home,2,450.0,5,855.0,Wallet,Delhi,Store
TXN001260,2025-04-24 00:54:45,CUST0189,P001,Wireless Mouse,Electronics,5,599.0,20,2396.0,Card,Mumbai,Online
TXN001261,2025-07-16 22:35:16,CUST0420,P009,Water Bottle,Home,1,450.0,15,382.5,Cash,Pune,Online
TXN001262,2025-09-06 18:24:12,CUST0466,P004,Notebook,Stationery,1,150.0,10,135.0,Card,Chennai,Store
TXN001263,2025-09-27 19:50:01,CUST0355,P008,Coffee Mug,Home,5,250.0,25,937.5,Cash,Hyderabad,Store
TXN001264,2025-08-28 06:29:50,CUST0154,P007,Running Shoes,Fashion,3,2500.0,5,7125.0,UPI,Bengaluru,Online
TXN001265,2025-07-12 14:24:32,CUST0113,P001,Wireless Mouse,Electronics,2,599.0,25,898.5,Card,Bengaluru,Online
TXN001266,2025-04-03 19:49:08,CUST0247,P012,Power Bank,Electronics,3,1500.0,25,3375.0,Wallet,Pune,Store
TXN001267,2025-03-13 13:16:59,CUST0423,P001,Wireless Mouse,Electronics,3,599.0,0,1797.0,UPI,Delhi,Online
TXN001268,2025-08-04 10:06:01,CUST0059,P003,USB-C Cable,Electronics,3,299.0,15,762.45,Card,Chennai,Store
TXN001269,2025-01-18 01:13:21,CUST0500,P001,Wireless Mouse,Electronics,2,599.0,5,1138.1,Cash,Pune,Online
TXN001270,2025-12-10 20:21:37,CUST0135,P012,Power Bank,Electronics,2,1500.0,10,2700.0,Card,Pune,Online
TXN001271,2025-01-09 08:19:12,CUST0091,P005,Ball Pen Pack,Stationery,1,100.0,0,100.0,Card,Bengaluru,Online
TXN001272,2025-05-12 09:57:38,CUST0480,P004,Notebook,Stationery,3,150.0,15,382.5,Card,Delhi,Store
TXN001273,2025-09-14 16:06:56,CUST0088,P009,Water Bottle,Home,5,450.0,15,1912.5,UPI,Mumbai,Online
TXN001274,2025-12-09 19:34:32,CUST0474,P003,USB-C Cable,Electronics,2,299.0,5,568.1,Wallet,Chennai,Store
TXN001275,2025-05-04 11:31:25,CUST0307,P007,Running Shoes,Fashion,2,2500.0,0,5000.0,Card,Hyderabad,Store
TXN001276,2025-11-03 15:29:29,CUST0077,P006,Backpack,Fashion,2,1200.0,0,2400.0,Cash,Pune,Store
TXN001277,2025-03-23 06:14:07,CUST0373,P002,Mechanical Keyboard,Electronics,4,3500.0,25,10500.0,UPI,Pune,Store
TXN001278,2025-10-19 18:41:54,CUST0452,P011,Smart Watch,Electronics,5,4999.0,10,22495.5,Wallet,Hyderabad,Store
TXN001279,2025-03-11 12:23:13,CUST0165,P012,Power Bank,Electronics,3,1500.0,20,3600.0,Wallet,Chennai,Store
TXN001280,2025-07-03 23:44:45,CUST0138,P010,Desk Lamp,Home,4,850.0,25,2550.0,UPI,Pune,Online
TXN001281,2025-12-14 12:55:45,CUST0104,P008,Coffee Mug,Home,2,250.0,15,425.0,Card,Delhi,Store
TXN001282,2025-12-12 03:22:03,CUST0194,P010,Desk Lamp,Home,2,850.0,10,1530.0,Cash,Hyderabad,Online
TXN001283,2025-02-22 04:02:57,CUST0385,P002,Mechanical Keyboard,Electronics,3,3500.0,15,8925.0,Cash,Pune,Online
TXN001284,2025-06-30 16:28:23,CUST0263,P010,Desk Lamp,Home,3,850.0,15,2167.5,Wallet,Bengaluru,Store
TXN001285,2025-06-08 19:42:58,CUST0189,P008,Coffee Mug,Home,3,250.0,10,675.0,Wallet,Mumbai,Online
TXN001286,2025-06-21 12:50:06,CUST0120,P005,Ball Pen Pack,Stationery,1,100.0,10,90.0,UPI,Delhi,Online
TXN001287,2025-11-02 04:52:12,CUST0142,P004,Notebook,Stationery,1,150.0,0,150.0,UPI,Delhi,Online
TXN001288,2025-08-01 01:19:54,CUST0103,P006,Backpack,Fashion,2,1200.0,25,1800.0,Cash,Delhi,Store
TXN001289,2025-10-17 09:52:23,CUST0418,P011,Smart Watch,Electronics,3,4999.0,5,14247.15,Card,Chennai,Store
TXN001290,2025-01-04 07:32:29,CUST0395,P005,Ball Pen Pack,Stationery,3,100.0,10,270.0,Wallet,Bengaluru,Online
TXN001291,2025-07-03 07:23:45,CUST0335,P009,Water Bottle,Home,2,450.0,15,765.0,Card,Pune,Online
TXN001292,2025-07-04 06:05:06,CUST0120,P009,Water Bottle,Home,5,450.0,20,1800.0,Wallet,Chennai,Store
TXN001293,2025-05-13 07:10:38,CUST0406,P002,Mechanical Keyboard,Electronics,3,3500.0,5,9975.0,Wallet,Chennai,Store
TXN001294,2025-03-23 09:28:17,CUST0225,P008,Coffee Mug,Home,5,250.0,0,1250.0,Cash,Pune,Online
TXN001295,2025-04-29 16:08:12,CUST0483,P012,Power Bank,Electronics,1,1500.0,15,1275.0,Cash,Delhi,Online
TXN001296,2025-06-12 18:44:10,CUST0218,P011,Smart Watch,Electronics,4,4999.0,25,14997.0,Cash,Delhi,Online
TXN001297,2025-08-09 10:12:18,CUST0403,P001,Wireless Mouse,Electronics,2,599.0,5,1138.1,Cash,Hyderabad,Store
TXN001298,2025-05-29 02:08:47,CUST0105,P007,Running Shoes,Fashion,1,2500.0,20,2000.0,Wallet,Pune,Store
TXN001299,2025-02-12 04:34:58,CUST0169,P010,Desk Lamp,Home,4,850.0,25,2550.0,Cash,Mumbai,Online
TXN001300,2025-02-10 12:16:09,CUST0346,P009,Water Bottle,Home,2,450.0,0,900.0,Wallet,Mumbai,Online
TXN001301,2025-03-19 06:48:09,CUST0036,P007,Running Shoes,Fashion,3,2500.0,5,7125.0,Card,Delhi,Online
TXN001302,2025-06-26 13:46:21,CUST0030,P006,Backpack,Fashion,5,1200.0,0,6000.0,Card,Delhi,Store
TXN001303,2025-06-01 21:21:55,CUST0081,P002,Mechanical Keyboard,Electronics,2,3500.0,20,5600.0,Wallet,Bengaluru,Online
TXN001304,2025-06-01 01:40:35,CUST0490,P004,Notebook,Stationery,2,150.0,5,285.0,Cash,Bengaluru,Store
TXN001305,2025-03-03 15:56:54,CUST0310,P010,Desk Lamp,Home,3,850.0,20,2040.0,Card,Hyderabad,Store
TXN001306,2025-04-17 23:17:45,CUST0104,P001,Wireless Mouse,Electronics,2,599.0,15,1018.3,UPI,Bengaluru,Online
TXN001307,2025-07-24 05:20:16,CUST0169,P010,Desk Lamp,Home,4,850.0,15,2890.0,Wallet,Hyderabad,Online
TXN001308,2025-10-14 08:02:51,CUST0047,P005,Ball Pen Pack,Stationery,4,100.0,10,360.0,Cash,Bengaluru,Online
TXN001309,2025-06-11 04:34:19,CUST0128,P003,USB-C Cable,Electronics,5,299.0,25,1121.25,Wallet,Bengaluru,Store
TXN001310,2025-12-20 17:34:47,CUST0338,P003,USB-C Cable,Electronics,5,299.0,0,1495.0,Wallet,Chennai,Online
TXN001311,2025-04-04 02:07:18,CUST0454,P003,USB-C Cable,Electronics,3,299.0,25,672.75,Cash,Chennai,Online
TXN001312,2025-09-29 02:14:29,CUST0372,P012,Power Bank,Electronics,2,1500.0,15,2550.0,Wallet,Hyderabad,Online
TXN001313,2025-05-24 04:49:55,CUST0040,P002,Mechanical Keyboard,Electronics,5,3500.0,10,15750.0,Wallet,Bengaluru,Online
TXN001314,2025-04-09 03:57:20,CUST0107,P009,Water Bottle,Home,1,450.0,15,382.5,UPI,Mumbai,Store
TXN001315,2025-05-29 00:37:38,CUST0176,P012,Power Bank,Electronics,4,1500.0,5,5700.0,Wallet,Mumbai,Online
TXN001316,2025-04-08 07:48:53,CUST0059,P012,Power Bank,Electronics,2,1500.0,10,2700.0,Wallet,Bengaluru,Store
TXN001317,2025-01-27 12:00:59,CUST0043,P009,Water Bottle,Home,2,450.0,25,675.0,Wallet,Pune,Store
TXN001318,2025-11-15 14:55:51,CUST0143,P003,USB-C Cable,Electronics,2,299.0,0,598.0,UPI,Pune,Store
TXN001319,2025-02-18 05:10:29,CUST0274,P012,Power Bank,Electronics,4,1500.0,5,5700.0,UPI,Chennai,Online
TXN001320,2025-09-21 01:40:06,CUST0140,P003,USB-C Cable,Electronics,4,299.0,10,1076.4,Card,Pune,Online
TXN001321,2025-12-13 16:27:08,CUST0346,P009,Water Bottle,Home,2,450.0,15,765.0,UPI,Chennai,Online
TXN001322,2025-06-01 16:49:38,CUST0354,P005,Ball Pen Pack,Stationery,4,100.0,0,400.0,UPI,Mumbai,Store
TXN001323,2025-10-25 22:01:22,CUST0104,P004,Notebook,Stationery,3,150.0,5,427.5,Card,Mumbai,Online
TXN001324,2025-06-13 18:22:04,CUST0015,P001,Wireless Mouse,Electronics,3,599.0,5,1707.15,UPI,Pune,Online
TXN001325,2025-11-06 11:52:17,CUST0428,P011,Smart Watch,Electronics,2,4999.0,25,7498.5,Card,Mumbai,Store
TXN001326,2025-07-19 00:50:49,CUST0056,P006,Backpack,Fashion,3,1200.0,20,2880.0,Card,Hyderabad,Online
TXN001327,2025-12-29 20:33:44,CUST0278,P007,Running Shoes,Fashion,4,2500.0,0,10000.0,Card,Pune,Online
TXN001328,2025-05-19 11:31:56,CUST0166,P003,USB-C Cable,Electronics,1,299.0,15,254.15,Cash,Mumbai,Store
TXN001329,2025-03-24 15:08:27,CUST0235,P004,Notebook,Stationery,1,150.0,25,112.5,Cash,Chennai,Store
TXN001330,2025-01-18 01:32:26,CUST0035,P004,Notebook,Stationery,4,150.0,10,540.0,Wallet,Mumbai,Online
TXN001331,2025-04-08 20:15:08,CUST0492,P002,Mechanical Keyboard,Electronics,5,3500.0,10,15750.0,Wallet,Chennai,Online
TXN001332,2025-05-09 22:53:53,CUST0090,P011,Smart Watch,Electronics,3,4999.0,25,11247.75,Wallet,Mumbai,Store
TXN001333,2025-01-07 20:29:55,CUST0312,P010,Desk Lamp,Home,4,850.0,15,2890.0,Card,Hyderabad,Online
TXN001334,2025-04-01 08:02:39,CUST0011,P010,Desk Lamp,Home,1,850.0,10,765.0,Card,Chennai,Store
TXN001335,2025-10-22 02:02:30,CUST0125,P010,Desk Lamp,Home,1,850.0,0,850.0,Card,Delhi,Store
TXN001336,2025-04-26 04:38:58,CUST0104,P003,USB-C Cable,Electronics,4,299.0,5,1136.2,UPI,Pune,Store
TXN001337,2025-10-15 02:21:42,CUST0450,P006,Backpack,Fashion,2,1200.0,10,2160.0,Cash,Chennai,Online
TXN001338,2025-07-22 06:53:12,CUST0406,P007,Running Shoes,Fashion,3,2500.0,0,7500.0,Card,Chennai,Store
TXN001339,2025-05-14 02:27:37,CUST0125,P004,Notebook,Stationery,5,150.0,0,750.0,Card,Chennai,Online
TXN001340,2025-08-25 03:33:35,CUST0447,P007,Running Shoes,Fashion,5,2500.0,10,11250.0,Card,Bengaluru,Online
TXN001341,2025-01-26 02:16:22,CUST0446,P008,Coffee Mug,Home,1,250.0,5,237.5,UPI,Chennai,Online
TXN001342,2025-12-31 09:21:08,CUST0105,P003,USB-C Cable,Electronics,1,299.0,5,284.05,Card,Pune,Online
TXN001343,2025-06-15 12:50:34,CUST0372,P008,Coffee Mug,Home,3,250.0,5,712.5,Card,Pune,Store
TXN001344,2025-03-10 12:29:53,CUST0311,P004,Notebook,Stationery,3,150.0,10,405.0,Wallet,Chennai,Online
TXN001345,2025-04-16 13:55:34,CUST0442,P008,Coffee Mug,Home,1,250.0,10,225.0,Wallet,Bengaluru,Online
TXN001346,2025-07-02 19:22:03,CUST0226,P007,Running Shoes,Fashion,5,2500.0,20,10000.0,Wallet,Pune,Store
TXN001347,2025-01-08 16:39:09,CUST0391,P007,Running Shoes,Fashion,4,2500.0,0,10000.0,Cash,Hyderabad,Online
TXN001348,2025-08-03 16:57:19,CUST0373,P003,USB-C Cable,Electronics,3,299.0,15,762.45,Wallet,Delhi,Store
TXN001349,2025-04-20 23:51:19,CUST0193,P009,Water Bottle,Home,5,450.0,15,1912.5,UPI,Delhi,Online
TXN001350,2025-10-05 15:00:34,CUST0241,P004,Notebook,Stationery,2,150.0,5,285.0,UPI,Mumbai,Store
TXN001351,2025-07-10 20:40:50,CUST0208,P007,Running Shoes,Fashion,4,2500.0,25,7500.0,Cash,Bengaluru,Store
TXN001352,2025-04-30 13:00:17,CUST0329,P010,Desk Lamp,Home,1,850.0,15,722.5,UPI,Mumbai,Store
TXN001353,2025-12-29 00:04:37,CUST0290,P003,USB-C Cable,Electronics,2,299.0,15,508.3,Cash,Chennai,Store
TXN001354,2025-07-17 21:53:39,CUST0364,P008,Coffee Mug,Home,3,250.0,25,562.5,UPI,Chennai,Store
TXN001355,2025-12-26 19:46:50,CUST0218,P012,Power Bank,Electronics,2,1500.0,5,2850.0,Wallet,Mumbai,Store
TXN001356,2025-09-03 00:54:19,CUST0362,P011,Smart Watch,Electronics,1,4999.0,25,3749.25,Card,Delhi,Store
TXN001357,2025-09-22 11:59:59,CUST0076,P005,Ball Pen Pack,Stationery,2,100.0,20,160.0,Card,Mumbai,Online
TXN001358,2025-10-27 09:58:53,CUST0048,P011,Smart Watch,Electronics,4,4999.0,15,16996.6,UPI,Hyderabad,Online
TXN001359,2025-12-07 04:58:09,CUST0217,P003,USB-C Cable,Electronics,4,299.0,10,1076.4,Cash,Hyderabad,Store
TXN001360,2025-08-16 14:39:33,CUST0158,P012,Power Bank,Electronics,4,1500.0,25,4500.0,UPI,Mumbai,Store
TXN001361,2025-11-13 05:09:18,CUST0074,P005,Ball Pen Pack,Stationery,2,100.0,25,150.0,Wallet,Chennai,Store
TXN001362,2025-01-03 11:50:29,CUST0087,P008,Coffee Mug,Home,1,250.0,0,250.0,UPI,Chennai,Store
TXN001363,2025-07-23 21:00:01,CUST0214,P011,Smart Watch,Electronics,3,4999.0,25,11247.75,Wallet,Pune,Online
TXN001364,2025-05-26 12:00:14,CUST0096,P012,Power Bank,Electronics,2,1500.0,5,2850.0,Wallet,Pune,Online
TXN001365,2025-06-25 00:27:46,CUST0291,P004,Notebook,Stationery,2,150.0,5,285.0,UPI,Chennai,Online
TXN001366,2025-11-11 06:05:29,CUST0389,P004,Notebook,Stationery,3,150.0,15,382.5,Wallet,Chennai,Online
TXN001367,2025-12-04 05:43:13,CUST0326,P003,USB-C Cable,Electronics,1,299.0,10,269.1,UPI,Bengaluru,Online
TXN001368,2025-04-18 11:36:38,CUST0033,P006,Backpack,Fashion,1,1200.0,20,960.0,Card,Bengaluru,Store
TXN001369,2025-09-19 06:59:35,CUST0390,P002,Mechanical Keyboard,Electronics,1,3500.0,0,3500.0,Cash,Mumbai,Online
TXN001370,2025-02-07 14:37:53,CUST0109,P009,Water Bottle,Home,1,450.0,15,382.5,Cash,Bengaluru,Store
TXN001371,2025-10-21 22:55:40,CUST0173,P010,Desk Lamp,Home,4,850.0,10,3060.0,Cash,Chennai,Store
TXN001372,2025-05-03 10:05:55,CUST0419,P004,Notebook,Stationery,3,150.0,25,337.5,Wallet,Bengaluru,Online
TXN001373,2025-05-19 06:25:58,CUST0448,P006,Backpack,Fashion,1,1200.0,0,1200.0,Wallet,Chennai,Store
TXN001374,2025-10-09 15:32:31,CUST0428,P003,USB-C Cable,Electronics,1,299.0,20,239.2,UPI,Hyderabad,Store
TXN001375,2025-09-29 13:37:07,CUST0385,P004,Notebook,Stationery,3,150.0,15,382.5,Wallet,Hyderabad,Store
TXN001376,2025-09-14 09:46:29,CUST0097,P001,Wireless Mouse,Electronics,3,599.0,0,1797.0,Cash,Mumbai,Store
TXN001377,2025-09-21 06:45:36,CUST0228,P004,Notebook,Stationery,5,150.0,15,637.5,Wallet,Chennai,Online
TXN001378,2025-05-16 06:42:28,CUST0220,P008,Coffee Mug,Home,1,250.0,25,187.5,Wallet,Delhi,Online
TXN001379,2025-10-04 11:46:48,CUST0074,P009,Water Bottle,Home,5,450.0,25,1687.5,UPI,Pune,Store
TXN001380,2025-11-06 10:54:28,CUST0045,P005,Ball Pen Pack,Stationery,5,100.0,15,425.0,Card,Bengaluru,Online
TXN001381,2025-07-07 06:08:11,CUST0340,P009,Water Bottle,Home,2,450.0,5,855.0,Card,Pune,Online
TXN001382,2025-02-10 23:02:55,CUST0223,P012,Power Bank,Electronics,1,1500.0,5,1425.0,Cash,Bengaluru,Store
TXN001383,2025-03-27 14:03:12,CUST0369,P005,Ball Pen Pack,Stationery,4,100.0,25,300.0,UPI,Chennai,Online
TXN001384,2025-12-25 08:31:28,CUST0274,P011,Smart Watch,Electronics,4,4999.0,0,19996.0,Cash,Pune,Online
TXN001385,2025-09-08 02:23:22,CUST0176,P007,Running Shoes,Fashion,4,2500.0,25,7500.0,Wallet,Pune,Online
TXN001386,2025-04-11 14:55:50,CUST0060,P005,Ball Pen Pack,Stationery,1,100.0,0,100.0,UPI,Delhi,Online
TXN001387,2025-10-17 04:20:25,CUST0483,P002,Mechanical Keyboard,Electronics,5,3500.0,10,15750.0,Card,Delhi,Store
TXN001388,2025-08-13 01:15:16,CUST0378,P001,Wireless Mouse,Electronics,3,599.0,0,1797.0,Card,Bengaluru,Store
TXN001389,2025-05-05 03:17:18,CUST0395,P006,Backpack,Fashion,2,1200.0,20,1920.0,Card,Mumbai,Store
TXN001390,2025-01-04 13:38:35,CUST0276,P008,Coffee Mug,Home,3,250.0,5,712.5,Cash,Pune,Store
TXN001391,2025-09-22 01:52:53,CUST0234,P003,USB-C Cable,Electronics,5,299.0,10,1345.5,Card,Chennai,Online
TXN001392,2025-08-21 13:58:08,CUST0164,P005,Ball Pen Pack,Stationery,5,100.0,25,375.0,UPI,Delhi,Store
TXN001393,2025-09-03 02:03:52,CUST0425,P004,Notebook,Stationery,4,150.0,10,540.0,Wallet,Mumbai,Store
TXN001394,2025-03-01 07:17:16,CUST0424,P012,Power Bank,Electronics,2,1500.0,25,2250.0,Card,Chennai,Online
TXN001395,2025-12-25 12:27:17,CUST0444,P003,USB-C Cable,Electronics,4,299.0,25,897.0,Wallet,Delhi,Online
TXN001396,2025-01-09 09:00:28,CUST0281,P007,Running Shoes,Fashion,3,2500.0,15,6375.0,Wallet,Delhi,Store
TXN001397,2025-06-01 20:58:20,CUST0037,P009,Water Bottle,Home,3,450.0,10,1215.0,Card,Chennai,Store
TXN001398,2025-02-07 19:05:02,CUST0068,P006,Backpack,Fashion,5,1200.0,0,6000.0,Cash,Bengaluru,Online
TXN001399,2025-08-13 03:29:49,CUST0071,P008,Coffee Mug,Home,4,250.0,10,900.0,Card,Pune,Online
TXN001400,2025-11-09 09:09:50,CUST0384,P004,Notebook,Stationery,1,150.0,10,135.0,UPI,Chennai,Online
TXN001401,2025-05-27 05:45:15,CUST0487,P007,Running Shoes,Fashion,2,2500.0,0,5000.0,UPI,Delhi,Store
TXN001402,2025-03-11 18:17:59,CUST0484,P001,Wireless Mouse,Electronics,1,599.0,20,479.2,Cash,Hyderabad,Store
TXN001403,2025-02-27 16:45:25,CUST0322,P012,Power Bank,Electronics,4,1500.0,5,5700.0,UPI,Mumbai,Online
TXN001404,2025-06-04 00:59:50,CUST0251,P005,Ball Pen Pack,Stationery,5,100.0,5,475.0,Wallet,Chennai,Online
TXN001405,2025-10-30 00:58:35,CUST0238,P011,Smart Watch,Electronics,4,4999.0,10,17996.4,Wallet,Delhi,Online
TXN001406,2025-02-16 14:29:04,CUST0060,P002,Mechanical Keyboard,Electronics,1,3500.0,15,2975.0,Card,Mumbai,Store
TXN001407,2025-04-17 07:18:00,CUST0356,P012,Power Bank,Electronics,1,1500.0,20,1200.0,Card,Bengaluru,Store
TXN001408,2025-09-08 08:04:34,CUST0360,P007,Running Shoes,Fashion,3,2500.0,20,6000.0,Card,Mumbai,Store
TXN001409,2025-01-25 15:50:49,CUST0366,P009,Water Bottle,Home,2,450.0,15,765.0,UPI,Bengaluru,Store
TXN001410,2025-01-25 19:53:10,CUST0266,P010,Desk Lamp,Home,5,850.0,25,3187.5,UPI,Pune,Online
TXN001411,2025-03-12 03:54:43,CUST0442,P010,Desk Lamp,Home,2,850.0,0,1700.0,Wallet,Delhi,Online
TXN001412,2025-01-16 04:50:26,CUST0066,P010,Desk Lamp,Home,2,850.0,25,1275.0,Card,Mumbai,Store
TXN001413,2025-11-27 16:05:24,CUST0386,P001,Wireless Mouse,Electronics,1,599.0,0,599.0,Cash,Delhi,Online
TXN001414,2025-06-14 07:07:26,CUST0484,P011,Smart Watch,Electronics,1,4999.0,5,4749.05,Cash,Mumbai,Store
TXN001415,2025-09-13 23:47:38,CUST0274,P008,Coffee Mug,Home,2,250.0,20,400.0,Wallet,Chennai,Store
TXN001416,2025-07-22 23:36:09,CUST0467,P006,Backpack,Fashion,5,1200.0,20,4800.0,Card,Chennai,Online
TXN001417,2025-09-15 08:02:16,CUST0420,P001,Wireless Mouse,Electronics,2,599.0,0,1198.0,Card,Pune,Store
TXN001418,2025-11-29 11:17:31,CUST0427,P004,Notebook,Stationery,2,150.0,20,240.0,Card,Hyderabad,Store
TXN001419,2025-04-18 17:30:55,CUST0066,P012,Power Bank,Electronics,5,1500.0,15,6375.0,UPI,Hyderabad,Store
TXN001420,2025-04-12 05:39:42,CUST0196,P011,Smart Watch,Electronics,2,4999.0,15,8498.3,Wallet,Mumbai,Store
TXN001421,2025-09-20 17:40:34,CUST0218,P012,Power Bank,Electronics,2,1500.0,20,2400.0,Card,Mumbai,Store
TXN001422,2025-09-03 21:06:16,CUST0357,P011,Smart Watch,Electronics,2,4999.0,25,7498.5,Cash,Hyderabad,Online
TXN001423,2025-06-12 23:45:41,CUST0421,P003,USB-C Cable,Electronics,3,299.0,15,762.45,Wallet,Mumbai,Online
TXN001424,2025-01-31 02:34:53,CUST0139,P002,Mechanical Keyboard,Electronics,5,3500.0,0,17500.0,Wallet,Mumbai,Store
TXN001425,2025-09-06 14:53:12,CUST0046,P006,Backpack,Fashion,3,1200.0,10,3240.0,Card,Pune,Store
TXN001426,2025-01-04 19:55:58,CUST0051,P007,Running Shoes,Fashion,2,2500.0,15,4250.0,UPI,Mumbai,Online
TXN001427,2025-07-24 11:06:32,CUST0373,P005,Ball Pen Pack,Stationery,5,100.0,15,425.0,UPI,Hyderabad,Store
TXN001428,2025-09-30 00:43:07,CUST0293,P005,Ball Pen Pack,Stationery,5,100.0,10,450.0,UPI,Mumbai,Online
TXN001429,2025-05-04 11:56:28,CUST0485,P007,Running Shoes,Fashion,2,2500.0,10,4500.0,Wallet,Bengaluru,Online
TXN001430,2025-04-11 14:37:25,CUST0005,P011,Smart Watch,Electronics,5,4999.0,25,18746.25,Card,Chennai,Online
TXN001431,2025-02-25 09:46:55,CUST0194,P010,Desk Lamp,Home,3,850.0,0,2550.0,Cash,Chennai,Online
TXN001432,2025-09-21 09:25:26,CUST0312,P007,Running Shoes,Fashion,4,2500.0,5,9500.0,Wallet,Delhi,Store
TXN001433,2025-07-15 01:06:57,CUST0147,P005,Ball Pen Pack,Stationery,4,100.0,20,320.0,Card,Delhi,Online
TXN001434,2025-04-29 16:58:18,CUST0209,P006,Backpack,Fashion,1,1200.0,25,900.0,UPI,Mumbai,Online
TXN001435,2025-02-06 08:43:42,CUST0085,P010,Desk Lamp,Home,1,850.0,0,850.0,Cash,Hyderabad,Store
TXN001436,2025-11-10 22:20:21,CUST0448,P001,Wireless Mouse,Electronics,4,599.0,25,1797.0,Card,Bengaluru,Store
TXN001437,2025-07-20 00:15:17,CUST0351,P011,Smart Watch,Electronics,5,4999.0,25,18746.25,UPI,Bengaluru,Online
TXN001438,2025-08-28 08:12:27,CUST0098,P012,Power Bank,Electronics,1,1500.0,25,1125.0,Wallet,Chennai,Store
TXN001439,2025-04-05 20:21:12,CUST0379,P011,Smart Watch,Electronics,5,4999.0,25,18746.25,UPI,Hyderabad,Store
TXN001440,2025-03-07 10:50:06,CUST0346,P009,Water Bottle,Home,2,450.0,5,855.0,UPI,Delhi,Online
TXN001441,2025-07-19 11:53:11,CUST0181,P001,Wireless Mouse,Electronics,4,599.0,15,2036.6,Wallet,Pune,Store
TXN001442,2025-02-13 23:24:46,CUST0174,P011,Smart Watch,Electronics,2,4999.0,20,7998.4,UPI,Delhi,Store
TXN001443,2025-07-07 15:02:54,CUST0151,P005,Ball Pen Pack,Stationery,2,100.0,0,200.0,Wallet,Pune,Store
TXN001444,2025-12-27 19:55:24,CUST0478,P011,Smart Watch,Electronics,5,4999.0,0,24995.0,Wallet,Hyderabad,Store
TXN001445,2025-01-23 07:54:30,CUST0183,P001,Wireless Mouse,Electronics,5,599.0,15,2545.75,Cash,Delhi,Store
TXN001446,2025-02-11 14:50:29,CUST0003,P006,Backpack,Fashion,2,1200.0,15,2040.0,Cash,Mumbai,Online
TXN001447,2025-06-17 07:22:57,CUST0252,P004,Notebook,Stationery,1,150.0,20,120.0,Card,Bengaluru,Online
TXN001448,2025-12-21 14:47:37,CUST0250,P001,Wireless Mouse,Electronics,2,599.0,25,898.5,Cash,Pune,Store
TXN001449,2025-06-03 13:00:40,CUST0192,P005,Ball Pen Pack,Stationery,3,100.0,15,255.0,Card,Hyderabad,Store
TXN001450,2025-02-12 05:06:38,CUST0225,P011,Smart Watch,Electronics,4,4999.0,5,18996.2,Card,Delhi,Store
TXN001451,2025-01-03 06:09:18,CUST0184,P012,Power Bank,Electronics,2,1500.0,0,3000.0,Card,Delhi,Online
TXN001452,2025-02-21 21:59:27,CUST0203,P007,Running Shoes,Fashion,3,2500.0,0,7500.0,Card,Chennai,Online
TXN001453,2025-07-06 03:21:10,CUST0492,P011,Smart Watch,Electronics,3,4999.0,0,14997.0,Wallet,Bengaluru,Store
TXN001454,2025-11-07 14:51:48,CUST0350,P012,Power Bank,Electronics,2,1500.0,10,2700.0,Wallet,Hyderabad,Store
TXN001455,2025-02-21 00:54:05,CUST0057,P002,Mechanical Keyboard,Electronics,1,3500.0,5,3325.0,Card,Delhi,Online
TXN001456,2025-10-26 00:32:46,CUST0351,P004,Notebook,Stationery,1,150.0,25,112.5,Cash,Bengaluru,Online
TXN001457,2025-06-18 16:14:06,CUST0246,P005,Ball Pen Pack,Stationery,3,100.0,15,255.0,UPI,Bengaluru,Online
TXN001458,2025-08-28 20:34:18,CUST0079,P012,Power Bank,Electronics,5,1500.0,5,7125.0,Card,Delhi,Online
TXN001459,2025-12-02 14:37:06,CUST0135,P012,Power Bank,Electronics,2,1500.0,25,2250.0,Wallet,Pune,Store
TXN001460,2025-10-02 08:41:34,CUST0401,P002,Mechanical Keyboard,Electronics,5,3500.0,20,14000.0,Card,Pune,Online
TXN001461,2025-03-31 02:00:56,CUST0062,P003,USB-C Cable,Electronics,4,299.0,0,1196.0,Cash,Pune,Online
TXN001462,2025-06-15 13:25:54,CUST0010,P010,Desk Lamp,Home,2,850.0,0,1700.0,UPI,Bengaluru,Store
TXN001463,2025-07-23 21:05:09,CUST0157,P012,Power Bank,Electronics,2,1500.0,5,2850.0,Cash,Bengaluru,Store
TXN001464,2025-01-24 19:49:15,CUST0262,P007,Running Shoes,Fashion,1,2500.0,10,2250.0,UPI,Delhi,Store
TXN001465,2025-04-19 22:58:15,CUST0483,P006,Backpack,Fashion,4,1200.0,5,4560.0,Cash,Mumbai,Online
TXN001466,2025-01-16 21:06:51,CUST0001,P001,Wireless Mouse,Electronics,3,599.0,5,1707.15,Cash,Bengaluru,Store
TXN001467,2025-12-19 19:39:56,CUST0311,P002,Mechanical Keyboard,Electronics,4,3500.0,5,13300.0,Cash,Bengaluru,Store
TXN001468,2025-05-10 19:44:07,CUST0156,P002,Mechanical Keyboard,Electronics,1,3500.0,25,2625.0,UPI,Chennai,Online
TXN001469,2025-05-09 15:07:01,CUST0185,P012,Power Bank,Electronics,3,1500.0,25,3375.0,Cash,Pune,Store
TXN001470,2025-03-23 13:39:08,CUST0300,P007,Running Shoes,Fashion,1,2500.0,0,2500.0,Card,Chennai,Online
TXN001471,2025-01-16 22:30:38,CUST0301,P011,Smart Watch,Electronics,2,4999.0,5,9498.1,Wallet,Mumbai,Online
TXN001472,2025-08-01 06:29:08,CUST0317,P006,Backpack,Fashion,3,1200.0,25,2700.0,Wallet,Pune,Online
TXN001473,2025-01-18 00:20:56,CUST0066,P004,Notebook,Stationery,4,150.0,20,480.0,Cash,Hyderabad,Store
TXN001474,2025-12-14 13:11:38,CUST0188,P008,Coffee Mug,Home,1,250.0,15,212.5,UPI,Bengaluru,Store
TXN001475,2025-07-23 09:49:21,CUST0477,P009,Water Bottle,Home,1,450.0,5,427.5,Cash,Chennai,Online
TXN001476,2025-04-23 11:47:34,CUST0024,P010,Desk Lamp,Home,1,850.0,25,637.5,Card,Chennai,Store
TXN001477,2025-07-12 05:58:32,CUST0351,P009,Water Bottle,Home,5,450.0,0,2250.0,Card,Bengaluru,Store
TXN001478,2025-08-07 10:52:00,CUST0400,P007,Running Shoes,Fashion,4,2500.0,20,8000.0,Cash,Pune,Online
TXN001479,2025-01-02 09:33:34,CUST0082,P010,Desk Lamp,Home,2,850.0,20,1360.0,UPI,Hyderabad,Store
TXN001480,2025-07-15 15:55:18,CUST0363,P012,Power Bank,Electronics,5,1500.0,10,6750.0,Cash,Pune,Store
TXN001481,2025-10-03 01:24:44,CUST0138,P009,Water Bottle,Home,1,450.0,5,427.5,Card,Mumbai,Online
TXN001482,2025-04-24 08:10:36,CUST0021,P011,Smart Watch,Electronics,2,4999.0,10,8998.2,Card,Delhi,Online
TXN001483,2025-09-07 11:43:27,CUST0128,P004,Notebook,Stationery,5,150.0,0,750.0,UPI,Chennai,Store
TXN001484,2025-09-03 17:01:54,CUST0310,P006,Backpack,Fashion,3,1200.0,0,3600.0,Cash,Chennai,Online
TXN001485,2025-06-08 14:01:53,CUST0460,P010,Desk Lamp,Home,3,850.0,10,2295.0,UPI,Chennai,Online
TXN001486,2025-11-16 23:36:03,CUST0183,P004,Notebook,Stationery,3,150.0,5,427.5,Cash,Mumbai,Online
TXN001487,2025-10-08 15:08:26,CUST0382,P012,Power Bank,Electronics,4,1500.0,25,4500.0,Cash,Chennai,Online
TXN001488,2025-11-14 05:33:58,CUST0227,P004,Notebook,Stationery,3,150.0,10,405.0,Card,Hyderabad,Store
TXN001489,2025-03-02 10:41:01,CUST0229,P004,Notebook,Stationery,4,150.0,10,540.0,Card,Bengaluru,Online
TXN001490,2025-07-12 14:41:35,CUST0093,P008,Coffee Mug,Home,2,250.0,5,475.0,Card,Hyderabad,Store
TXN001491,2025-10-11 07:14:46,CUST0093,P011,Smart Watch,Electronics,3,4999.0,0,14997.0,Cash,Pune,Online
TXN001492,2025-11-14 11:38:41,CUST0202,P011,Smart Watch,Electronics,5,4999.0,5,23745.25,UPI,Pune,Online
TXN001493,2025-06-15 14:17:23,CUST0126,P008,Coffee Mug,Home,4,250.0,0,1000.0,Card,Chennai,Online
TXN001494,2025-08-23 07:06:11,CUST0052,P007,Running Shoes,Fashion,4,2500.0,0,10000.0,UPI,Mumbai,Online
TXN001495,2025-02-21 07:59:52,CUST0128,P002,Mechanical Keyboard,Electronics,3,3500.0,5,9975.0,UPI,Mumbai,Online
TXN001496,2025-07-30 15:15:22,CUST0377,P006,Backpack,Fashion,1,1200.0,5,1140.0,Card,Bengaluru,Store
TXN001497,2025-11-13 16:41:02,CUST0084,P005,Ball Pen Pack,Stationery,3,100.0,15,255.0,Card,Pune,Online
TXN001498,2025-07-31 02:02:00,CUST0355,P005,Ball Pen Pack,Stationery,5,100.0,0,500.0,UPI,Mumbai,Online
TXN001499,2025-07-31 12:25:56,CUST0152,P002,Mechanical Keyboard,Electronics,5,3500.0,15,14875.0,Card,Mumbai,Online
TXN001500,2025-01-10 07:42:15,CUST0117,P007,Running Shoes,Fashion,4,2500.0,5,9500.0,Cash,Chennai,Store
TXN001501,2025-03-29 17:23:42,CUST0472,P011,Smart Watch,Electronics,4,4999.0,25,14997.0,UPI,Bengaluru,Online
TXN001502,2025-02-12 18:32:19,CUST0115,P002,Mechanical Keyboard,Electronics,3,3500.0,10,9450.0,UPI,Hyderabad,Store
TXN001503,2025-02-15 23:06:39,CUST0185,P002,Mechanical Keyboard,Electronics,1,3500.0,20,2800.0,Card,Pune,Store
TXN001504,2025-07-26 00:26:16,CUST0172,P010,Desk Lamp,Home,2,850.0,25,1275.0,Wallet,Pune,Store
TXN001505,2025-08-31 15:10:08,CUST0419,P005,Ball Pen Pack,Stationery,3,100.0,0,300.0,Cash,Bengaluru,Store
TXN001506,2025-12-29 07:05:20,CUST0136,P012,Power Bank,Electronics,1,1500.0,0,1500.0,Card,Chennai,Online
TXN001507,2025-05-05 09:00:08,CUST0076,P007,Running Shoes,Fashion,4,2500.0,25,7500.0,Wallet,Mumbai,Online
TXN001508,2025-08-13 09:53:09,CUST0219,P012,Power Bank,Electronics,3,1500.0,5,4275.0,UPI,Delhi,Online
TXN001509,2025-03-12 15:10:22,CUST0393,P007,Running Shoes,Fashion,3,2500.0,10,6750.0,Wallet,Bengaluru,Store
TXN001510,2025-09-27 07:09:02,CUST0499,P007,Running Shoes,Fashion,5,2500.0,25,9375.0,Cash,Pune,Online
TXN001511,2025-05-29 19:32:42,CUST0215,P009,Water Bottle,Home,4,450.0,20,1440.0,Wallet,Hyderabad,Online
TXN001512,2025-05-30 08:59:09,CUST0043,P010,Desk Lamp,Home,4,850.0,20,2720.0,Card,Chennai,Online
TXN001513,2025-04-02 08:09:29,CUST0186,P001,Wireless Mouse,Electronics,2,599.0,0,1198.0,Cash,Hyderabad,Store
TXN001514,2025-02-21 21:10:26,CUST0472,P002,Mechanical Keyboard,Electronics,1,3500.0,10,3150.0,Cash,Pune,Store
TXN001515,2025-06-28 19:07:50,CUST0074,P009,Water Bottle,Home,4,450.0,5,1710.0,Card,Pune,Online
TXN001516,2025-10-18 02:30:05,CUST0071,P002,Mechanical Keyboard,Electronics,2,3500.0,15,5950.0,UPI,Chennai,Store
TXN001517,2025-05-25 08:20:53,CUST0028,P012,Power Bank,Electronics,1,1500.0,25,1125.0,UPI,Bengaluru,Online
TXN001518,2025-01-12 17:21:05,CUST0076,P006,Backpack,Fashion,2,1200.0,0,2400.0,Card,Mumbai,Online
TXN001519,2025-08-10 01:10:17,CUST0426,P007,Running Shoes,Fashion,2,2500.0,5,4750.0,Wallet,Chennai,Online
TXN001520,2025-10-18 12:51:49,CUST0271,P012,Power Bank,Electronics,3,1500.0,15,3825.0,Wallet,Chennai,Store
TXN001521,2025-06-22 10:08:03,CUST0401,P011,Smart Watch,Electronics,1,4999.0,10,4499.1,UPI,Pune,Online
TXN001522,2025-12-09 04:58:47,CUST0329,P001,Wireless Mouse,Electronics,5,599.0,5,2845.25,Card,Mumbai,Store
TXN001523,2025-11-20 09:08:27,CUST0217,P011,Smart Watch,Electronics,4,4999.0,20,15996.8,Cash,Hyderabad,Store
TXN001524,2025-10-03 11:38:50,CUST0117,P007,Running Shoes,Fashion,2,2500.0,10,4500.0,UPI,Hyderabad,Store
TXN001525,2025-02-18 14:19:38,CUST0381,P004,Notebook,Stationery,4,150.0,20,480.0,UPI,Pune,Store
TXN001526,2025-03-13 08:09:00,CUST0422,P012,Power Bank,Electronics,5,1500.0,20,6000.0,UPI,Chennai,Store
TXN001527,2025-07-05 09:50:31,CUST0161,P011,Smart Watch,Electronics,4,4999.0,15,16996.6,Card,Mumbai,Store
TXN001528,2025-09-09 03:11:19,CUST0218,P004,Notebook,Stationery,3,150.0,0,450.0,UPI,Mumbai,Store
TXN001529,2025-08-23 06:08:23,CUST0399,P006,Backpack,Fashion,1,1200.0,5,1140.0,Cash,Pune,Online
TXN001530,2025-01-26 08:49:07,CUST0109,P010,Desk Lamp,Home,1,850.0,10,765.0,Card,Hyderabad,Online
TXN001531,2025-09-05 22:12:58,CUST0476,P001,Wireless Mouse,Electronics,2,599.0,10,1078.2,UPI,Hyderabad,Online
TXN001532,2025-08-07 22:25:52,CUST0405,P008,Coffee Mug,Home,1,250.0,0,250.0,Cash,Mumbai,Store
TXN001533,2025-01-04 07:01:38,CUST0183,P005,Ball Pen Pack,Stationery,4,100.0,20,320.0,Card,Delhi,Store
TXN001534,2025-10-09 19:54:12,CUST0183,P003,USB-C Cable,Electronics,1,299.0,10,269.1,Wallet,Chennai,Online
TXN001535,2025-07-15 00:37:47,CUST0414,P003,USB-C Cable,Electronics,1,299.0,20,239.2,Wallet,Bengaluru,Online
TXN001536,2025-04-23 16:06:31,CUST0083,P003,USB-C Cable,Electronics,4,299.0,0,1196.0,UPI,Chennai,Online
TXN001537,2025-12-10 11:13:29,CUST0111,P011,Smart Watch,Electronics,2,4999.0,25,7498.5,Card,Hyderabad,Store
TXN001538,2025-06-23 18:49:04,CUST0403,P003,USB-C Cable,Electronics,3,299.0,10,807.3,Cash,Hyderabad,Store
TXN001539,2025-01-16 12:56:50,CUST0457,P012,Power Bank,Electronics,4,1500.0,5,5700.0,Card,Hyderabad,Online
TXN001540,2025-03-01 04:29:02,CUST0291,P011,Smart Watch,Electronics,4,4999.0,0,19996.0,UPI,Pune,Store
TXN001541,2025-08-01 11:40:39,CUST0445,P002,Mechanical Keyboard,Electronics,4,3500.0,0,14000.0,Wallet,Delhi,Online
TXN001542,2025-12-29 18:01:57,CUST0152,P003,USB-C Cable,Electronics,1,299.0,10,269.1,Cash,Delhi,Online
TXN001543,2025-01-28 15:00:58,CUST0092,P012,Power Bank,Electronics,4,1500.0,10,5400.0,Wallet,Delhi,Store
TXN001544,2025-09-10 13:09:41,CUST0474,P003,USB-C Cable,Electronics,1,299.0,20,239.2,Wallet,Mumbai,Store
TXN001545,2025-11-30 14:29:26,CUST0147,P007,Running Shoes,Fashion,4,2500.0,20,8000.0,Card,Bengaluru,Store
TXN001546,2025-07-19 00:39:10,CUST0433,P010,Desk Lamp,Home,3,850.0,10,2295.0,UPI,Chennai,Store
TXN001547,2025-07-16 11:43:30,CUST0231,P005,Ball Pen Pack,Stationery,1,100.0,20,80.0,UPI,Chennai,Online
TXN001548,2025-09-29 18:05:55,CUST0421,P009,Water Bottle,Home,1,450.0,5,427.5,UPI,Delhi,Store
TXN001549,2025-03-03 10:35:05,CUST0292,P007,Running Shoes,Fashion,1,2500.0,5,2375.0,Wallet,Bengaluru,Online
TXN001550,2025-05-16 12:20:15,CUST0239,P008,Coffee Mug,Home,5,250.0,15,1062.5,UPI,Mumbai,Online
TXN001551,2025-10-12 04:39:59,CUST0056,P007,Running Shoes,Fashion,4,2500.0,5,9500.0,Wallet,Delhi,Online
TXN001552,2025-05-04 05:18:33,CUST0176,P010,Desk Lamp,Home,4,850.0,5,3230.0,Wallet,Mumbai,Store
TXN001553,2025-06-26 12:58:48,CUST0020,P009,Water Bottle,Home,2,450.0,15,765.0,Card,Chennai,Online
TXN001554,2025-05-05 08:21:20,CUST0291,P001,Wireless Mouse,Electronics,5,599.0,15,2545.75,UPI,Delhi,Store
TXN001555,2025-07-03 20:29:51,CUST0110,P001,Wireless Mouse,Electronics,2,599.0,0,1198.0,Wallet,Delhi,Store
TXN001556,2025-09-04 21:02:06,CUST0091,P002,Mechanical Keyboard,Electronics,2,3500.0,0,7000.0,Cash,Bengaluru,Online
TXN001557,2025-04-26 20:42:01,CUST0448,P012,Power Bank,Electronics,4,1500.0,15,5100.0,Card,Chennai,Store
TXN001558,2025-03-13 11:44:02,CUST0426,P001,Wireless Mouse,Electronics,1,599.0,15,509.15,Cash,Delhi,Online
TXN001559,2025-03-19 03:08:08,CUST0179,P007,Running Shoes,Fashion,4,2500.0,15,8500.0,Card,Chennai,Store
TXN001560,2025-05-18 17:58:21,CUST0468,P012,Power Bank,Electronics,5,1500.0,15,6375.0,UPI,Hyderabad,Online
TXN001561,2025-01-31 05:13:47,CUST0371,P011,Smart Watch,Electronics,5,4999.0,20,19996.0,Card,Delhi,Store
TXN001562,2025-01-06 12:13:49,CUST0078,P008,Coffee Mug,Home,2,250.0,15,425.0,Cash,Mumbai,Store
TXN001563,2025-04-13 01:29:55,CUST0267,P012,Power Bank,Electronics,1,1500.0,15,1275.0,Card,Chennai,Store
TXN001564,2025-09-06 03:07:56,CUST0497,P010,Desk Lamp,Home,1,850.0,0,850.0,Card,Chennai,Online
TXN001565,2025-06-13 04:19:30,CUST0357,P009,Water Bottle,Home,2,450.0,20,720.0,Wallet,Pune,Store
TXN001566,2025-03-23 11:08:00,CUST0488,P004,Notebook,Stationery,5,150.0,0,750.0,Cash,Delhi,Online
TXN001567,2025-04-28 06:19:35,CUST0460,P005,Ball Pen Pack,Stationery,5,100.0,0,500.0,Wallet,Chennai,Store
TXN001568,2025-06-10 19:15:37,CUST0211,P006,Backpack,Fashion,3,1200.0,20,2880.0,Wallet,Hyderabad,Store
TXN001569,2025-02-14 00:46:41,CUST0475,P003,USB-C Cable,Electronics,4,299.0,15,1016.6,Cash,Pune,Online
TXN001570,2025-07-30 18:55:00,CUST0224,P007,Running Shoes,Fashion,3,2500.0,25,5625.0,Wallet,Chennai,Store
TXN001571,2025-09-30 15:58:39,CUST0318,P002,Mechanical Keyboard,Electronics,1,3500.0,0,3500.0,UPI,Chennai,Online
TXN001572,2025-08-28 07:57:46,CUST0478,P007,Running Shoes,Fashion,1,2500.0,15,2125.0,UPI,Chennai,Store
TXN001573,2025-07-15 11:40:09,CUST0298,P001,Wireless Mouse,Electronics,3,599.0,15,1527.45,Card,Pune,Store
TXN001574,2025-08-03 05:10:19,CUST0196,P002,Mechanical Keyboard,Electronics,2,3500.0,15,5950.0,UPI,Delhi,Store
TXN001575,2025-06-10 08:49:50,CUST0465,P011,Smart Watch,Electronics,4,4999.0,0,19996.0,Cash,Pune,Store
TXN001576,2025-04-14 22:17:52,CUST0451,P011,Smart Watch,Electronics,3,4999.0,10,13497.3,Wallet,Chennai,Online
TXN001577,2025-01-02 14:45:04,CUST0461,P007,Running Shoes,Fashion,1,2500.0,0,2500.0,UPI,Pune,Store
TXN001578,2025-11-23 12:32:27,CUST0419,P009,Water Bottle,Home,5,450.0,10,2025.0,Cash,Pune,Store
TXN001579,2025-04-04 22:01:45,CUST0285,P007,Running Shoes,Fashion,2,2500.0,20,4000.0,Wallet,Mumbai,Store
TXN001580,2025-02-20 01:09:35,CUST0481,P011,Smart Watch,Electronics,4,4999.0,25,14997.0,Card,Bengaluru,Store
TXN001581,2025-07-20 21:22:18,CUST0082,P007,Running Shoes,Fashion,2,2500.0,0,5000.0,Card,Hyderabad,Online
TXN001582,2025-09-03 05:27:26,CUST0296,P007,Running Shoes,Fashion,3,2500.0,20,6000.0,Card,Delhi,Online
TXN001583,2025-02-06 05:11:39,CUST0048,P001,Wireless Mouse,Electronics,4,599.0,0,2396.0,Card,Mumbai,Online
TXN001584,2025-08-11 01:30:17,CUST0196,P001,Wireless Mouse,Electronics,2,599.0,15,1018.3,Cash,Pune,Online
TXN001585,2025-09-11 09:57:09,CUST0460,P004,Notebook,Stationery,3,150.0,5,427.5,Card,Chennai,Store
TXN001586,2025-10-27 04:34:12,CUST0134,P011,Smart Watch,Electronics,1,4999.0,10,4499.1,UPI,Pune,Online
TXN001587,2025-09-05 22:11:38,CUST0297,P002,Mechanical Keyboard,Electronics,1,3500.0,15,2975.0,UPI,Mumbai,Online
TXN001588,2025-04-20 16:44:46,CUST0135,P003,USB-C Cable,Electronics,1,299.0,0,299.0,Wallet,Delhi,Online
TXN001589,2025-06-01 18:31:19,CUST0052,P008,Coffee Mug,Home,1,250.0,15,212.5,UPI,Bengaluru,Online
TXN001590,2025-03-23 16:06:01,CUST0352,P007,Running Shoes,Fashion,4,2500.0,10,9000.0,Wallet,Pune,Online
TXN001591,2025-04-27 00:35:53,CUST0006,P003,USB-C Cable,Electronics,5,299.0,25,1121.25,UPI,Mumbai,Store
TXN001592,2025-05-15 16:15:30,CUST0248,P010,Desk Lamp,Home,5,850.0,20,3400.0,UPI,Pune,Store
TXN001593,2025-12-26 20:22:52,CUST0063,P004,Notebook,Stationery,5,150.0,0,750.0,UPI,Hyderabad,Online
TXN001594,2025-03-26 00:07:22,CUST0444,P006,Backpack,Fashion,1,1200.0,5,1140.0,UPI,Delhi,Online
TXN001595,2025-03-27 08:19:19,CUST0043,P012,Power Bank,Electronics,2,1500.0,10,2700.0,Cash,Bengaluru,Online
TXN001596,2025-02-05 17:13:15,CUST0179,P012,Power Bank,Electronics,5,1500.0,25,5625.0,Cash,Bengaluru,Store
TXN001597,2025-06-19 08:23:32,CUST0263,P007,Running Shoes,Fashion,2,2500.0,10,4500.0,Card,Pune,Store
TXN001598,2025-06-02 13:24:10,CUST0053,P010,Desk Lamp,Home,5,850.0,10,3825.0,Card,Pune,Store
TXN001599,2025-06-18 08:14:55,CUST0453,P008,Coffee Mug,Home,4,250.0,20,800.0,Cash,Delhi,Online
TXN001600,2025-08-24 20:24:20,CUST0197,P007,Running Shoes,Fashion,2,2500.0,20,4000.0,Cash,Delhi,Online
TXN001601,2025-06-24 12:44:35,CUST0086,P001,Wireless Mouse,Electronics,5,599.0,10,2695.5,Wallet,Delhi,Store
TXN001602,2025-06-04 16:29:14,CUST0016,P002,Mechanical Keyboard,Electronics,2,3500.0,10,6300.0,Wallet,Pune,Store
TXN001603,2025-04-06 06:31:51,CUST0038,P004,Notebook,Stationery,3,150.0,10,405.0,Card,Delhi,Online
TXN001604,2025-01-04 17:47:09,CUST0164,P012,Power Bank,Electronics,1,1500.0,25,1125.0,Cash,Pune,Store
TXN001605,2025-08-09 09:11:48,CUST0408,P006,Backpack,Fashion,2,1200.0,20,1920.0,UPI,Bengaluru,Store
TXN001606,2025-08-22 17:12:01,CUST0109,P009,Water Bottle,Home,2,450.0,0,900.0,Cash,Chennai,Online
TXN001607,2025-08-11 21:35:12,CUST0458,P011,Smart Watch,Electronics,4,4999.0,25,14997.0,Wallet,Delhi,Store
TXN001608,2025-03-18 22:53:44,CUST0101,P001,Wireless Mouse,Electronics,4,599.0,15,2036.6,UPI,Delhi,Store
TXN001609,2025-02-16 07:34:28,CUST0064,P008,Coffee Mug,Home,2,250.0,20,400.0,Cash,Hyderabad,Store
TXN001610,2025-04-02 19:36:43,CUST0296,P001,Wireless Mouse,Electronics,3,599.0,0,1797.0,UPI,Bengaluru,Store
TXN001611,2025-02-20 21:32:58,CUST0431,P007,Running Shoes,Fashion,1,2500.0,20,2000.0,UPI,Delhi,Online
TXN001612,2025-01-27 23:21:33,CUST0241,P002,Mechanical Keyboard,Electronics,4,3500.0,25,10500.0,Cash,Delhi,Store
TXN001613,2025-10-20 16:55:16,CUST0178,P007,Running Shoes,Fashion,1,2500.0,20,2000.0,Cash,Bengaluru,Online
TXN001614,2025-06-02 18:04:40,CUST0153,P012,Power Bank,Electronics,4,1500.0,15,5100.0,UPI,Delhi,Online
TXN001615,2025-01-12 08:59:08,CUST0115,P001,Wireless Mouse,Electronics,1,599.0,5,569.05,UPI,Delhi,Store
TXN001616,2025-03-29 21:39:12,CUST0088,P002,Mechanical Keyboard,Electronics,2,3500.0,25,5250.0,Cash,Hyderabad,Online
TXN001617,2025-12-29 18:32:22,CUST0353,P001,Wireless Mouse,Electronics,3,599.0,0,1797.0,UPI,Mumbai,Store
TXN001618,2025-01-30 03:26:37,CUST0136,P006,Backpack,Fashion,5,1200.0,15,5100.0,Cash,Chennai,Online
TXN001619,2025-12-26 04:18:18,CUST0071,P010,Desk Lamp,Home,4,850.0,0,3400.0,Card,Delhi,Online
TXN001620,2025-10-20 10:47:35,CUST0300,P007,Running Shoes,Fashion,4,2500.0,25,7500.0,UPI,Hyderabad,Online
TXN001621,2025-08-13 10:16:33,CUST0245,P011,Smart Watch,Electronics,4,4999.0,10,17996.4,Cash,Chennai,Store
TXN001622,2025-03-29 16:53:34,CUST0048,P005,Ball Pen Pack,Stationery,3,100.0,25,225.0,UPI,Delhi,Online
TXN001623,2025-09-14 02:48:22,CUST0332,P012,Power Bank,Electronics,2,1500.0,25,2250.0,UPI,Mumbai,Store
TXN001624,2025-01-24 09:43:42,CUST0109,P001,Wireless Mouse,Electronics,2,599.0,15,1018.3,Wallet,Pune,Store
TXN001625,2025-02-10 14:20:03,CUST0175,P004,Notebook,Stationery,5,150.0,20,600.0,Cash,Delhi,Store
TXN001626,2025-09-12 11:44:21,CUST0079,P009,Water Bottle,Home,1,450.0,5,427.5,Card,Delhi,Store
TXN001627,2025-06-25 16:58:15,CUST0445,P010,Desk Lamp,Home,5,850.0,5,4037.5,Wallet,Pune,Online
TXN001628,2025-04-18 21:38:30,CUST0217,P003,USB-C Cable,Electronics,3,299.0,20,717.6,UPI,Pune,Store
TXN001629,2025-12-07 06:44:27,CUST0055,P012,Power Bank,Electronics,1,1500.0,5,1425.0,UPI,Bengaluru,Online
TXN001630,2025-04-14 14:21:08,CUST0015,P008,Coffee Mug,Home,5,250.0,15,1062.5,Cash,Delhi,Online
TXN001631,2025-12-26 23:35:33,CUST0282,P002,Mechanical Keyboard,Electronics,3,3500.0,15,8925.0,Card,Pune,Store
TXN001632,2025-07-15 00:45:13,CUST0221,P009,Water Bottle,Home,3,450.0,0,1350.0,Wallet,Delhi,Store
TXN001633,2025-02-07 23:40:49,CUST0026,P011,Smart Watch,Electronics,4,4999.0,25,14997.0,Wallet,Pune,Store
TXN001634,2025-03-15 13:47:54,CUST0207,P003,USB-C Cable,Electronics,5,299.0,10,1345.5,Wallet,Hyderabad,Store
TXN001635,2025-02-12 09:40:25,CUST0349,P001,Wireless Mouse,Electronics,2,599.0,0,1198.0,Card,Mumbai,Online
TXN001636,2025-12-14 14:32:58,CUST0019,P010,Desk Lamp,Home,3,850.0,5,2422.5,UPI,Hyderabad,Online
TXN001637,2025-04-17 23:28:06,CUST0116,P010,Desk Lamp,Home,4,850.0,15,2890.0,Wallet,Mumbai,Online
TXN001638,2025-10-13 00:40:15,CUST0422,P012,Power Bank,Electronics,3,1500.0,15,3825.0,Card,Pune,Online
TXN001639,2025-05-16 00:10:31,CUST0327,P005,Ball Pen Pack,Stationery,5,100.0,10,450.0,UPI,Mumbai,Online
TXN001640,2025-07-15 10:32:17,CUST0465,P012,Power Bank,Electronics,5,1500.0,15,6375.0,Cash,Chennai,Online
TXN001641,2025-03-08 02:40:57,CUST0162,P011,Smart Watch,Electronics,1,4999.0,5,4749.05,Card,Delhi,Store
TXN001642,2025-02-25 01:59:07,CUST0493,P001,Wireless Mouse,Electronics,4,599.0,15,2036.6,Cash,Mumbai,Online
TXN001643,2025-04-13 11:05:39,CUST0452,P002,Mechanical Keyboard,Electronics,2,3500.0,25,5250.0,UPI,Hyderabad,Store
TXN001644,2025-07-04 00:25:01,CUST0299,P001,Wireless Mouse,Electronics,4,599.0,5,2276.2,Wallet,Mumbai,Online
TXN001645,2025-11-15 00:56:51,CUST0009,P010,Desk Lamp,Home,3,850.0,5,2422.5,Card,Pune,Online
TXN001646,2025-02-08 19:59:50,CUST0156,P012,Power Bank,Electronics,3,1500.0,15,3825.0,Wallet,Chennai,Store
TXN001647,2025-07-31 22:25:59,CUST0132,P011,Smart Watch,Electronics,4,4999.0,10,17996.4,Cash,Bengaluru,Online
TXN001648,2025-11-18 11:11:03,CUST0181,P005,Ball Pen Pack,Stationery,3,100.0,20,240.0,Wallet,Mumbai,Store
TXN001649,2025-09-24 07:58:17,CUST0266,P012,Power Bank,Electronics,1,1500.0,5,1425.0,Wallet,Pune,Online
TXN001650,2025-05-19 17:17:35,CUST0255,P001,Wireless Mouse,Electronics,2,599.0,20,958.4,Wallet,Delhi,Online
TXN001651,2025-10-17 01:59:08,CUST0046,P004,Notebook,Stationery,4,150.0,25,450.0,UPI,Delhi,Store
TXN001652,2025-12-07 05:46:37,CUST0270,P003,USB-C Cable,Electronics,3,299.0,25,672.75,Cash,Delhi,Store
TXN001653,2025-08-17 19:15:21,CUST0214,P005,Ball Pen Pack,Stationery,3,100.0,5,285.0,UPI,Hyderabad,Store
TXN001654,2025-11-20 23:02:33,CUST0314,P002,Mechanical Keyboard,Electronics,4,3500.0,15,11900.0,Cash,Delhi,Online
TXN001655,2025-01-04 05:41:12,CUST0256,P011,Smart Watch,Electronics,2,4999.0,15,8498.3,Card,Hyderabad,Store
TXN001656,2025-08-31 06:11:31,CUST0286,P011,Smart Watch,Electronics,2,4999.0,10,8998.2,Wallet,Delhi,Online
TXN001657,2025-11-07 14:32:13,CUST0151,P001,Wireless Mouse,Electronics,4,599.0,0,2396.0,Card,Delhi,Online
TXN001658,2025-01-21 15:47:50,CUST0251,P005,Ball Pen Pack,Stationery,1,100.0,15,85.0,Cash,Chennai,Online
TXN001659,2025-01-20 09:07:14,CUST0129,P003,USB-C Cable,Electronics,3,299.0,10,807.3,Card,Mumbai,Store
TXN001660,2025-02-25 09:32:26,CUST0376,P004,Notebook,Stationery,4,150.0,20,480.0,UPI,Delhi,Online
TXN001661,2025-01-13 11:32:08,CUST0243,P006,Backpack,Fashion,2,1200.0,25,1800.0,Wallet,Bengaluru,Store
TXN001662,2025-12-18 03:24:30,CUST0051,P005,Ball Pen Pack,Stationery,3,100.0,20,240.0,Cash,Pune,Store
TXN001663,2025-09-21 16:01:22,CUST0449,P006,Backpack,Fashion,5,1200.0,5,5700.0,Card,Delhi,Online
TXN001664,2025-06-11 16:18:42,CUST0284,P004,Notebook,Stationery,3,150.0,10,405.0,UPI,Delhi,Store
TXN001665,2025-07-31 23:30:38,CUST0094,P007,Running Shoes,Fashion,4,2500.0,0,10000.0,Card,Hyderabad,Store
TXN001666,2025-09-27 13:47:31,CUST0161,P009,Water Bottle,Home,3,450.0,15,1147.5,Cash,Bengaluru,Store
TXN001667,2025-06-13 07:23:48,CUST0493,P007,Running Shoes,Fashion,4,2500.0,0,10000.0,UPI,Bengaluru,Online
TXN001668,2025-10-21 13:05:34,CUST0072,P010,Desk Lamp,Home,3,850.0,5,2422.5,Cash,Pune,Store
TXN001669,2025-01-21 18:59:30,CUST0387,P007,Running Shoes,Fashion,2,2500.0,15,4250.0,UPI,Bengaluru,Store
TXN001670,2025-11-22 21:53:33,CUST0028,P002,Mechanical Keyboard,Electronics,1,3500.0,10,3150.0,UPI,Delhi,Online
TXN001671,2025-11-16 05:02:14,CUST0149,P010,Desk Lamp,Home,4,850.0,25,2550.0,Cash,Mumbai,Online
TXN001672,2025-10-15 13:42:28,CUST0300,P011,Smart Watch,Electronics,5,4999.0,25,18746.25,UPI,Chennai,Online
TXN001673,2025-07-20 11:55:46,CUST0074,P009,Water Bottle,Home,4,450.0,5,1710.0,Card,Chennai,Online
TXN001674,2025-04-27 20:31:07,CUST0322,P005,Ball Pen Pack,Stationery,1,100.0,15,85.0,Card,Mumbai,Online
TXN001675,2025-01-01 00:19:58,CUST0079,P010,Desk Lamp,Home,1,850.0,20,680.0,UPI,Pune,Online
TXN001676,2025-02-10 05:41:14,CUST0243,P001,Wireless Mouse,Electronics,5,599.0,15,2545.75,Wallet,Mumbai,Online
TXN001677,2025-04-27 11:29:31,CUST0208,P008,Coffee Mug,Home,2,250.0,5,475.0,Cash,Hyderabad,Store
TXN001678,2025-11-30 17:23:09,CUST0337,P010,Desk Lamp,Home,1,850.0,15,722.5,Card,Chennai,Online
TXN001679,2025-03-13 18:32:02,CUST0073,P012,Power Bank,Electronics,2,1500.0,5,2850.0,Card,Bengaluru,Store
TXN001680,2025-04-23 15:19:59,CUST0149,P011,Smart Watch,Electronics,1,4999.0,20,3999.2,Wallet,Delhi,Store
TXN001681,2025-06-01 22:08:52,CUST0198,P012,Power Bank,Electronics,1,1500.0,15,1275.0,Wallet,Bengaluru,Online
TXN001682,2025-01-11 20:42:19,CUST0146,P008,Coffee Mug,Home,1,250.0,20,200.0,Wallet,Mumbai,Store
TXN001683,2025-01-14 05:40:53,CUST0331,P011,Smart Watch,Electronics,5,4999.0,15,21245.75,UPI,Delhi,Online
TXN001684,2025-07-01 17:12:37,CUST0452,P012,Power Bank,Electronics,4,1500.0,10,5400.0,UPI,Pune,Store
TXN001685,2025-07-14 10:17:16,CUST0439,P009,Water Bottle,Home,2,450.0,10,810.0,Wallet,Hyderabad,Online
TXN001686,2025-03-09 18:25:43,CUST0336,P003,USB-C Cable,Electronics,3,299.0,25,672.75,Cash,Bengaluru,Online
TXN001687,2025-04-19 02:19:05,CUST0402,P011,Smart Watch,Electronics,3,4999.0,15,12747.45,UPI,Chennai,Store
TXN001688,2025-05-27 05:26:46,CUST0493,P008,Coffee Mug,Home,5,250.0,25,937.5,Card,Hyderabad,Store
TXN001689,2025-02-20 06:18:00,CUST0358,P006,Backpack,Fashion,5,1200.0,20,4800.0,Cash,Hyderabad,Store
TXN001690,2025-01-27 05:47:52,CUST0024,P001,Wireless Mouse,Electronics,2,599.0,5,1138.1,UPI,Chennai,Online
TXN001691,2025-07-13 23:03:40,CUST0479,P011,Smart Watch,Electronics,4,4999.0,10,17996.4,Card,Chennai,Online
TXN001692,2025-02-10 22:41:44,CUST0461,P003,USB-C Cable,Electronics,4,299.0,15,1016.6,UPI,Mumbai,Store
TXN001693,2025-02-14 10:58:22,CUST0020,P012,Power Bank,Electronics,1,1500.0,15,1275.0,Cash,Hyderabad,Online
TXN001694,2025-12-25 16:07:04,CUST0090,P006,Backpack,Fashion,1,1200.0,25,900.0,Wallet,Bengaluru,Online
TXN001695,2025-09-05 12:57:33,CUST0294,P009,Water Bottle,Home,2,450.0,5,855.0,Cash,Bengaluru,Store
TXN001696,2025-09-21 15:19:53,CUST0147,P004,Notebook,Stationery,2,150.0,25,225.0,Card,Bengaluru,Online
TXN001697,2025-02-03 09:44:55,CUST0299,P001,Wireless Mouse,Electronics,1,599.0,5,569.05,UPI,Pune,Online
TXN001698,2025-05-20 15:21:05,CUST0397,P007,Running Shoes,Fashion,5,2500.0,20,10000.0,UPI,Delhi,Online
TXN001699,2025-09-23 00:04:02,CUST0374,P012,Power Bank,Electronics,5,1500.0,15,6375.0,Card,Pune,Store
TXN001700,2025-07-14 12:15:46,CUST0181,P006,Backpack,Fashion,5,1200.0,20,4800.0,Card,Mumbai,Store
TXN001701,2025-06-16 00:41:53,CUST0321,P007,Running Shoes,Fashion,1,2500.0,20,2000.0,UPI,Pune,Store
TXN001702,2025-02-09 04:34:38,CUST0061,P008,Coffee Mug,Home,2,250.0,0,500.0,Cash,Mumbai,Online
TXN001703,2025-11-15 23:19:47,CUST0482,P005,Ball Pen Pack,Stationery,3,100.0,15,255.0,Cash,Mumbai,Online
TXN001704,2025-04-22 20:59:51,CUST0039,P009,Water Bottle,Home,5,450.0,5,2137.5,Cash,Bengaluru,Online
TXN001705,2025-08-01 00:32:40,CUST0358,P002,Mechanical Keyboard,Electronics,5,3500.0,15,14875.0,Cash,Chennai,Online
TXN001706,2025-01-13 12:49:20,CUST0174,P007,Running Shoes,Fashion,3,2500.0,5,7125.0,Cash,Mumbai,Online
TXN001707,2025-03-21 07:35:32,CUST0281,P012,Power Bank,Electronics,3,1500.0,25,3375.0,UPI,Pune,Store
TXN001708,2025-01-29 07:35:17,CUST0413,P010,Desk Lamp,Home,5,850.0,25,3187.5,UPI,Delhi,Online
TXN001709,2025-06-11 15:38:22,CUST0307,P012,Power Bank,Electronics,5,1500.0,0,7500.0,Wallet,Pune,Store
TXN001710,2025-10-08 21:55:19,CUST0022,P002,Mechanical Keyboard,Electronics,1,3500.0,15,2975.0,Card,Chennai,Store
TXN001711,2025-06-17 14:00:59,CUST0245,P005,Ball Pen Pack,Stationery,2,100.0,0,200.0,UPI,Mumbai,Online
TXN001712,2025-07-27 10:58:23,CUST0312,P007,Running Shoes,Fashion,1,2500.0,20,2000.0,Wallet,Mumbai,Store
TXN001713,2025-10-25 08:40:08,CUST0194,P012,Power Bank,Electronics,2,1500.0,15,2550.0,Wallet,Hyderabad,Online
TXN001714,2025-02-14 21:18:48,CUST0225,P002,Mechanical Keyboard,Electronics,5,3500.0,10,15750.0,Cash,Pune,Store
TXN001715,2025-06-19 12:42:22,CUST0471,P001,Wireless Mouse,Electronics,2,599.0,5,1138.1,UPI,Hyderabad,Online
TXN001716,2025-03-30 04:58:00,CUST0212,P012,Power Bank,Electronics,5,1500.0,20,6000.0,UPI,Mumbai,Online
TXN001717,2025-11-12 14:11:06,CUST0030,P002,Mechanical Keyboard,Electronics,1,3500.0,5,3325.0,Wallet,Pune,Store
TXN001718,2025-01-17 23:29:40,CUST0161,P006,Backpack,Fashion,5,1200.0,25,4500.0,Card,Delhi,Online
TXN001719,2025-08-24 09:29:01,CUST0204,P008,Coffee Mug,Home,1,250.0,25,187.5,UPI,Mumbai,Store
TXN001720,2025-12-31 10:14:37,CUST0279,P004,Notebook,Stationery,4,150.0,25,450.0,Cash,Pune,Store
TXN001721,2025-10-04 22:53:21,CUST0155,P006,Backpack,Fashion,5,1200.0,10,5400.0,Card,Hyderabad,Store
TXN001722,2025-05-04 19:58:50,CUST0358,P009,Water Bottle,Home,5,450.0,0,2250.0,UPI,Delhi,Store
TXN001723,2025-10-01 23:45:07,CUST0487,P010,Desk Lamp,Home,4,850.0,10,3060.0,UPI,Pune,Online
TXN001724,2025-11-23 18:39:09,CUST0500,P009,Water Bottle,Home,2,450.0,10,810.0,Card,Mumbai,Store
TXN001725,2025-10-09 12:39:28,CUST0418,P003,USB-C Cable,Electronics,1,299.0,5,284.05,Wallet,Chennai,Store
TXN001726,2025-02-14 08:46:52,CUST0011,P008,Coffee Mug,Home,1,250.0,10,225.0,Cash,Hyderabad,Store
TXN001727,2025-04-27 16:03:02,CUST0424,P002,Mechanical Keyboard,Electronics,1,3500.0,10,3150.0,Wallet,Bengaluru,Online
TXN001728,2025-12-02 01:37:31,CUST0196,P007,Running Shoes,Fashion,4,2500.0,0,10000.0,Card,Pune,Store
TXN001729,2025-03-13 14:58:56,CUST0338,P007,Running Shoes,Fashion,5,2500.0,0,12500.0,Cash,Mumbai,Store
TXN001730,2025-12-30 23:33:35,CUST0014,P010,Desk Lamp,Home,3,850.0,10,2295.0,Card,Mumbai,Store
TXN001731,2025-10-09 20:49:06,CUST0425,P010,Desk Lamp,Home,4,850.0,15,2890.0,UPI,Mumbai,Store
TXN001732,2025-10-08 02:58:31,CUST0478,P011,Smart Watch,Electronics,3,4999.0,20,11997.6,Wallet,Bengaluru,Store
TXN001733,2025-03-05 03:03:54,CUST0492,P007,Running Shoes,Fashion,4,2500.0,25,7500.0,Card,Pune,Online
TXN001734,2025-04-20 00:18:53,CUST0410,P011,Smart Watch,Electronics,3,4999.0,0,14997.0,Card,Hyderabad,Store
TXN001735,2025-05-12 02:01:46,CUST0293,P007,Running Shoes,Fashion,1,2500.0,20,2000.0,Cash,Delhi,Store
TXN001736,2025-09-14 00:28:06,CUST0129,P011,Smart Watch,Electronics,5,4999.0,0,24995.0,UPI,Delhi,Store
TXN001737,2025-11-21 16:04:58,CUST0136,P003,USB-C Cable,Electronics,4,299.0,15,1016.6,UPI,Bengaluru,Online
TXN001738,2025-07-01 03:31:52,CUST0019,P006,Backpack,Fashion,4,1200.0,25,3600.0,Card,Bengaluru,Online
TXN001739,2025-08-14 01:59:12,CUST0481,P002,Mechanical Keyboard,Electronics,3,3500.0,20,8400.0,Cash,Mumbai,Store
TXN001740,2025-03-11 19:53:38,CUST0133,P005,Ball Pen Pack,Stationery,3,100.0,15,255.0,Card,Pune,Online
TXN001741,2025-02-27 01:13:25,CUST0447,P010,Desk Lamp,Home,1,850.0,5,807.5,UPI,Chennai,Online
TXN001742,2025-03-13 13:23:08,CUST0351,P009,Water Bottle,Home,4,450.0,20,1440.0,Cash,Mumbai,Online
TXN001743,2025-01-24 14:49:01,CUST0488,P012,Power Bank,Electronics,3,1500.0,10,4050.0,UPI,Chennai,Store
TXN001744,2025-07-29 21:16:42,CUST0368,P001,Wireless Mouse,Electronics,5,599.0,5,2845.25,Cash,Mumbai,Online
TXN001745,2025-07-16 21:00:14,CUST0228,P002,Mechanical Keyboard,Electronics,5,3500.0,0,17500.0,Card,Pune,Store
TXN001746,2025-08-10 12:11:43,CUST0191,P011,Smart Watch,Electronics,4,4999.0,0,19996.0,Wallet,Delhi,Online
TXN001747,2025-01-10 14:10:13,CUST0168,P010,Desk Lamp,Home,3,850.0,10,2295.0,Wallet,Chennai,Store
TXN001748,2025-07-02 19:06:08,CUST0483,P005,Ball Pen Pack,Stationery,5,100.0,0,500.0,Card,Delhi,Online
TXN001749,2025-04-23 23:07:45,CUST0477,P003,USB-C Cable,Electronics,5,299.0,0,1495.0,UPI,Hyderabad,Online
TXN001750,2025-11-10 19:25:29,CUST0161,P009,Water Bottle,Home,5,450.0,20,1800.0,Cash,Pune,Store
TXN001751,2025-11-19 14:56:04,CUST0299,P001,Wireless Mouse,Electronics,2,599.0,15,1018.3,UPI,Mumbai,Online
TXN001752,2025-08-08 13:55:55,CUST0258,P010,Desk Lamp,Home,5,850.0,25,3187.5,Wallet,Hyderabad,Online
TXN001753,2025-11-26 04:09:31,CUST0450,P009,Water Bottle,Home,1,450.0,20,360.0,Wallet,Chennai,Store
TXN001754,2025-05-04 02:05:20,CUST0138,P004,Notebook,Stationery,5,150.0,10,675.0,Card,Delhi,Online
TXN001755,2025-11-07 07:16:30,CUST0394,P006,Backpack,Fashion,2,1200.0,15,2040.0,Cash,Chennai,Online
TXN001756,2025-09-27 03:54:35,CUST0124,P008,Coffee Mug,Home,4,250.0,10,900.0,UPI,Delhi,Online
TXN001757,2025-12-22 05:01:15,CUST0186,P011,Smart Watch,Electronics,4,4999.0,20,15996.8,Card,Bengaluru,Store
TXN001758,2025-03-31 05:32:57,CUST0292,P003,USB-C Cable,Electronics,5,299.0,5,1420.25,Wallet,Chennai,Online
TXN001759,2025-08-24 04:05:40,CUST0134,P005,Ball Pen Pack,Stationery,3,100.0,10,270.0,UPI,Mumbai,Store
TXN001760,2025-06-13 12:12:53,CUST0259,P003,USB-C Cable,Electronics,5,299.0,15,1270.75,Card,Pune,Store
TXN001761,2025-01-07 00:35:04,CUST0086,P002,Mechanical Keyboard,Electronics,4,3500.0,10,12600.0,Wallet,Chennai,Online
TXN001762,2025-02-19 02:06:51,CUST0446,P001,Wireless Mouse,Electronics,4,599.0,0,2396.0,Card,Mumbai,Online
TXN001763,2025-07-19 23:11:19,CUST0444,P009,Water Bottle,Home,4,450.0,15,1530.0,Cash,Pune,Store
TXN001764,2025-09-28 15:50:46,CUST0286,P004,Notebook,Stationery,3,150.0,0,450.0,Cash,Delhi,Online
TXN001765,2025-10-08 11:12:05,CUST0024,P002,Mechanical Keyboard,Electronics,3,3500.0,15,8925.0,Wallet,Chennai,Store
TXN001766,2025-10-15 15:48:03,CUST0428,P007,Running Shoes,Fashion,3,2500.0,15,6375.0,Card,Chennai,Online
TXN001767,2025-10-09 01:26:32,CUST0393,P010,Desk Lamp,Home,5,850.0,0,4250.0,Card,Mumbai,Store
TXN001768,2025-09-19 17:16:09,CUST0333,P008,Coffee Mug,Home,4,250.0,10,900.0,Wallet,Pune,Store
TXN001769,2025-10-28 04:56:28,CUST0050,P004,Notebook,Stationery,3,150.0,15,382.5,Cash,Mumbai,Store
TXN001770,2025-04-21 18:47:23,CUST0166,P007,Running Shoes,Fashion,3,2500.0,5,7125.0,Card,Mumbai,Online
TXN001771,2025-06-17 04:54:06,CUST0266,P005,Ball Pen Pack,Stationery,5,100.0,20,400.0,Cash,Mumbai,Store
TXN001772,2025-04-21 14:26:38,CUST0085,P002,Mechanical Keyboard,Electronics,3,3500.0,10,9450.0,Wallet,Bengaluru,Online
TXN001773,2025-12-10 20:03:08,CUST0087,P005,Ball Pen Pack,Stationery,3,100.0,20,240.0,UPI,Pune,Store
TXN001774,2025-02-24 18:14:39,CUST0050,P004,Notebook,Stationery,5,150.0,20,600.0,Card,Mumbai,Online
TXN001775,2025-12-12 21:24:28,CUST0277,P009,Water Bottle,Home,2,450.0,0,900.0,Wallet,Mumbai,Store
TXN001776,2025-03-20 21:24:38,CUST0145,P010,Desk Lamp,Home,4,850.0,25,2550.0,Wallet,Hyderabad,Online
TXN001777,2025-11-19 17:50:01,CUST0233,P005,Ball Pen Pack,Stationery,1,100.0,25,75.0,UPI,Bengaluru,Store
TXN001778,2025-07-11 13:28:29,CUST0135,P002,Mechanical Keyboard,Electronics,2,3500.0,10,6300.0,UPI,Delhi,Online
TXN001779,2025-10-17 01:10:09,CUST0407,P004,Notebook,Stationery,1,150.0,10,135.0,Card,Hyderabad,Store
TXN001780,2025-04-18 05:30:48,CUST0233,P011,Smart Watch,Electronics,5,4999.0,25,18746.25,UPI,Chennai,Store
TXN001781,2025-12-13 12:34:57,CUST0474,P001,Wireless Mouse,Electronics,4,599.0,0,2396.0,Cash,Pune,Online
TXN001782,2025-09-04 09:56:31,CUST0322,P001,Wireless Mouse,Electronics,2,599.0,5,1138.1,Wallet,Pune,Online
TXN001783,2025-04-14 00:38:42,CUST0241,P003,USB-C Cable,Electronics,4,299.0,5,1136.2,Wallet,Delhi,Online
TXN001784,2025-03-19 02:50:03,CUST0326,P002,Mechanical Keyboard,Electronics,5,3500.0,25,13125.0,Card,Mumbai,Store
TXN001785,2025-01-27 02:55:13,CUST0252,P009,Water Bottle,Home,5,450.0,5,2137.5,Card,Mumbai,Store
TXN001786,2025-09-25 04:27:13,CUST0135,P010,Desk Lamp,Home,4,850.0,25,2550.0,Card,Chennai,Store
TXN001787,2025-07-08 01:22:45,CUST0272,P011,Smart Watch,Electronics,2,4999.0,10,8998.2,Card,Delhi,Store
TXN001788,2025-07-10 09:11:59,CUST0408,P011,Smart Watch,Electronics,4,4999.0,20,15996.8,Cash,Hyderabad,Store
TXN001789,2025-04-25 17:29:17,CUST0050,P004,Notebook,Stationery,1,150.0,10,135.0,Wallet,Bengaluru,Store
TXN001790,2025-04-07 01:54:00,CUST0340,P007,Running Shoes,Fashion,1,2500.0,5,2375.0,Wallet,Delhi,Online
TXN001791,2025-05-15 23:40:01,CUST0357,P007,Running Shoes,Fashion,2,2500.0,15,4250.0,Wallet,Hyderabad,Store
TXN001792,2025-09-24 21:22:21,CUST0121,P001,Wireless Mouse,Electronics,3,599.0,10,1617.3,Card,Bengaluru,Online
TXN001793,2025-08-07 08:37:04,CUST0396,P006,Backpack,Fashion,3,1200.0,25,2700.0,Cash,Bengaluru,Store
TXN001794,2025-11-11 04:42:40,CUST0227,P007,Running Shoes,Fashion,4,2500.0,10,9000.0,UPI,Delhi,Store
TXN001795,2025-10-10 19:11:36,CUST0113,P006,Backpack,Fashion,1,1200.0,10,1080.0,Wallet,Bengaluru,Online
TXN001796,2025-08-11 08:08:23,CUST0449,P003,USB-C Cable,Electronics,5,299.0,5,1420.25,UPI,Hyderabad,Store
TXN001797,2025-02-20 04:22:27,CUST0310,P009,Water Bottle,Home,1,450.0,25,337.5,UPI,Bengaluru,Online
TXN001798,2025-10-31 02:10:03,CUST0361,P006,Backpack,Fashion,3,1200.0,20,2880.0,UPI,Chennai,Online
TXN001799,2025-07-21 10:09:32,CUST0108,P006,Backpack,Fashion,5,1200.0,5,5700.0,Card,Hyderabad,Store
TXN001800,2025-11-30 21:11:51,CUST0368,P004,Notebook,Stationery,3,150.0,5,427.5,Cash,Delhi,Store
TXN001801,2025-03-25 17:40:42,CUST0284,P012,Power Bank,Electronics,2,1500.0,0,3000.0,UPI,Mumbai,Online
TXN001802,2025-07-14 18:18:44,CUST0204,P008,Coffee Mug,Home,1,250.0,5,237.5,Cash,Delhi,Online
TXN001803,2025-03-31 07:48:15,CUST0324,P012,Power Bank,Electronics,2,1500.0,0,3000.0,Cash,Chennai,Online
TXN001804,2025-11-12 17:40:13,CUST0402,P007,Running Shoes,Fashion,4,2500.0,5,9500.0,Cash,Mumbai,Online
TXN001805,2025-01-29 16:42:25,CUST0259,P012,Power Bank,Electronics,4,1500.0,0,6000.0,UPI,Chennai,Online
TXN001806,2025-02-07 02:39:09,CUST0377,P010,Desk Lamp,Home,4,850.0,5,3230.0,Cash,Delhi,Store
TXN001807,2025-07-18 23:30:02,CUST0381,P001,Wireless Mouse,Electronics,3,599.0,10,1617.3,Wallet,Pune,Online
TXN001808,2025-04-13 15:10:28,CUST0497,P011,Smart Watch,Electronics,5,4999.0,15,21245.75,Wallet,Delhi,Store
TXN001809,2025-02-06 03:24:15,CUST0114,P007,Running Shoes,Fashion,5,2500.0,10,11250.0,Wallet,Delhi,Online
TXN001810,2025-05-29 12:18:14,CUST0009,P008,Coffee Mug,Home,4,250.0,10,900.0,UPI,Bengaluru,Online
TXN001811,2025-08-13 10:13:37,CUST0500,P001,Wireless Mouse,Electronics,4,599.0,5,2276.2,Wallet,Delhi,Store
TXN001812,2025-08-07 16:58:08,CUST0056,P011,Smart Watch,Electronics,3,4999.0,10,13497.3,Card,Chennai,Online
TXN001813,2025-02-07 01:05:24,CUST0288,P003,USB-C Cable,Electronics,2,299.0,15,508.3,Card,Mumbai,Online
TXN001814,2025-06-06 14:03:01,CUST0316,P008,Coffee Mug,Home,5,250.0,25,937.5,Card,Mumbai,Store
TXN001815,2025-04-08 21:01:57,CUST0211,P005,Ball Pen Pack,Stationery,3,100.0,5,285.0,UPI,Delhi,Store
TXN001816,2025-12-05 10:17:48,CUST0003,P005,Ball Pen Pack,Stationery,2,100.0,20,160.0,Wallet,Hyderabad,Store
TXN001817,2025-05-02 13:31:19,CUST0492,P011,Smart Watch,Electronics,2,4999.0,10,8998.2,Wallet,Chennai,Store
TXN001818,2025-07-19 18:50:43,CUST0285,P012,Power Bank,Electronics,1,1500.0,0,1500.0,Wallet,Chennai,Online
TXN001819,2025-05-26 21:38:52,CUST0066,P001,Wireless Mouse,Electronics,2,599.0,20,958.4,UPI,Pune,Online
TXN001820,2025-06-19 22:44:21,CUST0446,P002,Mechanical Keyboard,Electronics,1,3500.0,15,2975.0,Wallet,Pune,Store
TXN001821,2025-02-24 07:38:23,CUST0384,P009,Water Bottle,Home,4,450.0,15,1530.0,UPI,Delhi,Online
TXN001822,2025-06-19 02:57:43,CUST0151,P012,Power Bank,Electronics,3,1500.0,20,3600.0,Cash,Hyderabad,Store
TXN001823,2025-08-07 23:05:37,CUST0333,P003,USB-C Cable,Electronics,2,299.0,10,538.2,Card,Hyderabad,Store
TXN001824,2025-07-21 16:58:13,CUST0310,P005,Ball Pen Pack,Stationery,4,100.0,15,340.0,Card,Delhi,Online
TXN001825,2025-03-05 18:48:39,CUST0269,P012,Power Bank,Electronics,4,1500.0,0,6000.0,Cash,Bengaluru,Online
TXN001826,2025-02-28 09:21:17,CUST0241,P002,Mechanical Keyboard,Electronics,1,3500.0,10,3150.0,Card,Pune,Online
TXN001827,2025-07-28 20:01:14,CUST0235,P006,Backpack,Fashion,1,1200.0,0,1200.0,Wallet,Hyderabad,Online
TXN001828,2025-01-26 22:21:36,CUST0180,P011,Smart Watch,Electronics,5,4999.0,5,23745.25,Cash,Chennai,Online
TXN001829,2025-12-27 08:27:49,CUST0099,P005,Ball Pen Pack,Stationery,3,100.0,15,255.0,Cash,Delhi,Store
TXN001830,2025-12-29 20:22:51,CUST0131,P009,Water Bottle,Home,5,450.0,25,1687.5,Card,Mumbai,Online
TXN001831,2025-02-09 23:48:30,CUST0375,P004,Notebook,Stationery,3,150.0,5,427.5,Cash,Hyderabad,Online
TXN001832,2025-02-19 04:58:03,CUST0409,P009,Water Bottle,Home,5,450.0,25,1687.5,Wallet,Delhi,Store
TXN001833,2025-11-10 12:34:38,CUST0378,P010,Desk Lamp,Home,4,850.0,5,3230.0,Card,Mumbai,Online
TXN001834,2025-03-26 01:23:57,CUST0047,P010,Desk Lamp,Home,2,850.0,5,1615.0,Card,Bengaluru,Online
TXN001835,2025-05-06 13:43:38,CUST0040,P001,Wireless Mouse,Electronics,2,599.0,20,958.4,Wallet,Bengaluru,Store
TXN001836,2025-05-08 00:41:37,CUST0155,P009,Water Bottle,Home,1,450.0,5,427.5,Wallet,Bengaluru,Store
TXN001837,2025-10-02 06:40:36,CUST0243,P006,Backpack,Fashion,3,1200.0,20,2880.0,Cash,Hyderabad,Online
TXN001838,2025-12-10 00:49:06,CUST0310,P004,Notebook,Stationery,2,150.0,25,225.0,Cash,Chennai,Online
TXN001839,2025-11-23 04:12:45,CUST0224,P009,Water Bottle,Home,4,450.0,15,1530.0,Cash,Chennai,Online
TXN001840,2025-08-05 16:03:08,CUST0461,P007,Running Shoes,Fashion,3,2500.0,5,7125.0,UPI,Delhi,Store
TXN001841,2025-10-27 07:51:43,CUST0344,P006,Backpack,Fashion,4,1200.0,5,4560.0,Card,Bengaluru,Store
TXN001842,2025-03-11 12:27:11,CUST0478,P012,Power Bank,Electronics,1,1500.0,5,1425.0,Wallet,Delhi,Online
TXN001843,2025-01-03 04:19:52,CUST0301,P005,Ball Pen Pack,Stationery,3,100.0,0,300.0,Cash,Delhi,Online
TXN001844,2025-08-24 15:32:50,CUST0140,P001,Wireless Mouse,Electronics,3,599.0,25,1347.75,Wallet,Bengaluru,Online
TXN001845,2025-09-28 02:31:16,CUST0361,P005,Ball Pen Pack,Stationery,3,100.0,25,225.0,UPI,Hyderabad,Online
TXN001846,2025-12-02 05:28:13,CUST0368,P008,Coffee Mug,Home,5,250.0,25,937.5,Wallet,Bengaluru,Online
TXN001847,2025-07-03 20:51:32,CUST0384,P011,Smart Watch,Electronics,5,4999.0,0,24995.0,UPI,Delhi,Online
TXN001848,2025-08-27 00:49:58,CUST0458,P012,Power Bank,Electronics,2,1500.0,25,2250.0,Card,Pune,Online
TXN001849,2025-06-12 22:41:59,CUST0428,P002,Mechanical Keyboard,Electronics,1,3500.0,15,2975.0,UPI,Delhi,Online
TXN001850,2025-11-30 04:07:01,CUST0279,P005,Ball Pen Pack,Stationery,2,100.0,25,150.0,UPI,Delhi,Store
TXN001851,2025-12-15 15:30:37,CUST0364,P003,USB-C Cable,Electronics,5,299.0,25,1121.25,Cash,Hyderabad,Online
TXN001852,2025-09-16 01:32:43,CUST0207,P007,Running Shoes,Fashion,1,2500.0,0,2500.0,Card,Hyderabad,Online
TXN001853,2025-10-11 02:22:20,CUST0137,P002,Mechanical Keyboard,Electronics,2,3500.0,15,5950.0,UPI,Delhi,Online
TXN001854,2025-09-25 11:18:17,CUST0259,P007,Running Shoes,Fashion,2,2500.0,25,3750.0,UPI,Delhi,Store
TXN001855,2025-08-06 16:47:31,CUST0180,P002,Mechanical Keyboard,Electronics,3,3500.0,15,8925.0,UPI,Hyderabad,Store
TXN001856,2025-02-04 05:43:44,CUST0060,P002,Mechanical Keyboard,Electronics,2,3500.0,25,5250.0,UPI,Pune,Store
TXN001857,2025-08-18 13:54:13,CUST0321,P001,Wireless Mouse,Electronics,2,599.0,0,1198.0,Card,Chennai,Store
TXN001858,2025-06-28 18:45:52,CUST0042,P012,Power Bank,Electronics,2,1500.0,10,2700.0,Card,Chennai,Online
TXN001859,2025-05-01 13:56:57,CUST0028,P007,Running Shoes,Fashion,3,2500.0,5,7125.0,Cash,Pune,Store
TXN001860,2025-06-10 18:35:56,CUST0116,P004,Notebook,Stationery,3,150.0,5,427.5,Card,Delhi,Store
TXN001861,2025-09-28 21:42:47,CUST0226,P005,Ball Pen Pack,Stationery,1,100.0,15,85.0,Cash,Hyderabad,Store
TXN001862,2025-05-16 11:36:12,CUST0396,P011,Smart Watch,Electronics,5,4999.0,15,21245.75,Card,Mumbai,Store
TXN001863,2025-03-02 11:16:06,CUST0276,P010,Desk Lamp,Home,2,850.0,25,1275.0,Wallet,Delhi,Store
TXN001864,2025-03-22 13:32:44,CUST0176,P012,Power Bank,Electronics,5,1500.0,20,6000.0,Cash,Mumbai,Online
TXN001865,2025-04-11 06:43:39,CUST0112,P008,Coffee Mug,Home,3,250.0,0,750.0,UPI,Hyderabad,Online
TXN001866,2025-07-04 13:16:35,CUST0072,P008,Coffee Mug,Home,5,250.0,10,1125.0,Cash,Hyderabad,Store
TXN001867,2025-09-13 15:50:43,CUST0302,P001,Wireless Mouse,Electronics,3,599.0,25,1347.75,UPI,Chennai,Store
TXN001868,2025-12-04 14:44:04,CUST0462,P001,Wireless Mouse,Electronics,2,599.0,15,1018.3,Wallet,Delhi,Store
TXN001869,2025-09-09 14:41:29,CUST0463,P002,Mechanical Keyboard,Electronics,2,3500.0,10,6300.0,Cash,Pune,Store
TXN001870,2025-08-01 08:20:28,CUST0096,P001,Wireless Mouse,Electronics,4,599.0,20,1916.8,Wallet,Hyderabad,Store
TXN001871,2025-10-11 20:59:35,CUST0205,P008,Coffee Mug,Home,2,250.0,10,450.0,Cash,Hyderabad,Store
TXN001872,2025-07-07 09:45:45,CUST0348,P007,Running Shoes,Fashion,3,2500.0,0,7500.0,Card,Hyderabad,Online
TXN001873,2025-06-13 11:52:25,CUST0219,P005,Ball Pen Pack,Stationery,5,100.0,15,425.0,UPI,Pune,Online
TXN001874,2025-12-25 04:57:31,CUST0154,P010,Desk Lamp,Home,5,850.0,5,4037.5,Card,Pune,Store
TXN001875,2025-11-03 05:59:58,CUST0492,P001,Wireless Mouse,Electronics,1,599.0,10,539.1,Card,Delhi,Store
TXN001876,2025-06-03 18:55:49,CUST0085,P008,Coffee Mug,Home,1,250.0,25,187.5,Card,Pune,Online
TXN001877,2025-04-28 00:09:17,CUST0158,P002,Mechanical Keyboard,Electronics,2,3500.0,5,6650.0,Card,Bengaluru,Online
TXN001878,2025-10-09 05:25:18,CUST0126,P003,USB-C Cable,Electronics,5,299.0,10,1345.5,UPI,Bengaluru,Online
TXN001879,2025-05-14 20:56:50,CUST0052,P008,Coffee Mug,Home,5,250.0,25,937.5,Wallet,Chennai,Online
TXN001880,2025-12-21 12:13:14,CUST0242,P011,Smart Watch,Electronics,4,4999.0,15,16996.6,Card,Mumbai,Store
TXN001881,2025-02-19 21:43:44,CUST0163,P003,USB-C Cable,Electronics,4,299.0,10,1076.4,Cash,Chennai,Store
TXN001882,2025-08-20 19:52:24,CUST0202,P009,Water Bottle,Home,1,450.0,10,405.0,Wallet,Chennai,Online
TXN001883,2025-03-28 02:20:17,CUST0454,P010,Desk Lamp,Home,2,850.0,5,1615.0,Cash,Delhi,Store
TXN001884,2025-07-14 17:54:28,CUST0422,P001,Wireless Mouse,Electronics,5,599.0,20,2396.0,Wallet,Mumbai,Online
TXN001885,2025-02-23 14:59:52,CUST0256,P004,Notebook,Stationery,1,150.0,5,142.5,Cash,Bengaluru,Online
TXN001886,2025-05-12 21:10:37,CUST0197,P011,Smart Watch,Electronics,2,4999.0,15,8498.3,Card,Delhi,Store
TXN001887,2025-05-31 05:22:54,CUST0346,P008,Coffee Mug,Home,1,250.0,10,225.0,Wallet,Pune,Online
TXN001888,2025-06-04 15:38:36,CUST0350,P009,Water Bottle,Home,1,450.0,15,382.5,UPI,Delhi,Online
TXN001889,2025-09-12 17:08:18,CUST0442,P007,Running Shoes,Fashion,1,2500.0,5,2375.0,Cash,Pune,Store
TXN001890,2025-09-24 12:46:01,CUST0233,P001,Wireless Mouse,Electronics,4,599.0,25,1797.0,Wallet,Bengaluru,Online
TXN001891,2025-04-28 15:44:26,CUST0218,P005,Ball Pen Pack,Stationery,1,100.0,20,80.0,Wallet,Hyderabad,Store
TXN001892,2025-10-31 07:28:49,CUST0243,P012,Power Bank,Electronics,3,1500.0,20,3600.0,Cash,Mumbai,Online
TXN001893,2025-06-14 16:34:24,CUST0273,P007,Running Shoes,Fashion,1,2500.0,5,2375.0,UPI,Delhi,Store
TXN001894,2025-03-18 17:53:13,CUST0264,P010,Desk Lamp,Home,4,850.0,15,2890.0,UPI,Bengaluru,Store
TXN001895,2025-01-16 11:22:37,CUST0063,P008,Coffee Mug,Home,4,250.0,10,900.0,UPI,Hyderabad,Store
TXN001896,2025-04-08 23:51:22,CUST0218,P006,Backpack,Fashion,3,1200.0,0,3600.0,Cash,Pune,Store
TXN001897,2025-05-19 14:24:45,CUST0214,P001,Wireless Mouse,Electronics,4,599.0,10,2156.4,Cash,Chennai,Online
TXN001898,2025-08-20 09:03:42,CUST0058,P006,Backpack,Fashion,1,1200.0,20,960.0,Wallet,Pune,Online
TXN001899,2025-02-02 15:22:24,CUST0274,P002,Mechanical Keyboard,Electronics,2,3500.0,25,5250.0,Card,Chennai,Store
TXN001900,2025-06-17 10:08:53,CUST0458,P005,Ball Pen Pack,Stationery,3,100.0,15,255.0,Card,Chennai,Store
TXN001901,2025-01-16 18:48:05,CUST0040,P006,Backpack,Fashion,3,1200.0,0,3600.0,Card,Hyderabad,Online
TXN001902,2025-05-29 07:41:13,CUST0263,P012,Power Bank,Electronics,1,1500.0,10,1350.0,Cash,Bengaluru,Store
TXN001903,2025-01-09 16:37:44,CUST0095,P012,Power Bank,Electronics,3,1500.0,25,3375.0,UPI,Bengaluru,Online
TXN001904,2025-11-05 05:18:20,CUST0099,P010,Desk Lamp,Home,3,850.0,10,2295.0,Card,Chennai,Online
TXN001905,2025-05-26 08:08:09,CUST0294,P008,Coffee Mug,Home,2,250.0,15,425.0,Cash,Chennai,Online
TXN001906,2025-04-18 12:27:52,CUST0257,P011,Smart Watch,Electronics,1,4999.0,20,3999.2,Wallet,Pune,Store
TXN001907,2025-04-16 21:33:22,CUST0003,P007,Running Shoes,Fashion,2,2500.0,0,5000.0,Wallet,Chennai,Online
TXN001908,2025-04-17 17:01:46,CUST0137,P008,Coffee Mug,Home,5,250.0,25,937.5,Cash,Mumbai,Online
TXN001909,2025-03-29 07:31:07,CUST0010,P012,Power Bank,Electronics,3,1500.0,5,4275.0,UPI,Hyderabad,Store
TXN001910,2025-10-10 18:58:48,CUST0365,P010,Desk Lamp,Home,4,850.0,20,2720.0,Wallet,Chennai,Store
TXN001911,2025-07-30 06:45:13,CUST0200,P008,Coffee Mug,Home,5,250.0,0,1250.0,Cash,Delhi,Store
TXN001912,2025-05-15 12:22:04,CUST0422,P008,Coffee Mug,Home,2,250.0,15,425.0,Wallet,Pune,Online
TXN001913,2025-09-19 08:41:01,CUST0200,P005,Ball Pen Pack,Stationery,4,100.0,0,400.0,UPI,Chennai,Store
TXN001914,2025-08-06 23:56:06,CUST0177,P002,Mechanical Keyboard,Electronics,2,3500.0,25,5250.0,Cash,Delhi,Store
TXN001915,2025-10-19 14:29:57,CUST0162,P008,Coffee Mug,Home,4,250.0,0,1000.0,Card,Hyderabad,Online
TXN001916,2025-08-31 10:34:22,CUST0181,P010,Desk Lamp,Home,4,850.0,15,2890.0,UPI,Delhi,Store
TXN001917,2025-04-02 03:44:08,CUST0193,P009,Water Bottle,Home,2,450.0,15,765.0,UPI,Mumbai,Store
TXN001918,2025-03-26 18:45:13,CUST0109,P002,Mechanical Keyboard,Electronics,5,3500.0,10,15750.0,Card,Pune,Store
TXN001919,2025-08-02 15:01:38,CUST0210,P006,Backpack,Fashion,2,1200.0,15,2040.0,Cash,Delhi,Store
TXN001920,2025-09-02 18:35:41,CUST0055,P011,Smart Watch,Electronics,3,4999.0,20,11997.6,Wallet,Pune,Store
TXN001921,2025-07-12 04:10:47,CUST0388,P008,Coffee Mug,Home,3,250.0,15,637.5,Card,Pune,Store
TXN001922,2025-04-23 00:09:20,CUST0002,P009,Water Bottle,Home,3,450.0,15,1147.5,Card,Chennai,Online
TXN001923,2025-05-29 21:06:46,CUST0298,P011,Smart Watch,Electronics,4,4999.0,15,16996.6,Wallet,Pune,Online
TXN001924,2025-08-29 08:20:31,CUST0115,P003,USB-C Cable,Electronics,5,299.0,20,1196.0,UPI,Hyderabad,Store
TXN001925,2025-01-09 20:49:29,CUST0167,P010,Desk Lamp,Home,2,850.0,5,1615.0,Wallet,Chennai,Online
TXN001926,2025-05-24 19:24:29,CUST0012,P012,Power Bank,Electronics,5,1500.0,25,5625.0,Wallet,Hyderabad,Online
TXN001927,2025-11-27 05:27:15,CUST0468,P003,USB-C Cable,Electronics,4,299.0,10,1076.4,Card,Pune,Store
TXN001928,2025-12-30 22:47:10,CUST0365,P004,Notebook,Stationery,3,150.0,5,427.5,Cash,Mumbai,Online
TXN001929,2025-03-22 09:26:51,CUST0296,P008,Coffee Mug,Home,4,250.0,5,950.0,Wallet,Pune,Online
TXN001930,2025-06-29 04:37:03,CUST0257,P011,Smart Watch,Electronics,1,4999.0,20,3999.2,Cash,Pune,Online
TXN001931,2025-06-29 12:07:48,CUST0370,P002,Mechanical Keyboard,Electronics,1,3500.0,25,2625.0,UPI,Chennai,Store
TXN001932,2025-12-03 17:36:36,CUST0267,P008,Coffee Mug,Home,4,250.0,0,1000.0,Wallet,Delhi,Online
TXN001933,2025-10-05 23:41:29,CUST0398,P010,Desk Lamp,Home,5,850.0,25,3187.5,UPI,Bengaluru,Store
TXN001934,2025-11-18 11:13:29,CUST0372,P001,Wireless Mouse,Electronics,3,599.0,15,1527.45,UPI,Delhi,Store
TXN001935,2025-10-06 07:25:32,CUST0475,P009,Water Bottle,Home,4,450.0,15,1530.0,UPI,Mumbai,Online
TXN001936,2025-11-25 23:16:05,CUST0135,P010,Desk Lamp,Home,1,850.0,25,637.5,Card,Delhi,Store
TXN001937,2025-09-12 23:22:06,CUST0174,P003,USB-C Cable,Electronics,2,299.0,15,508.3,Card,Delhi,Online
TXN001938,2025-05-09 04:03:44,CUST0329,P012,Power Bank,Electronics,1,1500.0,15,1275.0,Wallet,Pune,Store
TXN001939,2025-05-13 23:47:57,CUST0152,P012,Power Bank,Electronics,4,1500.0,10,5400.0,Wallet,Chennai,Store
TXN001940,2025-08-09 16:17:54,CUST0141,P010,Desk Lamp,Home,1,850.0,5,807.5,Card,Hyderabad,Store
TXN001941,2025-01-11 01:46:58,CUST0114,P006,Backpack,Fashion,5,1200.0,10,5400.0,Cash,Delhi,Online
TXN001942,2025-08-09 10:47:15,CUST0325,P005,Ball Pen Pack,Stationery,4,100.0,25,300.0,Wallet,Chennai,Store
TXN001943,2025-03-01 23:29:49,CUST0381,P012,Power Bank,Electronics,2,1500.0,5,2850.0,Cash,Bengaluru,Store
TXN001944,2025-09-05 07:03:18,CUST0117,P001,Wireless Mouse,Electronics,2,599.0,20,958.4,Cash,Pune,Online
TXN001945,2025-04-11 17:58:50,CUST0187,P012,Power Bank,Electronics,5,1500.0,25,5625.0,Wallet,Bengaluru,Online
TXN001946,2025-05-14 16:18:09,CUST0330,P003,USB-C Cable,Electronics,5,299.0,20,1196.0,Cash,Hyderabad,Store
TXN001947,2025-05-27 19:01:01,CUST0444,P008,Coffee Mug,Home,2,250.0,20,400.0,Wallet,Pune,Store
TXN001948,2025-12-15 09:53:28,CUST0195,P001,Wireless Mouse,Electronics,1,599.0,10,539.1,Card,Delhi,Online
TXN001949,2025-03-29 02:43:14,CUST0077,P005,Ball Pen Pack,Stationery,5,100.0,25,375.0,UPI,Chennai,Online
TXN001950,2025-05-19 10:50:04,CUST0256,P008,Coffee Mug,Home,5,250.0,25,937.5,UPI,Chennai,Online
TXN001951,2025-10-15 22:08:33,CUST0104,P006,Backpack,Fashion,1,1200.0,15,1020.0,UPI,Delhi,Online
TXN001952,2025-04-16 10:19:01,CUST0284,P009,Water Bottle,Home,5,450.0,0,2250.0,UPI,Bengaluru,Online
TXN001953,2025-04-06 00:41:49,CUST0132,P012,Power Bank,Electronics,2,1500.0,25,2250.0,Card,Pune,Store
TXN001954,2025-03-10 21:46:25,CUST0021,P010,Desk Lamp,Home,3,850.0,20,2040.0,Cash,Mumbai,Online
TXN001955,2025-10-12 19:11:54,CUST0426,P002,Mechanical Keyboard,Electronics,2,3500.0,20,5600.0,Cash,Mumbai,Online
TXN001956,2025-03-30 09:15:27,CUST0125,P010,Desk Lamp,Home,5,850.0,15,3612.5,Wallet,Mumbai,Online
TXN001957,2025-05-04 19:58:30,CUST0405,P011,Smart Watch,Electronics,1,4999.0,5,4749.05,Wallet,Mumbai,Store
TXN001958,2025-02-02 09:12:56,CUST0244,P004,Notebook,Stationery,1,150.0,20,120.0,Card,Hyderabad,Store
TXN001959,2025-04-27 11:50:19,CUST0292,P001,Wireless Mouse,Electronics,5,599.0,15,2545.75,UPI,Chennai,Store
TXN001960,2025-10-29 21:51:16,CUST0330,P004,Notebook,Stationery,5,150.0,25,562.5,Wallet,Mumbai,Store
TXN001961,2025-10-21 01:00:40,CUST0209,P010,Desk Lamp,Home,3,850.0,15,2167.5,Card,Delhi,Store
TXN001962,2025-07-19 16:41:36,CUST0146,P011,Smart Watch,Electronics,3,4999.0,10,13497.3,Card,Delhi,Store
TXN001963,2025-09-21 05:57:01,CUST0288,P009,Water Bottle,Home,3,450.0,25,1012.5,Wallet,Mumbai,Online
TXN001964,2025-07-09 08:34:44,CUST0004,P006,Backpack,Fashion,5,1200.0,15,5100.0,Wallet,Pune,Online
TXN001965,2025-01-26 11:03:30,CUST0390,P007,Running Shoes,Fashion,3,2500.0,0,7500.0,Wallet,Delhi,Online
TXN001966,2025-03-17 04:26:27,CUST0399,P002,Mechanical Keyboard,Electronics,2,3500.0,5,6650.0,Cash,Hyderabad,Store
TXN001967,2025-05-05 06:45:50,CUST0393,P009,Water Bottle,Home,4,450.0,0,1800.0,Cash,Hyderabad,Online
TXN001968,2025-08-10 18:11:03,CUST0345,P003,USB-C Cable,Electronics,3,299.0,5,852.15,Card,Bengaluru,Online
TXN001969,2025-11-28 00:32:44,CUST0081,P010,Desk Lamp,Home,2,850.0,10,1530.0,Wallet,Chennai,Store
TXN001970,2025-10-30 19:50:33,CUST0372,P005,Ball Pen Pack,Stationery,2,100.0,10,180.0,Wallet,Delhi,Store
TXN001971,2025-02-26 07:22:20,CUST0157,P006,Backpack,Fashion,3,1200.0,25,2700.0,Cash,Bengaluru,Store
TXN001972,2025-06-15 04:03:49,CUST0289,P007,Running Shoes,Fashion,4,2500.0,0,10000.0,Wallet,Mumbai,Store
TXN001973,2025-05-18 07:54:08,CUST0331,P003,USB-C Cable,Electronics,4,299.0,10,1076.4,UPI,Chennai,Online
TXN001974,2025-03-23 00:22:37,CUST0339,P012,Power Bank,Electronics,3,1500.0,10,4050.0,Cash,Mumbai,Store
TXN001975,2025-06-16 00:34:24,CUST0405,P007,Running Shoes,Fashion,3,2500.0,20,6000.0,Card,Pune,Store
TXN001976,2025-11-29 14:15:31,CUST0141,P002,Mechanical Keyboard,Electronics,1,3500.0,5,3325.0,Card,Delhi,Store
TXN001977,2025-10-08 02:40:03,CUST0304,P008,Coffee Mug,Home,1,250.0,25,187.5,Wallet,Chennai,Store
TXN001978,2025-04-08 00:44:04,CUST0144,P010,Desk Lamp,Home,5,850.0,15,3612.5,UPI,Mumbai,Online
TXN001979,2025-09-06 09:46:16,CUST0176,P005,Ball Pen Pack,Stationery,5,100.0,10,450.0,Wallet,Delhi,Online
TXN001980,2025-07-03 05:52:32,CUST0069,P012,Power Bank,Electronics,1,1500.0,10,1350.0,Wallet,Pune,Online
TXN001981,2025-08-18 01:24:43,CUST0154,P010,Desk Lamp,Home,2,850.0,20,1360.0,UPI,Bengaluru,Online
TXN001982,2025-05-08 07:42:35,CUST0294,P009,Water Bottle,Home,3,450.0,20,1080.0,Cash,Chennai,Online
TXN001983,2025-02-24 13:15:09,CUST0396,P002,Mechanical Keyboard,Electronics,3,3500.0,10,9450.0,Wallet,Chennai,Online
TXN001984,2025-03-13 12:18:34,CUST0165,P008,Coffee Mug,Home,2,250.0,15,425.0,Cash,Delhi,Online
TXN001985,2025-09-21 04:19:51,CUST0498,P012,Power Bank,Electronics,3,1500.0,10,4050.0,UPI,Pune,Online
TXN001986,2025-09-07 10:06:46,CUST0211,P007,Running Shoes,Fashion,4,2500.0,15,8500.0,UPI,Hyderabad,Online
TXN001987,2025-12-21 13:36:39,CUST0263,P006,Backpack,Fashion,1,1200.0,20,960.0,Wallet,Mumbai,Store
TXN001988,2025-11-03 20:36:55,CUST0276,P008,Coffee Mug,Home,3,250.0,20,600.0,Cash,Chennai,Online
TXN001989,2025-10-13 05:25:09,CUST0039,P010,Desk Lamp,Home,1,850.0,20,680.0,UPI,Hyderabad,Online
TXN001990,2025-11-07 03:24:26,CUST0263,P002,Mechanical Keyboard,Electronics,5,3500.0,15,14875.0,Card,Mumbai,Store
TXN001991,2025-11-14 14:02:10,CUST0142,P008,Coffee Mug,Home,4,250.0,25,750.0,Card,Chennai,Store
TXN001992,2025-01-29 08:38:58,CUST0094,P011,Smart Watch,Electronics,5,4999.0,10,22495.5,Wallet,Hyderabad,Store
TXN001993,2025-12-12 09:46:50,CUST0011,P007,Running Shoes,Fashion,5,2500.0,10,11250.0,UPI,Hyderabad,Store
TXN001994,2025-01-08 07:53:47,CUST0005,P004,Notebook,Stationery,3,150.0,15,382.5,Card,Delhi,Online
TXN001995,2025-08-15 22:47:00,CUST0346,P006,Backpack,Fashion,5,1200.0,15,5100.0,Card,Hyderabad,Store
TXN001996,2025-12-13 21:37:59,CUST0451,P012,Power Bank,Electronics,5,1500.0,5,7125.0,Card,Pune,Online
TXN001997,2025-04-30 19:15:27,CUST0093,P002,Mechanical Keyboard,Electronics,1,3500.0,20,2800.0,UPI,Pune,Store
TXN001998,2025-01-27 21:36:50,CUST0168,P006,Backpack,Fashion,2,1200.0,25,1800.0,Card,Pune,Store
TXN001999,2025-03-05 09:57:46,CUST0218,P005,Ball Pen Pack,Stationery,2,100.0,5,190.0,Cash,Mumbai,Online
TXN002000,2025-12-07 20:10:30,CUST0461,P008,Coffee Mug,Home,1,250.0,15,212.5,UPI,Bengaluru,Online
TXN002001,2025-05-28 17:44:21,CUST0026,P008,Coffee Mug,Home,4,250.0,15,850.0,Card,Pune,Store
TXN002002,2025-08-18 05:13:22,CUST0418,P002,Mechanical Keyboard,Electronics,1,3500.0,5,3325.0,UPI,Pune,Online
TXN002003,2025-02-16 17:49:15,CUST0482,P008,Coffee Mug,Home,5,250.0,10,1125.0,Cash,Bengaluru,Online
TXN002004,2025-03-23 16:23:38,CUST0047,P009,Water Bottle,Home,3,450.0,15,1147.5,Cash,Hyderabad,Online
TXN002005,2025-06-27 11:07:03,CUST0009,P001,Wireless Mouse,Electronics,4,599.0,15,2036.6,Wallet,Mumbai,Store
TXN002006,2025-05-20 23:06:03,CUST0485,P005,Ball Pen Pack,Stationery,1,100.0,15,85.0,Cash,Pune,Online
TXN002007,2025-09-10 14:28:17,CUST0330,P007,Running Shoes,Fashion,4,2500.0,0,10000.0,Cash,Chennai,Store
TXN002008,2025-01-18 14:52:27,CUST0073,P004,Notebook,Stationery,2,150.0,20,240.0,UPI,Pune,Online
TXN002009,2025-02-24 10:56:54,CUST0356,P008,Coffee Mug,Home,1,250.0,0,250.0,Card,Chennai,Store
TXN002010,2025-05-25 08:31:57,CUST0317,P007,Running Shoes,Fashion,2,2500.0,15,4250.0,Card,Pune,Online
TXN002011,2025-10-16 03:37:50,CUST0415,P011,Smart Watch,Electronics,2,4999.0,10,8998.2,UPI,Pune,Online
TXN002012,2025-07-13 05:33:08,CUST0105,P005,Ball Pen Pack,Stationery,4,100.0,25,300.0,Cash,Delhi,Store
TXN002013,2025-01-12 01:26:09,CUST0402,P001,Wireless Mouse,Electronics,3,599.0,0,1797.0,Wallet,Mumbai,Online
TXN002014,2025-12-21 19:09:15,CUST0209,P001,Wireless Mouse,Electronics,5,599.0,15,2545.75,Card,Pune,Online
TXN002015,2025-01-06 19:14:11,CUST0179,P004,Notebook,Stationery,1,150.0,15,127.5,UPI,Mumbai,Store
TXN002016,2025-06-30 08:49:56,CUST0213,P009,Water Bottle,Home,4,450.0,5,1710.0,UPI,Delhi,Store
TXN002017,2025-07-02 07:56:08,CUST0461,P005,Ball Pen Pack,Stationery,2,100.0,10,180.0,Cash,Hyderabad,Online
TXN002018,2025-07-05 13:19:26,CUST0253,P012,Power Bank,Electronics,5,1500.0,5,7125.0,Card,Pune,Online
TXN002019,2025-11-09 19:18:52,CUST0483,P003,USB-C Cable,Electronics,2,299.0,25,448.5,UPI,Chennai,Online
TXN002020,2025-10-06 13:25:22,CUST0207,P005,Ball Pen Pack,Stationery,5,100.0,0,500.0,Card,Pune,Store
TXN002021,2025-03-13 16:50:45,CUST0374,P011,Smart Watch,Electronics,3,4999.0,10,13497.3,Wallet,Chennai,Store
TXN002022,2025-10-23 02:43:18,CUST0461,P003,USB-C Cable,Electronics,3,299.0,15,762.45,Cash,Chennai,Online
TXN002023,2025-08-14 00:06:22,CUST0378,P001,Wireless Mouse,Electronics,4,599.0,25,1797.0,UPI,Pune,Online
TXN002024,2025-01-06 13:29:17,CUST0074,P011,Smart Watch,Electronics,1,4999.0,5,4749.05,Card,Bengaluru,Store
TXN002025,2025-01-05 13:10:06,CUST0293,P008,Coffee Mug,Home,4,250.0,10,900.0,Card,Chennai,Store
TXN002026,2025-06-25 13:54:56,CUST0110,P008,Coffee Mug,Home,5,250.0,10,1125.0,Wallet,Mumbai,Store
TXN002027,2025-09-12 13:20:04,CUST0394,P009,Water Bottle,Home,3,450.0,10,1215.0,Card,Delhi,Store
TXN002028,2025-11-10 09:40:40,CUST0447,P008,Coffee Mug,Home,5,250.0,15,1062.5,UPI,Chennai,Store
TXN002029,2025-10-24 10:11:08,CUST0266,P005,Ball Pen Pack,Stationery,1,100.0,10,90.0,Wallet,Chennai,Online
TXN002030,2025-07-31 00:05:53,CUST0065,P002,Mechanical Keyboard,Electronics,2,3500.0,15,5950.0,UPI,Mumbai,Store
TXN002031,2025-02-19 01:11:39,CUST0448,P006,Backpack,Fashion,3,1200.0,15,3060.0,Wallet,Hyderabad,Online
TXN002032,2025-12-03 16:43:21,CUST0498,P009,Water Bottle,Home,2,450.0,15,765.0,Card,Pune,Online
TXN002033,2025-10-29 08:01:05,CUST0009,P004,Notebook,Stationery,3,150.0,20,360.0,Card,Hyderabad,Online
TXN002034,2025-11-07 18:57:49,CUST0273,P006,Backpack,Fashion,5,1200.0,5,5700.0,Card,Delhi,Online
TXN002035,2025-02-08 21:21:16,CUST0349,P003,USB-C Cable,Electronics,5,299.0,5,1420.25,Card,Hyderabad,Store
TXN002036,2025-11-30 07:53:27,CUST0104,P005,Ball Pen Pack,Stationery,1,100.0,15,85.0,Cash,Bengaluru,Store
TXN002037,2025-12-14 02:18:08,CUST0244,P008,Coffee Mug,Home,3,250.0,5,712.5,Cash,Mumbai,Online
TXN002038,2025-04-08 14:33:29,CUST0363,P009,Water Bottle,Home,3,450.0,5,1282.5,UPI,Mumbai,Store
TXN002039,2025-02-24 11:43:16,CUST0074,P008,Coffee Mug,Home,2,250.0,5,475.0,Wallet,Pune,Store
TXN002040,2025-06-01 20:22:51,CUST0303,P004,Notebook,Stationery,2,150.0,10,270.0,UPI,Pune,Store
TXN002041,2025-02-24 12:59:55,CUST0458,P007,Running Shoes,Fashion,1,2500.0,25,1875.0,Card,Pune,Store
TXN002042,2025-02-25 07:20:34,CUST0345,P005,Ball Pen Pack,Stationery,3,100.0,0,300.0,UPI,Hyderabad,Store
TXN002043,2025-07-23 14:16:47,CUST0053,P011,Smart Watch,Electronics,5,4999.0,15,21245.75,Card,Chennai,Store
TXN002044,2025-04-27 01:13:29,CUST0421,P002,Mechanical Keyboard,Electronics,5,3500.0,25,13125.0,Wallet,Pune,Online
TXN002045,2025-12-08 20:18:32,CUST0387,P012,Power Bank,Electronics,3,1500.0,10,4050.0,UPI,Bengaluru,Store
TXN002046,2025-02-13 19:43:20,CUST0321,P008,Coffee Mug,Home,4,250.0,20,800.0,Card,Chennai,Store
TXN002047,2025-10-22 13:21:18,CUST0150,P004,Notebook,Stationery,5,150.0,0,750.0,UPI,Chennai,Store
TXN002048,2025-04-04 17:00:35,CUST0446,P011,Smart Watch,Electronics,4,4999.0,25,14997.0,Wallet,Bengaluru,Online
TXN002049,2025-09-05 19:08:57,CUST0054,P005,Ball Pen Pack,Stationery,3,100.0,10,270.0,Cash,Bengaluru,Store
TXN002050,2025-05-19 12:19:27,CUST0043,P001,Wireless Mouse,Electronics,1,599.0,25,449.25,Wallet,Pune,Store
TXN002051,2025-03-27 23:29:13,CUST0303,P007,Running Shoes,Fashion,3,2500.0,0,7500.0,Wallet,Hyderabad,Store
TXN002052,2025-08-24 14:10:52,CUST0266,P011,Smart Watch,Electronics,4,4999.0,0,19996.0,UPI,Hyderabad,Online
TXN002053,2025-08-12 13:13:07,CUST0049,P002,Mechanical Keyboard,Electronics,2,3500.0,10,6300.0,Wallet,Bengaluru,Online
TXN002054,2025-05-15 21:06:43,CUST0332,P008,Coffee Mug,Home,4,250.0,20,800.0,UPI,Bengaluru,Store
TXN002055,2025-09-17 20:10:08,CUST0465,P001,Wireless Mouse,Electronics,2,599.0,20,958.4,Card,Mumbai,Store
TXN002056,2025-02-08 08:55:18,CUST0150,P007,Running Shoes,Fashion,1,2500.0,25,1875.0,Wallet,Delhi,Store
TXN002057,2025-11-14 19:44:47,CUST0350,P006,Backpack,Fashion,3,1200.0,5,3420.0,Cash,Bengaluru,Online
TXN002058,2025-05-07 00:40:29,CUST0235,P012,Power Bank,Electronics,3,1500.0,5,4275.0,Card,Hyderabad,Store
TXN002059,2025-10-15 15:52:07,CUST0206,P006,Backpack,Fashion,2,1200.0,15,2040.0,UPI,Delhi,Store
TXN002060,2025-08-28 09:17:23,CUST0276,P012,Power Bank,Electronics,2,1500.0,10,2700.0,Cash,Mumbai,Online
TXN002061,2025-09-06 08:07:19,CUST0208,P006,Backpack,Fashion,5,1200.0,15,5100.0,Card,Bengaluru,Online
TXN002062,2025-04-13 19:00:00,CUST0439,P012,Power Bank,Electronics,4,1500.0,10,5400.0,Cash,Bengaluru,Store
TXN002063,2025-10-21 02:58:27,CUST0082,P003,USB-C Cable,Electronics,3,299.0,0,897.0,UPI,Pune,Store
TXN002064,2025-12-19 22:54:45,CUST0260,P012,Power Bank,Electronics,5,1500.0,10,6750.0,Card,Bengaluru,Online
TXN002065,2025-03-19 03:16:08,CUST0048,P002,Mechanical Keyboard,Electronics,5,3500.0,25,13125.0,Wallet,Delhi,Online
TXN002066,2025-10-06 00:33:38,CUST0175,P009,Water Bottle,Home,3,450.0,15,1147.5,Card,Bengaluru,Online
TXN002067,2025-11-25 04:03:33,CUST0490,P012,Power Bank,Electronics,3,1500.0,20,3600.0,UPI,Delhi,Online
TXN002068,2025-06-21 20:44:05,CUST0423,P001,Wireless Mouse,Electronics,2,599.0,20,958.4,Card,Chennai,Store
TXN002069,2025-01-11 05:41:07,CUST0254,P004,Notebook,Stationery,2,150.0,5,285.0,Card,Bengaluru,Online
TXN002070,2025-02-26 11:00:32,CUST0007,P005,Ball Pen Pack,Stationery,2,100.0,0,200.0,Wallet,Bengaluru,Store
TXN002071,2025-08-05 01:18:00,CUST0283,P010,Desk Lamp,Home,2,850.0,15,1445.0,Card,Hyderabad,Store
TXN002072,2025-09-01 14:26:28,CUST0295,P007,Running Shoes,Fashion,3,2500.0,25,5625.0,Cash,Delhi,Store
TXN002073,2025-05-24 18:46:47,CUST0187,P004,Notebook,Stationery,3,150.0,20,360.0,Cash,Mumbai,Online
TXN002074,2025-05-05 22:06:44,CUST0441,P012,Power Bank,Electronics,2,1500.0,20,2400.0,Card,Mumbai,Store
TXN002075,2025-07-27 21:54:57,CUST0161,P002,Mechanical Keyboard,Electronics,5,3500.0,5,16625.0,Cash,Chennai,Online
TXN002076,2025-06-30 16:47:02,CUST0138,P010,Desk Lamp,Home,1,850.0,15,722.5,Wallet,Bengaluru,Store
TXN002077,2025-01-26 02:39:14,CUST0489,P003,USB-C Cable,Electronics,1,299.0,20,239.2,Wallet,Hyderabad,Online
TXN002078,2025-12-14 21:50:57,CUST0178,P008,Coffee Mug,Home,2,250.0,0,500.0,Cash,Mumbai,Store
TXN002079,2025-08-10 06:29:19,CUST0130,P012,Power Bank,Electronics,1,1500.0,25,1125.0,Wallet,Bengaluru,Online
TXN002080,2025-06-03 21:16:50,CUST0111,P011,Smart Watch,Electronics,4,4999.0,10,17996.4,Cash,Delhi,Online
TXN002081,2025-08-10 07:27:20,CUST0409,P009,Water Bottle,Home,4,450.0,5,1710.0,Cash,Mumbai,Online
TXN002082,2025-10-04 13:22:51,CUST0387,P006,Backpack,Fashion,5,1200.0,0,6000.0,UPI,Hyderabad,Online
TXN002083,2025-07-25 17:49:57,CUST0212,P012,Power Bank,Electronics,2,1500.0,25,2250.0,Card,Pune,Online
TXN002084,2025-11-21 13:39:21,CUST0093,P001,Wireless Mouse,Electronics,4,599.0,25,1797.0,UPI,Delhi,Online
TXN002085,2025-02-06 13:38:53,CUST0485,P007,Running Shoes,Fashion,5,2500.0,25,9375.0,Wallet,Bengaluru,Store
TXN002086,2025-09-28 11:03:31,CUST0243,P003,USB-C Cable,Electronics,3,299.0,5,852.15,UPI,Delhi,Store
TXN002087,2025-03-10 21:35:23,CUST0363,P007,Running Shoes,Fashion,3,2500.0,15,6375.0,UPI,Pune,Store
TXN002088,2025-06-05 21:34:40,CUST0103,P004,Notebook,Stationery,3,150.0,25,337.5,UPI,Delhi,Store
TXN002089,2025-10-19 23:25:38,CUST0049,P009,Water Bottle,Home,3,450.0,0,1350.0,UPI,Hyderabad,Online
TXN002090,2025-09-23 03:19:09,CUST0192,P002,Mechanical Keyboard,Electronics,2,3500.0,0,7000.0,UPI,Mumbai,Store
TXN002091,2025-05-30 10:09:45,CUST0157,P001,Wireless Mouse,Electronics,5,599.0,20,2396.0,Cash,Mumbai,Online
TXN002092,2025-03-15 04:46:49,CUST0326,P010,Desk Lamp,Home,4,850.0,5,3230.0,Card,Delhi,Online
TXN002093,2025-12-05 16:32:02,CUST0350,P003,USB-C Cable,Electronics,5,299.0,10,1345.5,Card,Bengaluru,Online
TXN002094,2025-07-17 00:38:47,CUST0077,P008,Coffee Mug,Home,1,250.0,20,200.0,UPI,Hyderabad,Online
TXN002095,2025-11-10 11:41:39,CUST0479,P005,Ball Pen Pack,Stationery,3,100.0,0,300.0,Cash,Chennai,Online
TXN002096,2025-08-18 04:11:22,CUST0266,P003,USB-C Cable,Electronics,1,299.0,15,254.15,Card,Hyderabad,Online
TXN002097,2025-08-27 03:21:36,CUST0472,P006,Backpack,Fashion,4,1200.0,25,3600.0,Wallet,Bengaluru,Online
TXN002098,2025-09-17 16:46:59,CUST0284,P002,Mechanical Keyboard,Electronics,3,3500.0,5,9975.0,Cash,Pune,Online
TXN002099,2025-11-14 12:26:57,CUST0252,P004,Notebook,Stationery,4,150.0,0,600.0,Cash,Mumbai,Store
TXN002100,2025-11-11 22:12:15,CUST0432,P011,Smart Watch,Electronics,5,4999.0,0,24995.0,UPI,Chennai,Store
TXN002101,2025-12-21 03:13:00,CUST0270,P010,Desk Lamp,Home,5,850.0,25,3187.5,Wallet,Hyderabad,Online
TXN002102,2025-04-20 17:39:52,CUST0165,P003,USB-C Cable,Electronics,4,299.0,5,1136.2,Cash,Chennai,Store
TXN002103,2025-06-06 23:46:19,CUST0223,P007,Running Shoes,Fashion,1,2500.0,15,2125.0,UPI,Bengaluru,Online
TXN002104,2025-05-05 20:43:56,CUST0288,P008,Coffee Mug,Home,5,250.0,15,1062.5,Cash,Bengaluru,Store
TXN002105,2025-10-27 08:46:30,CUST0351,P012,Power Bank,Electronics,1,1500.0,20,1200.0,UPI,Pune,Online
TXN002106,2025-04-30 06:33:51,CUST0457,P010,Desk Lamp,Home,5,850.0,20,3400.0,Card,Chennai,Store
TXN002107,2025-10-15 02:22:30,CUST0025,P009,Water Bottle,Home,1,450.0,0,450.0,Cash,Bengaluru,Online
TXN002108,2025-05-17 14:41:35,CUST0494,P009,Water Bottle,Home,1,450.0,25,337.5,Wallet,Chennai,Online
TXN002109,2025-07-17 13:51:09,CUST0190,P011,Smart Watch,Electronics,1,4999.0,5,4749.05,UPI,Bengaluru,Online
TXN002110,2025-12-13 13:21:41,CUST0114,P012,Power Bank,Electronics,3,1500.0,0,4500.0,Card,Bengaluru,Online
TXN002111,2025-08-10 19:27:37,CUST0328,P010,Desk Lamp,Home,1,850.0,0,850.0,Wallet,Pune,Online
TXN002112,2025-12-25 23:12:52,CUST0149,P001,Wireless Mouse,Electronics,2,599.0,25,898.5,Cash,Pune,Store
TXN002113,2025-11-18 00:12:41,CUST0117,P006,Backpack,Fashion,4,1200.0,0,4800.0,Card,Pune,Online
TXN002114,2025-08-30 11:15:29,CUST0343,P005,Ball Pen Pack,Stationery,4,100.0,25,300.0,Cash,Pune,Store
TXN002115,2025-06-08 22:03:07,CUST0354,P001,Wireless Mouse,Electronics,4,599.0,15,2036.6,Wallet,Delhi,Online
TXN002116,2025-11-14 04:25:31,CUST0399,P008,Coffee Mug,Home,3,250.0,20,600.0,UPI,Chennai,Store
TXN002117,2025-01-17 05:35:53,CUST0357,P008,Coffee Mug,Home,2,250.0,25,375.0,Card,Mumbai,Online
TXN002118,2025-02-14 18:28:21,CUST0082,P008,Coffee Mug,Home,1,250.0,5,237.5,Cash,Pune,Store
TXN002119,2025-09-22 10:30:00,CUST0367,P012,Power Bank,Electronics,4,1500.0,10,5400.0,Cash,Delhi,Store
TXN002120,2025-02-12 03:13:09,CUST0390,P002,Mechanical Keyboard,Electronics,4,3500.0,5,13300.0,UPI,Hyderabad,Store
TXN002121,2025-03-19 23:28:53,CUST0066,P009,Water Bottle,Home,1,450.0,15,382.5,Wallet,Mumbai,Online
TXN002122,2025-03-30 19:07:35,CUST0020,P007,Running Shoes,Fashion,2,2500.0,0,5000.0,UPI,Pune,Store
TXN002123,2025-08-27 23:12:20,CUST0190,P008,Coffee Mug,Home,2,250.0,15,425.0,UPI,Chennai,Online
TXN002124,2025-10-26 11:23:52,CUST0108,P012,Power Bank,Electronics,3,1500.0,0,4500.0,UPI,Pune,Store
TXN002125,2025-11-30 19:00:16,CUST0487,P005,Ball Pen Pack,Stationery,2,100.0,10,180.0,Wallet,Pune,Online
TXN002126,2025-06-01 23:17:27,CUST0195,P003,USB-C Cable,Electronics,3,299.0,20,717.6,UPI,Pune,Online
TXN002127,2025-09-01 14:03:17,CUST0100,P006,Backpack,Fashion,4,1200.0,0,4800.0,Wallet,Mumbai,Online
TXN002128,2025-08-22 15:52:41,CUST0271,P005,Ball Pen Pack,Stationery,5,100.0,5,475.0,Card,Hyderabad,Store
TXN002129,2025-01-23 00:36:16,CUST0058,P011,Smart Watch,Electronics,1,4999.0,15,4249.15,UPI,Hyderabad,Online
TXN002130,2025-10-09 04:54:31,CUST0478,P006,Backpack,Fashion,3,1200.0,0,3600.0,Card,Mumbai,Online
TXN002131,2025-01-03 07:00:25,CUST0196,P001,Wireless Mouse,Electronics,5,599.0,0,2995.0,Wallet,Hyderabad,Online
TXN002132,2025-11-29 19:50:49,CUST0115,P011,Smart Watch,Electronics,1,4999.0,20,3999.2,UPI,Mumbai,Store
TXN002133,2025-12-30 23:26:20,CUST0293,P011,Smart Watch,Electronics,4,4999.0,10,17996.4,Wallet,Bengaluru,Online
TXN002134,2025-09-23 04:54:49,CUST0252,P010,Desk Lamp,Home,3,850.0,10,2295.0,Wallet,Bengaluru,Online
TXN002135,2025-06-26 09:40:01,CUST0275,P006,Backpack,Fashion,2,1200.0,5,2280.0,Cash,Chennai,Online
TXN002136,2025-05-31 20:37:58,CUST0132,P003,USB-C Cable,Electronics,3,299.0,25,672.75,UPI,Bengaluru,Store
TXN002137,2025-02-25 22:01:33,CUST0022,P008,Coffee Mug,Home,4,250.0,25,750.0,Card,Bengaluru,Online
TXN002138,2025-11-23 06:37:44,CUST0321,P006,Backpack,Fashion,2,1200.0,15,2040.0,Wallet,Bengaluru,Store
TXN002139,2025-10-12 20:14:34,CUST0232,P008,Coffee Mug,Home,4,250.0,15,850.0,Cash,Delhi,Store
TXN002140,2025-09-16 09:43:47,CUST0205,P003,USB-C Cable,Electronics,5,299.0,5,1420.25,Card,Pune,Online
TXN002141,2025-08-09 17:44:49,CUST0100,P012,Power Bank,Electronics,5,1500.0,10,6750.0,Wallet,Hyderabad,Store
TXN002142,2025-05-26 13:32:39,CUST0330,P005,Ball Pen Pack,Stationery,2,100.0,15,170.0,Card,Bengaluru,Online
TXN002143,2025-07-30 19:31:48,CUST0334,P008,Coffee Mug,Home,3,250.0,20,600.0,Wallet,Mumbai,Online
TXN002144,2025-03-26 08:14:49,CUST0173,P009,Water Bottle,Home,2,450.0,25,675.0,Wallet,Hyderabad,Store
TXN002145,2025-03-12 00:39:35,CUST0483,P008,Coffee Mug,Home,1,250.0,25,187.5,Card,Bengaluru,Online
TXN002146,2025-04-17 03:31:36,CUST0382,P011,Smart Watch,Electronics,5,4999.0,5,23745.25,Wallet,Hyderabad,Online
TXN002147,2025-02-28 12:28:11,CUST0211,P006,Backpack,Fashion,4,1200.0,5,4560.0,Card,Bengaluru,Store
TXN002148,2025-08-26 00:56:57,CUST0478,P010,Desk Lamp,Home,5,850.0,25,3187.5,UPI,Chennai,Online
TXN002149,2025-11-02 15:01:11,CUST0034,P002,Mechanical Keyboard,Electronics,1,3500.0,0,3500.0,UPI,Delhi,Online
TXN002150,2025-05-02 16:06:38,CUST0477,P006,Backpack,Fashion,2,1200.0,25,1800.0,Card,Pune,Store
TXN002151,2025-11-23 11:41:30,CUST0034,P006,Backpack,Fashion,5,1200.0,10,5400.0,Wallet,Bengaluru,Store
TXN002152,2025-10-01 06:03:26,CUST0090,P005,Ball Pen Pack,Stationery,3,100.0,0,300.0,Card,Pune,Online
TXN002153,2025-06-11 05:48:46,CUST0061,P009,Water Bottle,Home,5,450.0,15,1912.5,Card,Hyderabad,Store
TXN002154,2025-09-29 19:11:32,CUST0144,P012,Power Bank,Electronics,2,1500.0,0,3000.0,Card,Bengaluru,Online
TXN002155,2025-10-21 11:23:15,CUST0021,P003,USB-C Cable,Electronics,4,299.0,15,1016.6,Wallet,Bengaluru,Online
TXN002156,2025-10-25 22:14:43,CUST0011,P010,Desk Lamp,Home,3,850.0,15,2167.5,Card,Bengaluru,Online
TXN002157,2025-07-10 23:36:03,CUST0485,P011,Smart Watch,Electronics,5,4999.0,10,22495.5,Cash,Mumbai,Store
TXN002158,2025-01-27 18:06:04,CUST0091,P003,USB-C Cable,Electronics,5,299.0,10,1345.5,Wallet,Pune,Online
TXN002159,2025-12-30 03:06:02,CUST0405,P011,Smart Watch,Electronics,2,4999.0,25,7498.5,Cash,Delhi,Online
TXN002160,2025-05-18 18:09:14,CUST0309,P008,Coffee Mug,Home,1,250.0,20,200.0,Wallet,Pune,Store
TXN002161,2025-11-27 14:15:05,CUST0130,P004,Notebook,Stationery,5,150.0,10,675.0,UPI,Bengaluru,Store
TXN002162,2025-12-18 18:49:23,CUST0086,P001,Wireless Mouse,Electronics,2,599.0,25,898.5,Cash,Delhi,Store
TXN002163,2025-06-18 03:23:00,CUST0173,P001,Wireless Mouse,Electronics,3,599.0,25,1347.75,Wallet,Chennai,Online
TXN002164,2025-05-10 07:01:43,CUST0283,P001,Wireless Mouse,Electronics,2,599.0,20,958.4,UPI,Chennai,Online
TXN002165,2025-04-28 13:27:57,CUST0195,P004,Notebook,Stationery,4,150.0,15,510.0,Wallet,Mumbai,Store
TXN002166,2025-09-28 15:10:10,CUST0193,P006,Backpack,Fashion,3,1200.0,20,2880.0,Wallet,Bengaluru,Store
TXN002167,2025-02-21 09:29:57,CUST0483,P006,Backpack,Fashion,3,1200.0,20,2880.0,Card,Bengaluru,Store
TXN002168,2025-04-14 13:34:05,CUST0043,P008,Coffee Mug,Home,1,250.0,25,187.5,Cash,Hyderabad,Online
TXN002169,2025-01-09 22:26:42,CUST0416,P003,USB-C Cable,Electronics,1,299.0,5,284.05,UPI,Pune,Store
TXN002170,2025-01-26 05:27:48,CUST0079,P010,Desk Lamp,Home,2,850.0,0,1700.0,UPI,Mumbai,Online
TXN002171,2025-10-14 00:42:37,CUST0414,P006,Backpack,Fashion,5,1200.0,0,6000.0,Card,Hyderabad,Store
TXN002172,2025-09-03 01:22:24,CUST0448,P006,Backpack,Fashion,1,1200.0,20,960.0,UPI,Mumbai,Online
TXN002173,2025-03-19 11:40:24,CUST0471,P012,Power Bank,Electronics,1,1500.0,5,1425.0,UPI,Chennai,Online
TXN002174,2025-01-02 11:48:07,CUST0222,P011,Smart Watch,Electronics,2,4999.0,5,9498.1,UPI,Chennai,Online
TXN002175,2025-05-31 06:10:41,CUST0165,P011,Smart Watch,Electronics,5,4999.0,5,23745.25,Wallet,Pune,Store
TXN002176,2025-08-24 03:16:33,CUST0362,P003,USB-C Cable,Electronics,4,299.0,10,1076.4,UPI,Bengaluru,Online
TXN002177,2025-07-17 03:01:46,CUST0004,P002,Mechanical Keyboard,Electronics,2,3500.0,5,6650.0,Cash,Pune,Online
TXN002178,2025-09-29 20:09:55,CUST0064,P012,Power Bank,Electronics,1,1500.0,5,1425.0,Card,Delhi,Online
TXN002179,2025-03-05 01:53:50,CUST0203,P011,Smart Watch,Electronics,5,4999.0,10,22495.5,Wallet,Hyderabad,Store
TXN002180,2025-03-26 18:18:50,CUST0219,P005,Ball Pen Pack,Stationery,3,100.0,25,225.0,Card,Hyderabad,Online
TXN002181,2025-09-12 07:34:16,CUST0456,P011,Smart Watch,Electronics,3,4999.0,10,13497.3,Card,Mumbai,Online
TXN002182,2025-01-25 09:10:47,CUST0253,P006,Backpack,Fashion,1,1200.0,20,960.0,Wallet,Mumbai,Store
TXN002183,2025-01-05 15:50:17,CUST0382,P011,Smart Watch,Electronics,1,4999.0,10,4499.1,Cash,Chennai,Online
TXN002184,2025-08-10 01:20:20,CUST0135,P012,Power Bank,Electronics,3,1500.0,15,3825.0,Cash,Chennai,Store
TXN002185,2025-05-24 20:46:57,CUST0256,P005,Ball Pen Pack,Stationery,4,100.0,10,360.0,Card,Pune,Online
TXN002186,2025-01-17 13:59:16,CUST0354,P006,Backpack,Fashion,4,1200.0,15,4080.0,Wallet,Delhi,Store
TXN002187,2025-06-30 01:17:15,CUST0445,P008,Coffee Mug,Home,4,250.0,5,950.0,Card,Chennai,Store
TXN002188,2025-06-12 22:55:44,CUST0487,P001,Wireless Mouse,Electronics,2,599.0,10,1078.2,Wallet,Chennai,Online
TXN002189,2025-06-05 02:50:52,CUST0188,P001,Wireless Mouse,Electronics,4,599.0,25,1797.0,Card,Pune,Online
TXN002190,2025-03-26 06:31:43,CUST0049,P001,Wireless Mouse,Electronics,4,599.0,15,2036.6,Card,Delhi,Store
TXN002191,2025-03-18 19:13:26,CUST0012,P008,Coffee Mug,Home,4,250.0,5,950.0,Cash,Hyderabad,Store
TXN002192,2025-03-30 10:41:02,CUST0098,P008,Coffee Mug,Home,5,250.0,25,937.5,Wallet,Bengaluru,Store
TXN002193,2025-11-27 17:27:36,CUST0082,P008,Coffee Mug,Home,1,250.0,10,225.0,UPI,Mumbai,Store
TXN002194,2025-10-02 04:37:17,CUST0245,P010,Desk Lamp,Home,3,850.0,5,2422.5,Card,Hyderabad,Store
TXN002195,2025-11-09 02:18:01,CUST0111,P007,Running Shoes,Fashion,4,2500.0,0,10000.0,Cash,Chennai,Online
TXN002196,2025-05-12 11:47:56,CUST0323,P005,Ball Pen Pack,Stationery,5,100.0,15,425.0,UPI,Hyderabad,Online
TXN002197,2025-07-25 16:34:19,CUST0145,P006,Backpack,Fashion,3,1200.0,25,2700.0,Card,Delhi,Store
TXN002198,2025-01-25 12:22:03,CUST0010,P008,Coffee Mug,Home,3,250.0,15,637.5,Card,Pune,Store
TXN002199,2025-09-25 07:15:04,CUST0120,P006,Backpack,Fashion,4,1200.0,10,4320.0,Cash,Hyderabad,Store
TXN002200,2025-09-29 04:54:11,CUST0100,P003,USB-C Cable,Electronics,3,299.0,25,672.75,Card,Chennai,Online
TXN002201,2025-11-12 20:42:34,CUST0420,P004,Notebook,Stationery,4,150.0,20,480.0,Wallet,Mumbai,Store
TXN002202,2025-07-18 10:29:48,CUST0451,P002,Mechanical Keyboard,Electronics,4,3500.0,5,13300.0,Cash,Mumbai,Store
TXN002203,2025-06-29 16:34:35,CUST0309,P012,Power Bank,Electronics,3,1500.0,0,4500.0,Wallet,Bengaluru,Online
TXN002204,2025-11-04 07:16:43,CUST0395,P005,Ball Pen Pack,Stationery,2,100.0,10,180.0,UPI,Bengaluru,Online
TXN002205,2025-03-28 17:37:02,CUST0325,P001,Wireless Mouse,Electronics,3,599.0,10,1617.3,Wallet,Hyderabad,Online
TXN002206,2025-11-01 08:28:00,CUST0140,P006,Backpack,Fashion,4,1200.0,10,4320.0,Card,Chennai,Online
TXN002207,2025-12-25 17:35:36,CUST0306,P010,Desk Lamp,Home,1,850.0,10,765.0,UPI,Chennai,Online
TXN002208,2025-07-23 07:23:38,CUST0410,P009,Water Bottle,Home,3,450.0,5,1282.5,Wallet,Bengaluru,Online
TXN002209,2025-04-26 19:12:40,CUST0134,P004,Notebook,Stationery,2,150.0,10,270.0,UPI,Mumbai,Store
TXN002210,2025-01-31 13:37:38,CUST0189,P008,Coffee Mug,Home,2,250.0,15,425.0,Wallet,Hyderabad,Online
TXN002211,2025-08-19 15:02:13,CUST0228,P006,Backpack,Fashion,1,1200.0,10,1080.0,Wallet,Delhi,Online
TXN002212,2025-10-02 07:09:45,CUST0311,P008,Coffee Mug,Home,3,250.0,5,712.5,Card,Delhi,Online
TXN002213,2025-02-18 02:58:15,CUST0027,P006,Backpack,Fashion,5,1200.0,15,5100.0,Cash,Pune,Store
TXN002214,2025-11-20 00:58:42,CUST0369,P007,Running Shoes,Fashion,5,2500.0,0,12500.0,Wallet,Chennai,Store
TXN002215,2025-06-03 14:40:42,CUST0092,P006,Backpack,Fashion,5,1200.0,0,6000.0,Cash,Delhi,Online
TXN002216,2025-12-10 00:34:34,CUST0262,P001,Wireless Mouse,Electronics,2,599.0,15,1018.3,UPI,Mumbai,Online
TXN002217,2025-02-28 20:44:02,CUST0053,P009,Water Bottle,Home,2,450.0,25,675.0,Card,Mumbai,Store
TXN002218,2025-05-19 16:14:11,CUST0174,P002,Mechanical Keyboard,Electronics,4,3500.0,10,12600.0,UPI,Bengaluru,Store
TXN002219,2025-07-31 16:48:22,CUST0032,P009,Water Bottle,Home,4,450.0,25,1350.0,Wallet,Chennai,Online
TXN002220,2025-08-01 20:38:20,CUST0422,P002,Mechanical Keyboard,Electronics,2,3500.0,15,5950.0,Card,Mumbai,Store
TXN002221,2025-03-30 07:29:08,CUST0123,P001,Wireless Mouse,Electronics,5,599.0,0,2995.0,UPI,Chennai,Online
TXN002222,2025-07-05 21:44:39,CUST0022,P001,Wireless Mouse,Electronics,2,599.0,5,1138.1,Card,Pune,Store
TXN002223,2025-05-06 10:06:52,CUST0199,P011,Smart Watch,Electronics,4,4999.0,0,19996.0,Cash,Bengaluru,Online
TXN002224,2025-09-18 01:30:59,CUST0366,P012,Power Bank,Electronics,4,1500.0,20,4800.0,UPI,Mumbai,Online
TXN002225,2025-08-18 00:06:37,CUST0019,P004,Notebook,Stationery,2,150.0,20,240.0,Wallet,Mumbai,Store
TXN002226,2025-09-30 13:28:32,CUST0042,P010,Desk Lamp,Home,3,850.0,20,2040.0,Card,Bengaluru,Online
TXN002227,2025-03-01 03:07:38,CUST0275,P001,Wireless Mouse,Electronics,5,599.0,10,2695.5,Cash,Hyderabad,Store
TXN002228,2025-07-18 09:44:35,CUST0199,P003,USB-C Cable,Electronics,2,299.0,20,478.4,Cash,Delhi,Online
TXN002229,2025-05-08 00:24:08,CUST0460,P005,Ball Pen Pack,Stationery,4,100.0,0,400.0,Cash,Bengaluru,Online
TXN002230,2025-06-23 00:45:57,CUST0309,P011,Smart Watch,Electronics,5,4999.0,15,21245.75,Card,Pune,Online
TXN002231,2025-01-17 04:18:00,CUST0199,P002,Mechanical Keyboard,Electronics,2,3500.0,5,6650.0,Cash,Chennai,Online
TXN002232,2025-12-11 08:11:49,CUST0304,P005,Ball Pen Pack,Stationery,3,100.0,15,255.0,UPI,Chennai,Online
TXN002233,2025-08-09 03:23:35,CUST0456,P005,Ball Pen Pack,Stationery,2,100.0,20,160.0,UPI,Delhi,Online
TXN002234,2025-03-26 01:12:49,CUST0425,P003,USB-C Cable,Electronics,3,299.0,5,852.15,Wallet,Chennai,Store
TXN002235,2025-10-07 14:36:00,CUST0168,P008,Coffee Mug,Home,4,250.0,20,800.0,Card,Bengaluru,Store
TXN002236,2025-08-06 19:18:47,CUST0306,P005,Ball Pen Pack,Stationery,2,100.0,0,200.0,UPI,Mumbai,Online
TXN002237,2025-08-29 12:04:39,CUST0026,P001,Wireless Mouse,Electronics,3,599.0,0,1797.0,Cash,Bengaluru,Store
TXN002238,2025-10-11 00:25:32,CUST0291,P003,USB-C Cable,Electronics,1,299.0,0,299.0,Cash,Pune,Online
TXN002239,2025-06-14 08:11:23,CUST0380,P006,Backpack,Fashion,1,1200.0,10,1080.0,Wallet,Chennai,Online
TXN002240,2025-04-26 12:37:14,CUST0395,P001,Wireless Mouse,Electronics,1,599.0,10,539.1,Card,Delhi,Store
TXN002241,2025-12-28 05:24:01,CUST0478,P004,Notebook,Stationery,1,150.0,25,112.5,UPI,Bengaluru,Online
TXN002242,2025-01-06 13:41:46,CUST0058,P002,Mechanical Keyboard,Electronics,2,3500.0,15,5950.0,Cash,Delhi,Online
TXN002243,2025-09-30 23:17:09,CUST0289,P008,Coffee Mug,Home,1,250.0,25,187.5,Card,Pune,Online
TXN002244,2025-06-04 09:19:53,CUST0348,P007,Running Shoes,Fashion,1,2500.0,0,2500.0,Wallet,Bengaluru,Store
TXN002245,2025-06-10 04:04:21,CUST0090,P001,Wireless Mouse,Electronics,5,599.0,0,2995.0,UPI,Delhi,Store
TXN002246,2025-10-07 04:21:42,CUST0246,P004,Notebook,Stationery,3,150.0,0,450.0,Cash,Pune,Online
TXN002247,2025-09-25 20:14:19,CUST0230,P001,Wireless Mouse,Electronics,1,599.0,20,479.2,Wallet,Hyderabad,Store
TXN002248,2025-11-04 13:38:14,CUST0119,P012,Power Bank,Electronics,1,1500.0,10,1350.0,Cash,Mumbai,Store
TXN002249,2025-06-27 04:37:40,CUST0421,P008,Coffee Mug,Home,5,250.0,5,1187.5,Cash,Chennai,Store
TXN002250,2025-10-10 00:39:41,CUST0283,P009,Water Bottle,Home,2,450.0,10,810.0,Cash,Bengaluru,Online
TXN002251,2025-08-14 07:57:57,CUST0206,P006,Backpack,Fashion,4,1200.0,10,4320.0,Cash,Pune,Store
TXN002252,2025-09-20 10:04:48,CUST0278,P007,Running Shoes,Fashion,3,2500.0,15,6375.0,UPI,Hyderabad,Store
TXN002253,2025-12-10 14:40:33,CUST0071,P006,Backpack,Fashion,3,1200.0,25,2700.0,Wallet,Bengaluru,Online
TXN002254,2025-12-12 12:59:10,CUST0022,P006,Backpack,Fashion,5,1200.0,25,4500.0,Card,Hyderabad,Store
TXN002255,2025-07-29 19:07:54,CUST0324,P012,Power Bank,Electronics,2,1500.0,20,2400.0,Card,Pune,Store
TXN002256,2025-02-01 17:54:13,CUST0422,P007,Running Shoes,Fashion,1,2500.0,20,2000.0,UPI,Hyderabad,Online
TXN002257,2025-08-12 11:43:07,CUST0003,P005,Ball Pen Pack,Stationery,5,100.0,25,375.0,Card,Chennai,Online
TXN002258,2025-09-23 15:26:30,CUST0364,P006,Backpack,Fashion,4,1200.0,0,4800.0,Cash,Chennai,Store
TXN002259,2025-08-01 23:55:51,CUST0480,P007,Running Shoes,Fashion,5,2500.0,25,9375.0,Wallet,Pune,Store
TXN002260,2025-10-19 04:53:16,CUST0209,P012,Power Bank,Electronics,1,1500.0,5,1425.0,Wallet,Pune,Online
TXN002261,2025-10-06 03:29:07,CUST0001,P009,Water Bottle,Home,1,450.0,15,382.5,Card,Mumbai,Store
TXN002262,2025-04-04 22:03:00,CUST0387,P007,Running Shoes,Fashion,3,2500.0,5,7125.0,UPI,Pune,Online
TXN002263,2025-01-07 07:10:52,CUST0016,P005,Ball Pen Pack,Stationery,1,100.0,5,95.0,Card,Chennai,Online
TXN002264,2025-01-27 00:41:20,CUST0130,P008,Coffee Mug,Home,1,250.0,15,212.5,Cash,Chennai,Store
TXN002265,2025-01-05 02:30:18,CUST0358,P010,Desk Lamp,Home,3,850.0,10,2295.0,Wallet,Delhi,Online
TXN002266,2025-04-28 23:29:47,CUST0220,P010,Desk Lamp,Home,5,850.0,15,3612.5,UPI,Chennai,Store
TXN002267,2025-01-13 05:46:09,CUST0256,P006,Backpack,Fashion,3,1200.0,0,3600.0,Cash,Chennai,Store
TXN002268,2025-12-01 10:43:53,CUST0409,P007,Running Shoes,Fashion,5,2500.0,0,12500.0,Wallet,Chennai,Store
TXN002269,2025-09-23 23:14:51,CUST0252,P001,Wireless Mouse,Electronics,4,599.0,0,2396.0,Wallet,Mumbai,Store
TXN002270,2025-04-08 22:16:04,CUST0279,P002,Mechanical Keyboard,Electronics,1,3500.0,5,3325.0,UPI,Bengaluru,Store
TXN002271,2025-10-18 21:40:21,CUST0173,P004,Notebook,Stationery,5,150.0,15,637.5,UPI,Delhi,Store
TXN002272,2025-08-03 14:50:43,CUST0398,P012,Power Bank,Electronics,4,1500.0,5,5700.0,Wallet,Mumbai,Online
TXN002273,2025-09-23 13:41:58,CUST0066,P010,Desk Lamp,Home,1,850.0,20,680.0,Wallet,Mumbai,Online
TXN002274,2025-06-29 21:09:01,CUST0141,P012,Power Bank,Electronics,5,1500.0,15,6375.0,UPI,Delhi,Online
TXN002275,2025-09-29 03:51:00,CUST0265,P008,Coffee Mug,Home,2,250.0,15,425.0,Cash,Pune,Online
TXN002276,2025-04-23 17:40:03,CUST0308,P006,Backpack,Fashion,4,1200.0,0,4800.0,Card,Mumbai,Online
TXN002277,2025-07-07 05:55:41,CUST0249,P004,Notebook,Stationery,1,150.0,15,127.5,Card,Bengaluru,Online
TXN002278,2025-04-28 09:25:20,CUST0094,P004,Notebook,Stationery,3,150.0,25,337.5,Wallet,Pune,Store
TXN002279,2025-11-10 23:00:23,CUST0359,P002,Mechanical Keyboard,Electronics,1,3500.0,5,3325.0,Card,Pune,Online
TXN002280,2025-06-20 03:21:45,CUST0255,P006,Backpack,Fashion,4,1200.0,0,4800.0,Cash,Chennai,Online
TXN002281,2025-06-12 13:51:50,CUST0243,P001,Wireless Mouse,Electronics,3,599.0,15,1527.45,Wallet,Mumbai,Online
TXN002282,2025-02-03 21:09:47,CUST0135,P011,Smart Watch,Electronics,3,4999.0,15,12747.45,Wallet,Hyderabad,Online
TXN002283,2025-12-19 02:16:32,CUST0476,P003,USB-C Cable,Electronics,1,299.0,0,299.0,Card,Mumbai,Online
TXN002284,2025-09-16 02:54:09,CUST0101,P008,Coffee Mug,Home,5,250.0,10,1125.0,Cash,Bengaluru,Online
TXN002285,2025-11-03 19:18:59,CUST0337,P003,USB-C Cable,Electronics,5,299.0,15,1270.75,UPI,Hyderabad,Online
TXN002286,2025-04-01 04:42:39,CUST0104,P003,USB-C Cable,Electronics,3,299.0,5,852.15,Wallet,Mumbai,Store
TXN002287,2025-01-24 07:11:04,CUST0262,P001,Wireless Mouse,Electronics,1,599.0,20,479.2,Cash,Hyderabad,Online
TXN002288,2025-04-28 19:22:20,CUST0451,P003,USB-C Cable,Electronics,3,299.0,5,852.15,Wallet,Pune,Online
TXN002289,2025-09-15 21:16:02,CUST0244,P008,Coffee Mug,Home,4,250.0,5,950.0,UPI,Pune,Store
TXN002290,2025-08-03 18:38:12,CUST0325,P011,Smart Watch,Electronics,5,4999.0,0,24995.0,Card,Chennai,Online
TXN002291,2025-11-30 03:42:02,CUST0262,P003,USB-C Cable,Electronics,1,299.0,15,254.15,UPI,Hyderabad,Online
TXN002292,2025-04-06 22:50:20,CUST0321,P007,Running Shoes,Fashion,3,2500.0,5,7125.0,Cash,Bengaluru,Online
TXN002293,2025-10-20 04:36:19,CUST0222,P001,Wireless Mouse,Electronics,3,599.0,15,1527.45,UPI,Pune,Store
TXN002294,2025-06-01 18:17:54,CUST0231,P010,Desk Lamp,Home,2,850.0,25,1275.0,Card,Bengaluru,Store
TXN002295,2025-09-08 21:32:17,CUST0447,P011,Smart Watch,Electronics,2,4999.0,5,9498.1,Cash,Bengaluru,Online
TXN002296,2025-06-18 01:26:36,CUST0308,P001,Wireless Mouse,Electronics,4,599.0,0,2396.0,UPI,Chennai,Online
TXN002297,2025-10-28 04:07:06,CUST0329,P001,Wireless Mouse,Electronics,3,599.0,10,1617.3,Wallet,Delhi,Store
TXN002298,2025-09-10 11:59:39,CUST0414,P006,Backpack,Fashion,3,1200.0,20,2880.0,Cash,Delhi,Store
TXN002299,2025-07-18 14:57:57,CUST0250,P007,Running Shoes,Fashion,5,2500.0,25,9375.0,Card,Bengaluru,Store
TXN002300,2025-02-05 08:04:00,CUST0355,P008,Coffee Mug,Home,3,250.0,20,600.0,UPI,Delhi,Store
TXN002301,2025-12-29 19:00:37,CUST0139,P005,Ball Pen Pack,Stationery,5,100.0,20,400.0,Card,Delhi,Store
TXN002302,2025-12-19 07:52:52,CUST0123,P010,Desk Lamp,Home,2,850.0,10,1530.0,Cash,Pune,Store
TXN002303,2025-07-21 01:03:01,CUST0347,P007,Running Shoes,Fashion,3,2500.0,10,6750.0,Wallet,Chennai,Online
TXN002304,2025-10-26 09:12:21,CUST0314,P003,USB-C Cable,Electronics,3,299.0,5,852.15,Cash,Chennai,Store
TXN002305,2025-03-21 09:44:49,CUST0409,P008,Coffee Mug,Home,5,250.0,20,1000.0,Card,Mumbai,Store
TXN002306,2025-09-06 00:08:24,CUST0127,P004,Notebook,Stationery,5,150.0,25,562.5,Cash,Pune,Store
TXN002307,2025-05-26 15:14:25,CUST0126,P007,Running Shoes,Fashion,4,2500.0,25,7500.0,Cash,Hyderabad,Store
TXN002308,2025-07-28 17:00:40,CUST0175,P003,USB-C Cable,Electronics,3,299.0,20,717.6,UPI,Delhi,Online
TXN002309,2025-05-27 05:48:44,CUST0417,P009,Water Bottle,Home,4,450.0,0,1800.0,UPI,Pune,Store
TXN002310,2025-12-27 07:46:33,CUST0254,P008,Coffee Mug,Home,5,250.0,20,1000.0,Cash,Hyderabad,Store
TXN002311,2025-03-19 08:35:07,CUST0137,P001,Wireless Mouse,Electronics,4,599.0,25,1797.0,Wallet,Hyderabad,Online
TXN002312,2025-07-05 00:04:22,CUST0224,P007,Running Shoes,Fashion,3,2500.0,0,7500.0,Card,Pune,Online
TXN002313,2025-05-21 07:53:08,CUST0390,P001,Wireless Mouse,Electronics,1,599.0,0,599.0,Cash,Mumbai,Store
TXN002314,2025-02-19 11:39:36,CUST0402,P002,Mechanical Keyboard,Electronics,4,3500.0,5,13300.0,UPI,Chennai,Online
TXN002315,2025-01-04 19:51:55,CUST0058,P006,Backpack,Fashion,5,1200.0,25,4500.0,Cash,Delhi,Store
TXN002316,2025-04-04 11:18:09,CUST0119,P004,Notebook,Stationery,5,150.0,20,600.0,Cash,Hyderabad,Store
TXN002317,2025-11-23 12:31:32,CUST0122,P003,USB-C Cable,Electronics,1,299.0,20,239.2,Cash,Pune,Online
TXN002318,2025-11-09 21:45:51,CUST0495,P007,Running Shoes,Fashion,2,2500.0,20,4000.0,UPI,Pune,Online
TXN002319,2025-08-10 20:20:42,CUST0380,P010,Desk Lamp,Home,3,850.0,15,2167.5,UPI,Mumbai,Online
TXN002320,2025-11-25 07:32:01,CUST0209,P004,Notebook,Stationery,2,150.0,15,255.0,Card,Pune,Online
TXN002321,2025-04-19 12:51:20,CUST0055,P001,Wireless Mouse,Electronics,2,599.0,25,898.5,Cash,Bengaluru,Store
TXN002322,2025-06-23 06:33:40,CUST0110,P004,Notebook,Stationery,1,150.0,0,150.0,Wallet,Chennai,Store
TXN002323,2025-06-21 20:39:20,CUST0077,P012,Power Bank,Electronics,4,1500.0,20,4800.0,Wallet,Mumbai,Store
TXN002324,2025-03-21 15:56:19,CUST0452,P011,Smart Watch,Electronics,4,4999.0,15,16996.6,Cash,Delhi,Online
TXN002325,2025-07-13 19:19:00,CUST0260,P010,Desk Lamp,Home,4,850.0,15,2890.0,Card,Delhi,Online
TXN002326,2025-10-01 04:41:19,CUST0040,P010,Desk Lamp,Home,4,850.0,5,3230.0,Wallet,Pune,Online
TXN002327,2025-05-03 00:39:57,CUST0181,P007,Running Shoes,Fashion,3,2500.0,5,7125.0,Cash,Pune,Store
TXN002328,2025-08-22 04:27:56,CUST0450,P008,Coffee Mug,Home,1,250.0,25,187.5,Card,Chennai,Online
TXN002329,2025-06-25 15:14:11,CUST0366,P001,Wireless Mouse,Electronics,4,599.0,20,1916.8,Cash,Delhi,Store
TXN002330,2025-01-08 23:01:08,CUST0252,P007,Running Shoes,Fashion,4,2500.0,15,8500.0,UPI,Bengaluru,Store
TXN002331,2025-05-16 05:44:21,CUST0118,P005,Ball Pen Pack,Stationery,3,100.0,10,270.0,Wallet,Pune,Online
TXN002332,2025-03-27 02:30:09,CUST0438,P010,Desk Lamp,Home,5,850.0,20,3400.0,Card,Mumbai,Store
TXN002333,2025-05-22 14:03:21,CUST0025,P004,Notebook,Stationery,1,150.0,25,112.5,Card,Mumbai,Online
TXN002334,2025-04-08 05:48:51,CUST0041,P009,Water Bottle,Home,3,450.0,15,1147.5,Card,Delhi,Online
TXN002335,2025-11-30 09:48:08,CUST0224,P005,Ball Pen Pack,Stationery,2,100.0,5,190.0,Wallet,Delhi,Online
TXN002336,2025-07-22 03:29:09,CUST0035,P004,Notebook,Stationery,1,150.0,20,120.0,UPI,Hyderabad,Online
TXN002337,2025-04-22 22:37:09,CUST0281,P008,Coffee Mug,Home,4,250.0,5,950.0,Card,Mumbai,Online
TXN002338,2025-08-23 00:57:32,CUST0365,P002,Mechanical Keyboard,Electronics,1,3500.0,0,3500.0,Cash,Pune,Online
TXN002339,2025-10-30 13:21:32,CUST0237,P009,Water Bottle,Home,3,450.0,25,1012.5,Card,Pune,Online
TXN002340,2025-04-06 09:35:30,CUST0403,P001,Wireless Mouse,Electronics,3,599.0,5,1707.15,Cash,Hyderabad,Online
TXN002341,2025-07-14 12:50:54,CUST0259,P001,Wireless Mouse,Electronics,4,599.0,5,2276.2,Card,Mumbai,Store
TXN002342,2025-03-02 13:10:51,CUST0434,P003,USB-C Cable,Electronics,2,299.0,20,478.4,Cash,Hyderabad,Store
TXN002343,2025-06-29 13:55:44,CUST0126,P008,Coffee Mug,Home,2,250.0,25,375.0,UPI,Chennai,Online
TXN002344,2025-03-04 22:45:33,CUST0328,P010,Desk Lamp,Home,1,850.0,0,850.0,Wallet,Pune,Online
TXN002345,2025-04-22 12:55:16,CUST0236,P009,Water Bottle,Home,4,450.0,25,1350.0,Wallet,Hyderabad,Store
TXN002346,2025-12-12 04:08:54,CUST0269,P008,Coffee Mug,Home,5,250.0,10,1125.0,Wallet,Delhi,Store
TXN002347,2025-03-06 19:34:44,CUST0258,P008,Coffee Mug,Home,2,250.0,0,500.0,Card,Mumbai,Store
TXN002348,2025-11-23 23:30:20,CUST0153,P002,Mechanical Keyboard,Electronics,5,3500.0,15,14875.0,Wallet,Bengaluru,Store
TXN002349,2025-05-26 02:25:21,CUST0013,P006,Backpack,Fashion,4,1200.0,5,4560.0,UPI,Pune,Store
TXN002350,2025-10-29 00:11:42,CUST0327,P003,USB-C Cable,Electronics,4,299.0,20,956.8,Card,Chennai,Store
TXN002351,2025-06-03 22:21:00,CUST0126,P003,USB-C Cable,Electronics,1,299.0,5,284.05,Wallet,Delhi,Store
TXN002352,2025-06-05 01:10:44,CUST0239,P012,Power Bank,Electronics,4,1500.0,10,5400.0,Card,Bengaluru,Online
TXN002353,2025-06-11 11:32:13,CUST0492,P001,Wireless Mouse,Electronics,2,599.0,5,1138.1,UPI,Delhi,Store
TXN002354,2025-01-21 15:06:29,CUST0180,P008,Coffee Mug,Home,4,250.0,25,750.0,Wallet,Mumbai,Store
TXN002355,2025-05-18 18:44:12,CUST0421,P009,Water Bottle,Home,5,450.0,15,1912.5,UPI,Bengaluru,Online
TXN002356,2025-05-17 21:22:27,CUST0170,P004,Notebook,Stationery,3,150.0,20,360.0,Card,Mumbai,Online
TXN002357,2025-02-26 16:15:01,CUST0382,P012,Power Bank,Electronics,5,1500.0,10,6750.0,UPI,Mumbai,Online
TXN002358,2025-09-02 22:18:44,CUST0267,P006,Backpack,Fashion,1,1200.0,15,1020.0,Wallet,Delhi,Store
TXN002359,2025-05-15 17:34:56,CUST0319,P006,Backpack,Fashion,3,1200.0,10,3240.0,UPI,Hyderabad,Online
TXN002360,2025-12-10 03:07:29,CUST0225,P008,Coffee Mug,Home,4,250.0,20,800.0,UPI,Chennai,Online
TXN002361,2025-03-01 13:08:21,CUST0478,P007,Running Shoes,Fashion,3,2500.0,25,5625.0,Wallet,Chennai,Store
TXN002362,2025-02-25 21:43:30,CUST0073,P004,Notebook,Stationery,1,150.0,20,120.0,Wallet,Delhi,Store
TXN002363,2025-03-27 12:45:45,CUST0022,P001,Wireless Mouse,Electronics,3,599.0,0,1797.0,Card,Pune,Store
TXN002364,2025-08-10 02:12:46,CUST0100,P007,Running Shoes,Fashion,2,2500.0,15,4250.0,Cash,Pune,Online
TXN002365,2025-01-26 17:17:31,CUST0084,P001,Wireless Mouse,Electronics,3,599.0,25,1347.75,Wallet,Mumbai,Online
TXN002366,2025-07-01 20:56:02,CUST0469,P003,USB-C Cable,Electronics,4,299.0,0,1196.0,UPI,Chennai,Store
TXN002367,2025-11-12 05:29:49,CUST0461,P006,Backpack,Fashion,5,1200.0,25,4500.0,Cash,Bengaluru,Store
TXN002368,2025-08-13 02:26:05,CUST0286,P009,Water Bottle,Home,3,450.0,25,1012.5,Cash,Hyderabad,Online
TXN002369,2025-09-17 07:53:54,CUST0350,P012,Power Bank,Electronics,5,1500.0,20,6000.0,Cash,Hyderabad,Online
TXN002370,2025-03-29 20:19:35,CUST0418,P001,Wireless Mouse,Electronics,4,599.0,15,2036.6,Cash,Delhi,Store
TXN002371,2025-07-13 17:50:46,CUST0499,P012,Power Bank,Electronics,4,1500.0,0,6000.0,Cash,Delhi,Online
TXN002372,2025-11-17 00:52:47,CUST0076,P009,Water Bottle,Home,2,450.0,5,855.0,Card,Bengaluru,Online
TXN002373,2025-12-26 15:25:36,CUST0051,P012,Power Bank,Electronics,5,1500.0,20,6000.0,Cash,Bengaluru,Store
TXN002374,2025-06-12 20:04:49,CUST0291,P006,Backpack,Fashion,3,1200.0,0,3600.0,Card,Pune,Store
TXN002375,2025-12-27 13:24:25,CUST0340,P002,Mechanical Keyboard,Electronics,3,3500.0,0,10500.0,Wallet,Bengaluru,Store
TXN002376,2025-03-01 19:48:44,CUST0213,P008,Coffee Mug,Home,1,250.0,10,225.0,Cash,Mumbai,Store
TXN002377,2025-04-02 12:43:06,CUST0250,P008,Coffee Mug,Home,4,250.0,20,800.0,Card,Bengaluru,Store
TXN002378,2025-11-26 21:26:54,CUST0121,P005,Ball Pen Pack,Stationery,2,100.0,20,160.0,Card,Delhi,Online
TXN002379,2025-08-21 05:35:51,CUST0168,P010,Desk Lamp,Home,4,850.0,0,3400.0,UPI,Mumbai,Online
TXN002380,2025-11-06 05:04:07,CUST0378,P001,Wireless Mouse,Electronics,2,599.0,20,958.4,Wallet,Bengaluru,Online
TXN002381,2025-12-29 20:59:57,CUST0497,P012,Power Bank,Electronics,2,1500.0,0,3000.0,UPI,Bengaluru,Online
TXN002382,2025-01-13 16:38:34,CUST0069,P005,Ball Pen Pack,Stationery,3,100.0,25,225.0,Cash,Chennai,Online
TXN002383,2025-01-16 16:50:00,CUST0085,P005,Ball Pen Pack,Stationery,3,100.0,0,300.0,UPI,Hyderabad,Online
TXN002384,2025-01-16 08:17:40,CUST0315,P001,Wireless Mouse,Electronics,2,599.0,5,1138.1,Wallet,Bengaluru,Online
TXN002385,2025-04-14 19:41:56,CUST0304,P005,Ball Pen Pack,Stationery,5,100.0,20,400.0,UPI,Hyderabad,Store
TXN002386,2025-02-23 19:59:41,CUST0034,P008,Coffee Mug,Home,5,250.0,10,1125.0,Card,Chennai,Online
TXN002387,2025-07-12 18:55:40,CUST0311,P004,Notebook,Stationery,3,150.0,0,450.0,Wallet,Delhi,Online
TXN002388,2025-09-27 21:01:09,CUST0243,P008,Coffee Mug,Home,3,250.0,20,600.0,Cash,Delhi,Store
TXN002389,2025-06-12 07:45:32,CUST0414,P004,Notebook,Stationery,3,150.0,25,337.5,Cash,Pune,Online
TXN002390,2025-06-29 03:30:15,CUST0077,P012,Power Bank,Electronics,2,1500.0,0,3000.0,UPI,Mumbai,Online
TXN002391,2025-02-27 08:28:37,CUST0056,P008,Coffee Mug,Home,2,250.0,5,475.0,UPI,Delhi,Store
TXN002392,2025-09-25 02:04:08,CUST0164,P010,Desk Lamp,Home,2,850.0,25,1275.0,Wallet,Bengaluru,Store
TXN002393,2025-02-17 14:53:14,CUST0477,P011,Smart Watch,Electronics,5,4999.0,25,18746.25,Cash,Chennai,Online
TXN002394,2025-12-14 19:30:01,CUST0243,P011,Smart Watch,Electronics,1,4999.0,10,4499.1,Card,Bengaluru,Online
TXN002395,2025-05-15 00:25:52,CUST0034,P001,Wireless Mouse,Electronics,1,599.0,10,539.1,Wallet,Pune,Store
TXN002396,2025-06-30 00:10:11,CUST0338,P007,Running Shoes,Fashion,3,2500.0,15,6375.0,Card,Delhi,Store
TXN002397,2025-09-13 16:46:39,CUST0162,P010,Desk Lamp,Home,2,850.0,0,1700.0,Card,Delhi,Store
TXN002398,2025-02-06 04:50:21,CUST0250,P006,Backpack,Fashion,2,1200.0,0,2400.0,Card,Pune,Store
TXN002399,2025-04-18 21:51:51,CUST0465,P004,Notebook,Stationery,2,150.0,15,255.0,UPI,Mumbai,Store
TXN002400,2025-10-04 06:24:15,CUST0176,P010,Desk Lamp,Home,3,850.0,10,2295.0,UPI,Mumbai,Store
TXN002401,2025-10-27 15:32:06,CUST0423,P009,Water Bottle,Home,2,450.0,5,855.0,Card,Delhi,Store
TXN002402,2025-07-26 04:03:31,CUST0201,P009,Water Bottle,Home,5,450.0,20,1800.0,Card,Bengaluru,Online
TXN002403,2025-06-26 16:27:52,CUST0494,P012,Power Bank,Electronics,5,1500.0,20,6000.0,Cash,Hyderabad,Store
TXN002404,2025-01-18 06:53:50,CUST0146,P006,Backpack,Fashion,1,1200.0,15,1020.0,UPI,Bengaluru,Store
TXN002405,2025-12-27 19:21:31,CUST0238,P010,Desk Lamp,Home,5,850.0,5,4037.5,Cash,Hyderabad,Online
TXN002406,2025-06-24 11:30:44,CUST0136,P005,Ball Pen Pack,Stationery,1,100.0,5,95.0,Cash,Bengaluru,Store
TXN002407,2025-01-02 15:56:21,CUST0272,P004,Notebook,Stationery,1,150.0,5,142.5,Wallet,Pune,Store
TXN002408,2025-01-01 20:58:31,CUST0221,P001,Wireless Mouse,Electronics,1,599.0,10,539.1,Wallet,Mumbai,Store
TXN002409,2025-10-26 14:40:31,CUST0308,P011,Smart Watch,Electronics,1,4999.0,15,4249.15,Card,Hyderabad,Store
TXN002410,2025-10-30 19:05:45,CUST0060,P004,Notebook,Stationery,4,150.0,20,480.0,Cash,Pune,Online
TXN002411,2025-01-06 12:27:33,CUST0351,P007,Running Shoes,Fashion,1,2500.0,10,2250.0,Card,Bengaluru,Online
TXN002412,2025-02-08 15:02:01,CUST0067,P012,Power Bank,Electronics,3,1500.0,5,4275.0,Cash,Chennai,Store
TXN002413,2025-06-11 09:26:44,CUST0083,P007,Running Shoes,Fashion,2,2500.0,25,3750.0,Card,Delhi,Online
TXN002414,2025-10-25 03:10:50,CUST0478,P005,Ball Pen Pack,Stationery,3,100.0,20,240.0,UPI,Mumbai,Online
TXN002415,2025-12-06 03:00:40,CUST0063,P001,Wireless Mouse,Electronics,2,599.0,0,1198.0,Cash,Pune,Online
TXN002416,2025-10-25 01:23:14,CUST0232,P006,Backpack,Fashion,1,1200.0,20,960.0,Wallet,Hyderabad,Online
TXN002417,2025-07-06 21:29:57,CUST0343,P010,Desk Lamp,Home,3,850.0,0,2550.0,Cash,Mumbai,Store
TXN002418,2025-03-10 12:09:12,CUST0199,P004,Notebook,Stationery,5,150.0,10,675.0,UPI,Hyderabad,Online
TXN002419,2025-01-25 15:14:17,CUST0084,P003,USB-C Cable,Electronics,3,299.0,5,852.15,Card,Bengaluru,Store
TXN002420,2025-01-12 13:39:16,CUST0175,P007,Running Shoes,Fashion,4,2500.0,0,10000.0,Wallet,Pune,Online
TXN002421,2025-03-15 20:16:03,CUST0318,P011,Smart Watch,Electronics,4,4999.0,20,15996.8,UPI,Chennai,Online
TXN002422,2025-11-21 02:12:28,CUST0337,P008,Coffee Mug,Home,5,250.0,15,1062.5,Wallet,Delhi,Store
TXN002423,2025-03-19 07:52:06,CUST0461,P001,Wireless Mouse,Electronics,1,599.0,15,509.15,Card,Mumbai,Store
TXN002424,2025-01-07 15:34:56,CUST0341,P006,Backpack,Fashion,3,1200.0,15,3060.0,UPI,Delhi,Store
TXN002425,2025-02-03 02:21:25,CUST0069,P002,Mechanical Keyboard,Electronics,5,3500.0,20,14000.0,UPI,Hyderabad,Online
TXN002426,2025-07-03 20:41:08,CUST0254,P009,Water Bottle,Home,5,450.0,25,1687.5,Cash,Mumbai,Online
TXN002427,2025-11-02 07:24:49,CUST0428,P011,Smart Watch,Electronics,3,4999.0,5,14247.15,Cash,Hyderabad,Store
TXN002428,2025-04-24 23:09:52,CUST0020,P002,Mechanical Keyboard,Electronics,1,3500.0,10,3150.0,Card,Chennai,Store
TXN002429,2025-11-13 18:48:47,CUST0195,P003,USB-C Cable,Electronics,3,299.0,10,807.3,Wallet,Mumbai,Store
TXN002430,2025-01-30 04:05:29,CUST0256,P005,Ball Pen Pack,Stationery,3,100.0,15,255.0,UPI,Mumbai,Store
TXN002431,2025-05-08 06:53:14,CUST0095,P012,Power Bank,Electronics,1,1500.0,5,1425.0,UPI,Delhi,Online
TXN002432,2025-02-06 22:55:47,CUST0500,P005,Ball Pen Pack,Stationery,3,100.0,10,270.0,UPI,Pune,Online
TXN002433,2025-08-15 02:45:36,CUST0410,P002,Mechanical Keyboard,Electronics,2,3500.0,0,7000.0,Cash,Delhi,Online
TXN002434,2025-11-12 04:26:48,CUST0365,P009,Water Bottle,Home,5,450.0,25,1687.5,Cash,Hyderabad,Store
TXN002435,2025-02-09 00:07:43,CUST0459,P007,Running Shoes,Fashion,1,2500.0,10,2250.0,Wallet,Mumbai,Store
TXN002436,2025-04-15 11:42:39,CUST0380,P001,Wireless Mouse,Electronics,2,599.0,0,1198.0,UPI,Hyderabad,Online
TXN002437,2025-02-11 11:42:56,CUST0457,P008,Coffee Mug,Home,1,250.0,15,212.5,Cash,Bengaluru,Online
TXN002438,2025-04-13 15:17:20,CUST0082,P010,Desk Lamp,Home,5,850.0,5,4037.5,UPI,Delhi,Online
TXN002439,2025-03-13 21:31:45,CUST0333,P010,Desk Lamp,Home,1,850.0,25,637.5,UPI,Bengaluru,Online
TXN002440,2025-10-11 00:25:47,CUST0363,P003,USB-C Cable,Electronics,2,299.0,25,448.5,Card,Bengaluru,Online
TXN002441,2025-09-22 15:12:45,CUST0268,P005,Ball Pen Pack,Stationery,5,100.0,25,375.0,Card,Bengaluru,Online
TXN002442,2025-01-24 01:23:02,CUST0221,P004,Notebook,Stationery,5,150.0,25,562.5,Wallet,Pune,Store
TXN002443,2025-05-14 16:48:32,CUST0070,P007,Running Shoes,Fashion,5,2500.0,15,10625.0,Cash,Delhi,Online
TXN002444,2025-08-28 09:07:23,CUST0439,P002,Mechanical Keyboard,Electronics,4,3500.0,10,12600.0,Wallet,Mumbai,Online
TXN002445,2025-06-07 11:57:10,CUST0303,P004,Notebook,Stationery,3,150.0,25,337.5,Card,Hyderabad,Online
TXN002446,2025-11-13 07:11:20,CUST0329,P010,Desk Lamp,Home,1,850.0,25,637.5,Card,Pune,Online
TXN002447,2025-03-31 15:43:50,CUST0128,P012,Power Bank,Electronics,1,1500.0,25,1125.0,UPI,Chennai,Store
TXN002448,2025-02-21 15:17:46,CUST0495,P004,Notebook,Stationery,3,150.0,0,450.0,UPI,Chennai,Online
TXN002449,2025-10-06 13:07:43,CUST0057,P012,Power Bank,Electronics,1,1500.0,15,1275.0,UPI,Delhi,Online
TXN002450,2025-06-23 15:02:11,CUST0074,P003,USB-C Cable,Electronics,1,299.0,10,269.1,Cash,Bengaluru,Store
TXN002451,2025-09-14 03:10:26,CUST0266,P011,Smart Watch,Electronics,3,4999.0,15,12747.45,Card,Chennai,Online
TXN002452,2025-03-22 07:20:34,CUST0200,P006,Backpack,Fashion,2,1200.0,25,1800.0,Card,Bengaluru,Store
TXN002453,2025-04-17 08:54:33,CUST0224,P001,Wireless Mouse,Electronics,3,599.0,0,1797.0,Wallet,Bengaluru,Online
TXN002454,2025-01-24 20:19:56,CUST0401,P001,Wireless Mouse,Electronics,4,599.0,20,1916.8,Cash,Pune,Store
TXN002455,2025-02-12 21:09:22,CUST0452,P005,Ball Pen Pack,Stationery,2,100.0,10,180.0,Cash,Pune,Store
TXN002456,2025-10-26 16:05:55,CUST0008,P008,Coffee Mug,Home,5,250.0,0,1250.0,Wallet,Delhi,Store
TXN002457,2025-09-08 04:50:43,CUST0115,P008,Coffee Mug,Home,2,250.0,25,375.0,Cash,Bengaluru,Store
TXN002458,2025-04-15 17:13:20,CUST0083,P008,Coffee Mug,Home,2,250.0,15,425.0,Card,Mumbai,Online
TXN002459,2025-09-08 13:53:22,CUST0249,P007,Running Shoes,Fashion,2,2500.0,20,4000.0,Card,Mumbai,Store
TXN002460,2025-10-08 02:28:08,CUST0190,P009,Water Bottle,Home,3,450.0,25,1012.5,UPI,Delhi,Store
TXN002461,2025-10-17 20:58:46,CUST0207,P001,Wireless Mouse,Electronics,1,599.0,20,479.2,UPI,Pune,Store
TXN002462,2025-04-08 21:43:50,CUST0415,P004,Notebook,Stationery,5,150.0,20,600.0,Card,Chennai,Store
TXN002463,2025-07-25 04:22:19,CUST0002,P003,USB-C Cable,Electronics,1,299.0,10,269.1,Wallet,Hyderabad,Store
TXN002464,2025-01-01 13:36:46,CUST0247,P004,Notebook,Stationery,2,150.0,0,300.0,Cash,Chennai,Store
TXN002465,2025-04-08 13:03:09,CUST0357,P005,Ball Pen Pack,Stationery,5,100.0,5,475.0,Wallet,Chennai,Store
TXN002466,2025-02-07 07:37:23,CUST0195,P008,Coffee Mug,Home,5,250.0,5,1187.5,Card,Delhi,Online
TXN002467,2025-11-30 03:14:32,CUST0173,P006,Backpack,Fashion,4,1200.0,5,4560.0,Cash,Bengaluru,Online
TXN002468,2025-06-17 07:33:47,CUST0491,P009,Water Bottle,Home,1,450.0,25,337.5,UPI,Mumbai,Online
TXN002469,2025-03-31 19:54:48,CUST0211,P001,Wireless Mouse,Electronics,2,599.0,15,1018.3,Wallet,Hyderabad,Online
TXN002470,2025-02-09 20:26:33,CUST0349,P009,Water Bottle,Home,4,450.0,25,1350.0,Card,Pune,Online
TXN002471,2025-03-26 20:17:32,CUST0190,P002,Mechanical Keyboard,Electronics,1,3500.0,10,3150.0,UPI,Hyderabad,Store
TXN002472,2025-02-16 17:04:01,CUST0144,P011,Smart Watch,Electronics,5,4999.0,15,21245.75,Card,Mumbai,Store
TXN002473,2025-12-25 16:16:11,CUST0122,P010,Desk Lamp,Home,1,850.0,0,850.0,Cash,Hyderabad,Online
TXN002474,2025-01-18 03:41:57,CUST0244,P012,Power Bank,Electronics,3,1500.0,20,3600.0,Card,Chennai,Online
TXN002475,2025-12-26 17:04:21,CUST0432,P008,Coffee Mug,Home,2,250.0,15,425.0,Cash,Mumbai,Online
TXN002476,2025-07-15 14:49:42,CUST0299,P004,Notebook,Stationery,5,150.0,10,675.0,UPI,Bengaluru,Store
TXN002477,2025-12-29 23:36:51,CUST0183,P008,Coffee Mug,Home,5,250.0,25,937.5,Card,Mumbai,Online
TXN002478,2025-09-01 13:59:16,CUST0293,P001,Wireless Mouse,Electronics,3,599.0,5,1707.15,Card,Pune,Online
TXN002479,2025-10-14 09:45:54,CUST0024,P012,Power Bank,Electronics,2,1500.0,5,2850.0,Card,Pune,Online
TXN002480,2025-04-25 13:35:56,CUST0236,P001,Wireless Mouse,Electronics,4,599.0,5,2276.2,Card,Mumbai,Online
TXN002481,2025-10-09 20:25:22,CUST0468,P012,Power Bank,Electronics,2,1500.0,10,2700.0,Cash,Chennai,Store
TXN002482,2025-03-01 18:43:36,CUST0353,P002,Mechanical Keyboard,Electronics,2,3500.0,15,5950.0,Wallet,Mumbai,Online
TXN002483,2025-05-26 10:55:30,CUST0018,P009,Water Bottle,Home,2,450.0,25,675.0,Wallet,Mumbai,Online
TXN002484,2025-10-24 20:53:17,CUST0081,P004,Notebook,Stationery,1,150.0,5,142.5,Wallet,Mumbai,Store
TXN002485,2025-03-31 00:49:52,CUST0359,P003,USB-C Cable,Electronics,3,299.0,25,672.75,Cash,Bengaluru,Online
TXN002486,2025-11-18 20:44:52,CUST0305,P009,Water Bottle,Home,5,450.0,5,2137.5,Wallet,Bengaluru,Online
TXN002487,2025-08-26 06:27:18,CUST0429,P008,Coffee Mug,Home,3,250.0,10,675.0,Cash,Hyderabad,Online
TXN002488,2025-12-26 16:55:54,CUST0376,P001,Wireless Mouse,Electronics,2,599.0,15,1018.3,Cash,Bengaluru,Store
TXN002489,2025-12-27 02:34:25,CUST0047,P010,Desk Lamp,Home,1,850.0,25,637.5,Card,Mumbai,Online
TXN002490,2025-10-14 05:22:16,CUST0359,P009,Water Bottle,Home,1,450.0,20,360.0,Wallet,Bengaluru,Online
TXN002491,2025-01-21 12:25:37,CUST0266,P003,USB-C Cable,Electronics,5,299.0,5,1420.25,Card,Pune,Online
TXN002492,2025-07-17 10:46:49,CUST0440,P010,Desk Lamp,Home,5,850.0,0,4250.0,Card,Hyderabad,Online
TXN002493,2025-05-12 16:45:09,CUST0269,P009,Water Bottle,Home,1,450.0,10,405.0,Cash,Delhi,Online
TXN002494,2025-11-18 14:32:44,CUST0092,P001,Wireless Mouse,Electronics,4,599.0,15,2036.6,Card,Pune,Online
TXN002495,2025-09-29 09:03:35,CUST0326,P002,Mechanical Keyboard,Electronics,5,3500.0,5,16625.0,Wallet,Mumbai,Store
TXN002496,2025-10-07 23:27:35,CUST0325,P009,Water Bottle,Home,1,450.0,25,337.5,Cash,Bengaluru,Online
TXN002497,2025-09-22 14:32:21,CUST0142,P006,Backpack,Fashion,1,1200.0,0,1200.0,UPI,Mumbai,Online
TXN002498,2025-12-02 02:40:42,CUST0415,P012,Power Bank,Electronics,1,1500.0,0,1500.0,Cash,Pune,Online
TXN002499,2025-02-02 02:11:30,CUST0353,P004,Notebook,Stationery,4,150.0,0,600.0,Wallet,Hyderabad,Store
TXN002500,2025-01-23 05:35:09,CUST0404,P011,Smart Watch,Electronics,5,4999.0,0,24995.0,Card,Delhi,Store
TXN002501,2025-05-28 04:57:21,CUST0345,P002,Mechanical Keyboard,Electronics,5,3500.0,25,13125.0,Cash,Delhi,Store
TXN002502,2025-03-03 20:32:43,CUST0044,P009,Water Bottle,Home,2,450.0,20,720.0,Wallet,Delhi,Store
TXN002503,2025-07-22 19:27:47,CUST0467,P002,Mechanical Keyboard,Electronics,2,3500.0,5,6650.0,Cash,Hyderabad,Online
TXN002504,2025-05-02 23:45:04,CUST0195,P008,Coffee Mug,Home,1,250.0,20,200.0,Wallet,Bengaluru,Online
TXN002505,2025-01-18 03:28:27,CUST0307,P001,Wireless Mouse,Electronics,1,599.0,25,449.25,Cash,Pune,Store
TXN002506,2025-05-15 02:54:55,CUST0326,P006,Backpack,Fashion,1,1200.0,10,1080.0,Cash,Hyderabad,Online
TXN002507,2025-06-07 08:34:57,CUST0194,P010,Desk Lamp,Home,1,850.0,5,807.5,Wallet,Pune,Store
TXN002508,2025-07-18 17:13:38,CUST0117,P006,Backpack,Fashion,3,1200.0,25,2700.0,UPI,Delhi,Store
TXN002509,2025-11-16 01:39:50,CUST0088,P010,Desk Lamp,Home,4,850.0,25,2550.0,UPI,Hyderabad,Online
TXN002510,2025-08-31 17:34:47,CUST0241,P001,Wireless Mouse,Electronics,4,599.0,5,2276.2,Card,Bengaluru,Store
TXN002511,2025-08-29 01:01:35,CUST0182,P001,Wireless Mouse,Electronics,5,599.0,25,2246.25,Card,Pune,Online
TXN002512,2025-01-24 13:52:28,CUST0138,P001,Wireless Mouse,Electronics,1,599.0,15,509.15,Cash,Hyderabad,Online
TXN002513,2025-12-12 17:18:42,CUST0285,P009,Water Bottle,Home,1,450.0,10,405.0,Cash,Chennai,Online
TXN002514,2025-08-01 14:51:42,CUST0486,P008,Coffee Mug,Home,4,250.0,5,950.0,Card,Bengaluru,Online
TXN002515,2025-07-25 04:18:41,CUST0332,P002,Mechanical Keyboard,Electronics,4,3500.0,10,12600.0,Card,Pune,Online
TXN002516,2025-02-24 22:53:04,CUST0357,P007,Running Shoes,Fashion,5,2500.0,25,9375.0,Cash,Chennai,Online
TXN002517,2025-07-22 14:48:54,CUST0293,P011,Smart Watch,Electronics,3,4999.0,15,12747.45,Cash,Pune,Online
TXN002518,2025-04-05 06:16:44,CUST0451,P007,Running Shoes,Fashion,2,2500.0,10,4500.0,Wallet,Pune,Online
TXN002519,2025-05-01 05:32:29,CUST0492,P005,Ball Pen Pack,Stationery,1,100.0,15,85.0,UPI,Bengaluru,Store
TXN002520,2025-09-03 07:14:23,CUST0200,P003,USB-C Cable,Electronics,3,299.0,10,807.3,Cash,Mumbai,Online
TXN002521,2025-06-06 14:50:03,CUST0404,P004,Notebook,Stationery,3,150.0,10,405.0,Card,Delhi,Online
TXN002522,2025-12-03 02:44:48,CUST0467,P012,Power Bank,Electronics,1,1500.0,25,1125.0,UPI,Bengaluru,Store
TXN002523,2025-04-30 12:14:47,CUST0211,P005,Ball Pen Pack,Stationery,3,100.0,20,240.0,UPI,Pune,Online
TXN002524,2025-05-24 01:28:26,CUST0124,P009,Water Bottle,Home,5,450.0,20,1800.0,Card,Delhi,Store
TXN002525,2025-10-09 18:06:01,CUST0498,P003,USB-C Cable,Electronics,4,299.0,20,956.8,UPI,Chennai,Store
TXN002526,2025-01-15 13:54:26,CUST0149,P011,Smart Watch,Electronics,1,4999.0,10,4499.1,Card,Pune,Online
TXN002527,2025-03-23 03:26:08,CUST0497,P006,Backpack,Fashion,2,1200.0,20,1920.0,Cash,Hyderabad,Store
TXN002528,2025-12-10 02:37:57,CUST0363,P002,Mechanical Keyboard,Electronics,4,3500.0,25,10500.0,Card,Pune,Online
TXN002529,2025-02-04 23:23:52,CUST0049,P012,Power Bank,Electronics,5,1500.0,15,6375.0,Wallet,Chennai,Online
TXN002530,2025-07-31 09:58:11,CUST0025,P010,Desk Lamp,Home,2,850.0,5,1615.0,UPI,Chennai,Online
TXN002531,2025-07-11 07:11:17,CUST0111,P003,USB-C Cable,Electronics,4,299.0,25,897.0,Cash,Pune,Online
TXN002532,2025-12-09 16:24:12,CUST0209,P001,Wireless Mouse,Electronics,1,599.0,0,599.0,Wallet,Delhi,Store
TXN002533,2025-02-07 00:19:58,CUST0237,P009,Water Bottle,Home,4,450.0,20,1440.0,UPI,Mumbai,Online
TXN002534,2025-03-23 01:15:29,CUST0421,P001,Wireless Mouse,Electronics,1,599.0,20,479.2,UPI,Delhi,Store
TXN002535,2025-02-13 12:03:07,CUST0282,P003,USB-C Cable,Electronics,5,299.0,20,1196.0,UPI,Pune,Store
TXN002536,2025-05-10 15:43:32,CUST0242,P011,Smart Watch,Electronics,4,4999.0,10,17996.4,Cash,Hyderabad,Online
TXN002537,2025-10-09 11:25:01,CUST0465,P007,Running Shoes,Fashion,1,2500.0,20,2000.0,Card,Bengaluru,Store
TXN002538,2025-08-25 19:12:47,CUST0406,P006,Backpack,Fashion,2,1200.0,0,2400.0,UPI,Delhi,Online
TXN002539,2025-11-10 23:53:35,CUST0064,P009,Water Bottle,Home,5,450.0,10,2025.0,UPI,Hyderabad,Store
TXN002540,2025-03-29 17:01:10,CUST0119,P007,Running Shoes,Fashion,5,2500.0,15,10625.0,Cash,Mumbai,Online
TXN002541,2025-10-21 19:17:18,CUST0209,P004,Notebook,Stationery,2,150.0,25,225.0,Card,Pune,Online
TXN002542,2025-01-29 13:05:02,CUST0123,P008,Coffee Mug,Home,3,250.0,10,675.0,Cash,Bengaluru,Online
TXN002543,2025-02-05 19:35:48,CUST0131,P001,Wireless Mouse,Electronics,3,599.0,5,1707.15,Wallet,Chennai,Online
TXN002544,2025-11-19 04:16:28,CUST0188,P011,Smart Watch,Electronics,1,4999.0,10,4499.1,Card,Bengaluru,Store
TXN002545,2025-06-16 11:29:22,CUST0223,P012,Power Bank,Electronics,1,1500.0,20,1200.0,UPI,Mumbai,Online
TXN002546,2025-06-15 15:25:01,CUST0400,P001,Wireless Mouse,Electronics,1,599.0,5,569.05,UPI,Hyderabad,Online
TXN002547,2025-05-21 07:45:57,CUST0200,P007,Running Shoes,Fashion,5,2500.0,0,12500.0,UPI,Bengaluru,Online
TXN002548,2025-09-23 23:48:22,CUST0234,P002,Mechanical Keyboard,Electronics,3,3500.0,25,7875.0,Card,Mumbai,Online
TXN002549,2025-10-26 02:30:02,CUST0112,P005,Ball Pen Pack,Stationery,3,100.0,10,270.0,UPI,Bengaluru,Online
TXN002550,2025-06-19 10:03:20,CUST0293,P002,Mechanical Keyboard,Electronics,4,3500.0,25,10500.0,Wallet,Bengaluru,Online
TXN002551,2025-08-30 05:48:17,CUST0108,P009,Water Bottle,Home,3,450.0,10,1215.0,UPI,Mumbai,Online
TXN002552,2025-04-29 01:32:35,CUST0459,P009,Water Bottle,Home,1,450.0,20,360.0,Wallet,Pune,Store
TXN002553,2025-04-26 21:39:53,CUST0122,P008,Coffee Mug,Home,5,250.0,25,937.5,Card,Bengaluru,Online
TXN002554,2025-03-24 07:37:02,CUST0120,P011,Smart Watch,Electronics,3,4999.0,20,11997.6,UPI,Mumbai,Online
TXN002555,2025-09-17 01:07:50,CUST0190,P008,Coffee Mug,Home,1,250.0,20,200.0,UPI,Hyderabad,Store
TXN002556,2025-08-08 05:09:54,CUST0298,P012,Power Bank,Electronics,1,1500.0,10,1350.0,Cash,Hyderabad,Online
TXN002557,2025-12-30 02:28:25,CUST0009,P012,Power Bank,Electronics,4,1500.0,10,5400.0,Card,Bengaluru,Store
TXN002558,2025-10-25 17:29:43,CUST0320,P010,Desk Lamp,Home,4,850.0,25,2550.0,Cash,Hyderabad,Store
TXN002559,2025-02-04 19:38:31,CUST0456,P009,Water Bottle,Home,3,450.0,5,1282.5,Cash,Hyderabad,Store
TXN002560,2025-09-05 07:11:30,CUST0488,P010,Desk Lamp,Home,2,850.0,5,1615.0,Cash,Hyderabad,Online
TXN002561,2025-04-25 08:04:36,CUST0011,P009,Water Bottle,Home,3,450.0,20,1080.0,Card,Pune,Online
TXN002562,2025-02-12 01:56:26,CUST0095,P004,Notebook,Stationery,3,150.0,5,427.5,Wallet,Bengaluru,Online
TXN002563,2025-06-08 09:08:58,CUST0319,P012,Power Bank,Electronics,1,1500.0,20,1200.0,Wallet,Pune,Store
TXN002564,2025-09-06 15:27:51,CUST0061,P008,Coffee Mug,Home,4,250.0,0,1000.0,Wallet,Pune,Online
TXN002565,2025-05-01 04:45:55,CUST0288,P012,Power Bank,Electronics,2,1500.0,20,2400.0,Card,Delhi,Store
TXN002566,2025-09-10 12:12:22,CUST0125,P009,Water Bottle,Home,2,450.0,25,675.0,UPI,Delhi,Online
TXN002567,2025-12-15 10:59:00,CUST0177,P007,Running Shoes,Fashion,1,2500.0,5,2375.0,Wallet,Delhi,Online
TXN002568,2025-08-02 07:24:05,CUST0412,P003,USB-C Cable,Electronics,4,299.0,20,956.8,Cash,Hyderabad,Online
TXN002569,2025-06-18 14:31:48,CUST0339,P005,Ball Pen Pack,Stationery,1,100.0,20,80.0,Wallet,Hyderabad,Store
TXN002570,2025-05-14 20:59:57,CUST0209,P011,Smart Watch,Electronics,1,4999.0,5,4749.05,UPI,Hyderabad,Store
TXN002571,2025-11-11 02:01:23,CUST0219,P002,Mechanical Keyboard,Electronics,2,3500.0,5,6650.0,Cash,Hyderabad,Store
TXN002572,2025-12-25 18:40:56,CUST0385,P002,Mechanical Keyboard,Electronics,3,3500.0,5,9975.0,Cash,Bengaluru,Online
TXN002573,2025-04-04 10:33:43,CUST0301,P005,Ball Pen Pack,Stationery,5,100.0,10,450.0,UPI,Mumbai,Online
TXN002574,2025-07-05 19:10:21,CUST0386,P004,Notebook,Stationery,1,150.0,0,150.0,Wallet,Hyderabad,Store
TXN002575,2025-12-19 09:00:45,CUST0454,P007,Running Shoes,Fashion,1,2500.0,0,2500.0,UPI,Bengaluru,Online
TXN002576,2025-01-30 03:34:46,CUST0042,P011,Smart Watch,Electronics,2,4999.0,20,7998.4,Cash,Mumbai,Online
TXN002577,2025-01-26 17:14:16,CUST0193,P009,Water Bottle,Home,1,450.0,20,360.0,Cash,Mumbai,Store
TXN002578,2025-09-02 14:44:22,CUST0311,P002,Mechanical Keyboard,Electronics,3,3500.0,0,10500.0,Wallet,Bengaluru,Online
TXN002579,2025-12-02 02:47:48,CUST0323,P009,Water Bottle,Home,2,450.0,20,720.0,Wallet,Chennai,Store
TXN002580,2025-09-01 11:51:19,CUST0074,P001,Wireless Mouse,Electronics,3,599.0,5,1707.15,Cash,Delhi,Online
TXN002581,2025-12-14 20:42:04,CUST0254,P008,Coffee Mug,Home,4,250.0,20,800.0,Cash,Bengaluru,Online
TXN002582,2025-01-23 14:17:43,CUST0366,P008,Coffee Mug,Home,2,250.0,25,375.0,Wallet,Bengaluru,Online
TXN002583,2025-08-20 14:01:50,CUST0071,P006,Backpack,Fashion,1,1200.0,20,960.0,UPI,Chennai,Store
TXN002584,2025-10-09 13:22:46,CUST0321,P008,Coffee Mug,Home,4,250.0,0,1000.0,Card,Hyderabad,Online
TXN002585,2025-10-26 16:39:14,CUST0399,P005,Ball Pen Pack,Stationery,1,100.0,15,85.0,Cash,Mumbai,Online
TXN002586,2025-03-19 01:35:16,CUST0104,P008,Coffee Mug,Home,2,250.0,0,500.0,Card,Delhi,Store
TXN002587,2025-10-05 15:31:37,CUST0477,P003,USB-C Cable,Electronics,2,299.0,10,538.2,Wallet,Mumbai,Store
TXN002588,2025-07-31 12:50:09,CUST0475,P002,Mechanical Keyboard,Electronics,4,3500.0,0,14000.0,Card,Pune,Online
TXN002589,2025-01-31 12:33:16,CUST0309,P003,USB-C Cable,Electronics,1,299.0,15,254.15,UPI,Pune,Store
TXN002590,2025-04-03 10:04:08,CUST0423,P009,Water Bottle,Home,3,450.0,5,1282.5,Wallet,Bengaluru,Store
TXN002591,2025-05-27 00:23:52,CUST0063,P004,Notebook,Stationery,2,150.0,15,255.0,UPI,Chennai,Store
TXN002592,2025-04-30 06:21:47,CUST0136,P010,Desk Lamp,Home,1,850.0,25,637.5,Card,Hyderabad,Store
TXN002593,2025-01-19 13:23:39,CUST0073,P007,Running Shoes,Fashion,3,2500.0,20,6000.0,UPI,Mumbai,Store
TXN002594,2025-04-17 22:50:14,CUST0146,P001,Wireless Mouse,Electronics,2,599.0,15,1018.3,Card,Chennai,Store
TXN002595,2025-11-20 02:48:21,CUST0053,P007,Running Shoes,Fashion,4,2500.0,20,8000.0,UPI,Pune,Store
TXN002596,2025-10-15 17:50:30,CUST0405,P008,Coffee Mug,Home,5,250.0,5,1187.5,Card,Mumbai,Online
TXN002597,2025-11-20 21:03:02,CUST0083,P011,Smart Watch,Electronics,1,4999.0,15,4249.15,Card,Mumbai,Online
TXN002598,2025-04-12 09:36:47,CUST0266,P007,Running Shoes,Fashion,2,2500.0,20,4000.0,Cash,Chennai,Store
TXN002599,2025-11-01 15:05:13,CUST0375,P011,Smart Watch,Electronics,5,4999.0,15,21245.75,Card,Bengaluru,Online
TXN002600,2025-12-06 17:06:17,CUST0422,P009,Water Bottle,Home,2,450.0,0,900.0,Card,Hyderabad,Store
TXN002601,2025-06-08 14:47:54,CUST0015,P006,Backpack,Fashion,2,1200.0,20,1920.0,Wallet,Chennai,Online
TXN002602,2025-07-11 09:28:19,CUST0403,P012,Power Bank,Electronics,5,1500.0,20,6000.0,Wallet,Bengaluru,Online
TXN002603,2025-06-26 03:36:48,CUST0245,P012,Power Bank,Electronics,1,1500.0,15,1275.0,Wallet,Pune,Store
TXN002604,2025-07-21 06:41:42,CUST0400,P003,USB-C Cable,Electronics,1,299.0,10,269.1,UPI,Bengaluru,Online
TXN002605,2025-02-02 18:13:20,CUST0338,P003,USB-C Cable,Electronics,2,299.0,5,568.1,Cash,Delhi,Online
TXN002606,2025-02-03 11:20:27,CUST0202,P011,Smart Watch,Electronics,3,4999.0,0,14997.0,Cash,Hyderabad,Store
TXN002607,2025-12-30 22:01:14,CUST0054,P011,Smart Watch,Electronics,3,4999.0,15,12747.45,Card,Chennai,Online
TXN002608,2025-07-23 01:11:53,CUST0334,P003,USB-C Cable,Electronics,1,299.0,20,239.2,Card,Delhi,Store
TXN002609,2025-06-27 08:59:32,CUST0387,P010,Desk Lamp,Home,1,850.0,20,680.0,Cash,Pune,Store
TXN002610,2025-08-31 02:51:14,CUST0312,P009,Water Bottle,Home,3,450.0,20,1080.0,UPI,Pune,Online
TXN002611,2025-12-13 11:41:17,CUST0471,P001,Wireless Mouse,Electronics,3,599.0,0,1797.0,Card,Chennai,Store
TXN002612,2025-10-07 07:19:36,CUST0307,P012,Power Bank,Electronics,3,1500.0,20,3600.0,Cash,Chennai,Online
TXN002613,2025-04-26 18:50:26,CUST0452,P010,Desk Lamp,Home,3,850.0,25,1912.5,UPI,Chennai,Online
TXN002614,2025-04-21 03:01:33,CUST0178,P008,Coffee Mug,Home,5,250.0,20,1000.0,Wallet,Mumbai,Store
TXN002615,2025-02-05 14:23:10,CUST0183,P003,USB-C Cable,Electronics,2,299.0,20,478.4,Wallet,Bengaluru,Store
TXN002616,2025-07-05 11:34:04,CUST0101,P009,Water Bottle,Home,2,450.0,0,900.0,Wallet,Delhi,Store
TXN002617,2025-10-31 00:26:16,CUST0040,P010,Desk Lamp,Home,1,850.0,25,637.5,Wallet,Bengaluru,Store
TXN002618,2025-05-30 07:33:40,CUST0278,P003,USB-C Cable,Electronics,5,299.0,20,1196.0,Wallet,Hyderabad,Store
TXN002619,2025-10-07 01:16:32,CUST0433,P003,USB-C Cable,Electronics,2,299.0,10,538.2,Card,Bengaluru,Online
TXN002620,2025-11-04 00:15:18,CUST0330,P009,Water Bottle,Home,3,450.0,25,1012.5,UPI,Bengaluru,Online
TXN002621,2025-09-22 23:51:28,CUST0321,P004,Notebook,Stationery,3,150.0,0,450.0,Cash,Mumbai,Store
TXN002622,2025-10-21 10:23:46,CUST0200,P007,Running Shoes,Fashion,5,2500.0,10,11250.0,Wallet,Hyderabad,Online
TXN002623,2025-01-12 21:31:51,CUST0345,P002,Mechanical Keyboard,Electronics,2,3500.0,10,6300.0,Card,Chennai,Store
TXN002624,2025-11-28 01:42:15,CUST0192,P005,Ball Pen Pack,Stationery,3,100.0,5,285.0,Wallet,Bengaluru,Store
TXN002625,2025-03-18 03:51:07,CUST0072,P006,Backpack,Fashion,5,1200.0,10,5400.0,Card,Chennai,Online
TXN002626,2025-09-04 04:49:59,CUST0488,P003,USB-C Cable,Electronics,5,299.0,25,1121.25,Cash,Bengaluru,Online
TXN002627,2025-12-03 10:25:40,CUST0482,P004,Notebook,Stationery,5,150.0,20,600.0,UPI,Delhi,Store
TXN002628,2025-03-05 20:31:11,CUST0134,P002,Mechanical Keyboard,Electronics,3,3500.0,5,9975.0,Cash,Chennai,Store
TXN002629,2025-03-11 02:08:05,CUST0468,P006,Backpack,Fashion,4,1200.0,5,4560.0,Card,Bengaluru,Online
TXN002630,2025-12-04 05:27:44,CUST0356,P004,Notebook,Stationery,3,150.0,20,360.0,Cash,Mumbai,Online
TXN002631,2025-12-01 03:58:37,CUST0482,P009,Water Bottle,Home,1,450.0,20,360.0,Wallet,Delhi,Store
TXN002632,2025-01-10 23:09:42,CUST0488,P011,Smart Watch,Electronics,4,4999.0,20,15996.8,Cash,Bengaluru,Store
TXN002633,2025-01-07 01:42:16,CUST0313,P006,Backpack,Fashion,4,1200.0,25,3600.0,Cash,Delhi,Online
TXN002634,2025-01-03 22:51:31,CUST0100,P005,Ball Pen Pack,Stationery,5,100.0,0,500.0,UPI,Mumbai,Store
TXN002635,2025-08-21 15:05:39,CUST0248,P003,USB-C Cable,Electronics,1,299.0,5,284.05,Cash,Hyderabad,Online
TXN002636,2025-04-15 12:30:31,CUST0407,P001,Wireless Mouse,Electronics,1,599.0,10,539.1,Card,Bengaluru,Store
TXN002637,2025-02-04 06:09:04,CUST0167,P005,Ball Pen Pack,Stationery,4,100.0,0,400.0,Cash,Delhi,Online
TXN002638,2025-02-11 15:23:00,CUST0111,P012,Power Bank,Electronics,2,1500.0,10,2700.0,Card,Bengaluru,Store
TXN002639,2025-10-10 15:58:33,CUST0434,P009,Water Bottle,Home,1,450.0,5,427.5,Wallet,Bengaluru,Store
TXN002640,2025-01-18 18:48:50,CUST0009,P010,Desk Lamp,Home,3,850.0,5,2422.5,UPI,Delhi,Online
TXN002641,2025-01-14 16:00:53,CUST0398,P006,Backpack,Fashion,2,1200.0,15,2040.0,Wallet,Hyderabad,Online
TXN002642,2025-09-28 07:55:31,CUST0303,P009,Water Bottle,Home,4,450.0,20,1440.0,UPI,Hyderabad,Online
TXN002643,2025-10-22 06:52:47,CUST0245,P001,Wireless Mouse,Electronics,3,599.0,10,1617.3,Card,Pune,Store
TXN002644,2025-06-06 04:42:58,CUST0084,P003,USB-C Cable,Electronics,3,299.0,20,717.6,Wallet,Bengaluru,Online
TXN002645,2025-05-07 00:08:28,CUST0443,P010,Desk Lamp,Home,5,850.0,15,3612.5,Wallet,Hyderabad,Store
TXN002646,2025-04-19 13:29:01,CUST0153,P003,USB-C Cable,Electronics,2,299.0,15,508.3,Cash,Hyderabad,Store
TXN002647,2025-10-15 16:46:26,CUST0458,P011,Smart Watch,Electronics,3,4999.0,20,11997.6,Cash,Chennai,Store
TXN002648,2025-05-22 06:01:14,CUST0408,P006,Backpack,Fashion,5,1200.0,10,5400.0,Card,Hyderabad,Online
TXN002649,2025-04-29 06:32:04,CUST0491,P010,Desk Lamp,Home,1,850.0,0,850.0,Wallet,Delhi,Online
TXN002650,2025-02-22 20:46:46,CUST0478,P001,Wireless Mouse,Electronics,1,599.0,0,599.0,Card,Delhi,Store
TXN002651,2025-09-06 05:26:59,CUST0118,P010,Desk Lamp,Home,2,850.0,0,1700.0,Card,Pune,Online
TXN002652,2025-11-07 10:07:43,CUST0167,P006,Backpack,Fashion,1,1200.0,5,1140.0,UPI,Delhi,Store
TXN002653,2025-07-06 14:51:24,CUST0018,P009,Water Bottle,Home,2,450.0,25,675.0,Wallet,Hyderabad,Online
TXN002654,2025-09-22 20:39:12,CUST0052,P005,Ball Pen Pack,Stationery,3,100.0,10,270.0,Wallet,Bengaluru,Store
TXN002655,2025-02-25 22:51:06,CUST0256,P012,Power Bank,Electronics,2,1500.0,15,2550.0,Wallet,Chennai,Store
TXN002656,2025-10-07 08:55:42,CUST0487,P005,Ball Pen Pack,Stationery,4,100.0,5,380.0,UPI,Pune,Store
TXN002657,2025-11-25 12:56:56,CUST0264,P012,Power Bank,Electronics,2,1500.0,10,2700.0,Cash,Pune,Online
TXN002658,2025-07-24 05:04:08,CUST0112,P003,USB-C Cable,Electronics,5,299.0,0,1495.0,Card,Pune,Online
TXN002659,2025-02-19 01:09:31,CUST0103,P010,Desk Lamp,Home,2,850.0,25,1275.0,UPI,Chennai,Store
TXN002660,2025-08-31 08:44:02,CUST0048,P001,Wireless Mouse,Electronics,4,599.0,25,1797.0,UPI,Mumbai,Online
TXN002661,2025-06-11 07:30:37,CUST0135,P008,Coffee Mug,Home,2,250.0,5,475.0,Wallet,Delhi,Online
TXN002662,2025-07-26 19:22:55,CUST0085,P008,Coffee Mug,Home,4,250.0,20,800.0,UPI,Chennai,Store
TXN002663,2025-03-10 17:12:40,CUST0403,P003,USB-C Cable,Electronics,3,299.0,15,762.45,Wallet,Delhi,Store
TXN002664,2025-10-18 00:55:42,CUST0499,P006,Backpack,Fashion,5,1200.0,25,4500.0,Cash,Bengaluru,Online
TXN002665,2025-05-28 03:41:36,CUST0080,P010,Desk Lamp,Home,1,850.0,10,765.0,Card,Hyderabad,Online
TXN002666,2025-07-18 10:11:44,CUST0419,P011,Smart Watch,Electronics,4,4999.0,15,16996.6,Card,Chennai,Online
TXN002667,2025-06-02 10:19:25,CUST0028,P009,Water Bottle,Home,2,450.0,25,675.0,Wallet,Mumbai,Store
TXN002668,2025-03-10 04:14:06,CUST0033,P008,Coffee Mug,Home,2,250.0,5,475.0,Wallet,Chennai,Online
TXN002669,2025-12-26 13:02:04,CUST0290,P011,Smart Watch,Electronics,5,4999.0,5,23745.25,UPI,Delhi,Online
TXN002670,2025-03-09 00:13:31,CUST0080,P010,Desk Lamp,Home,5,850.0,20,3400.0,Card,Chennai,Store
TXN002671,2025-12-09 08:43:21,CUST0088,P002,Mechanical Keyboard,Electronics,4,3500.0,10,12600.0,UPI,Chennai,Store
TXN002672,2025-04-02 18:12:54,CUST0284,P009,Water Bottle,Home,2,450.0,5,855.0,Card,Delhi,Store
TXN002673,2025-09-30 19:29:50,CUST0494,P004,Notebook,Stationery,5,150.0,20,600.0,Card,Delhi,Store
TXN002674,2025-04-14 14:33:13,CUST0214,P002,Mechanical Keyboard,Electronics,4,3500.0,25,10500.0,Wallet,Chennai,Store
TXN002675,2025-03-26 23:58:45,CUST0083,P007,Running Shoes,Fashion,3,2500.0,5,7125.0,UPI,Hyderabad,Store
TXN002676,2025-04-12 09:02:59,CUST0444,P005,Ball Pen Pack,Stationery,5,100.0,15,425.0,UPI,Pune,Store
TXN002677,2025-08-23 10:01:44,CUST0423,P010,Desk Lamp,Home,4,850.0,0,3400.0,Card,Hyderabad,Online
TXN002678,2025-06-20 22:25:04,CUST0036,P003,USB-C Cable,Electronics,1,299.0,10,269.1,Card,Chennai,Store
TXN002679,2025-10-23 01:20:33,CUST0270,P008,Coffee Mug,Home,1,250.0,5,237.5,Wallet,Chennai,Store
TXN002680,2025-02-23 16:49:11,CUST0297,P009,Water Bottle,Home,5,450.0,5,2137.5,Card,Pune,Online
TXN002681,2025-11-12 11:22:41,CUST0346,P002,Mechanical Keyboard,Electronics,2,3500.0,10,6300.0,Wallet,Chennai,Online
TXN002682,2025-08-01 19:32:20,CUST0097,P003,USB-C Cable,Electronics,1,299.0,0,299.0,Cash,Hyderabad,Store
TXN002683,2025-08-24 13:44:06,CUST0416,P011,Smart Watch,Electronics,4,4999.0,20,15996.8,Wallet,Delhi,Online
TXN002684,2025-09-27 06:12:25,CUST0379,P012,Power Bank,Electronics,3,1500.0,25,3375.0,Cash,Pune,Online
TXN002685,2025-09-05 13:15:05,CUST0274,P007,Running Shoes,Fashion,1,2500.0,0,2500.0,Card,Mumbai,Store
TXN002686,2025-04-28 07:48:32,CUST0121,P007,Running Shoes,Fashion,1,2500.0,20,2000.0,Cash,Mumbai,Store
TXN002687,2025-01-26 18:58:17,CUST0178,P003,USB-C Cable,Electronics,2,299.0,25,448.5,UPI,Mumbai,Online
TXN002688,2025-09-07 16:22:15,CUST0296,P003,USB-C Cable,Electronics,5,299.0,25,1121.25,Cash,Chennai,Online
TXN002689,2025-02-05 21:55:48,CUST0156,P004,Notebook,Stationery,4,150.0,10,540.0,Card,Mumbai,Online
TXN002690,2025-12-21 01:14:07,CUST0003,P010,Desk Lamp,Home,4,850.0,15,2890.0,UPI,Pune,Store
TXN002691,2025-02-06 02:09:47,CUST0312,P002,Mechanical Keyboard,Electronics,2,3500.0,15,5950.0,UPI,Chennai,Online
TXN002692,2025-10-12 04:27:17,CUST0078,P002,Mechanical Keyboard,Electronics,2,3500.0,5,6650.0,UPI,Chennai,Store
TXN002693,2025-06-09 06:30:58,CUST0239,P011,Smart Watch,Electronics,2,4999.0,0,9998.0,UPI,Hyderabad,Online
TXN002694,2025-02-15 00:34:56,CUST0058,P007,Running Shoes,Fashion,4,2500.0,0,10000.0,Card,Pune,Online
TXN002695,2025-02-16 23:23:56,CUST0317,P012,Power Bank,Electronics,1,1500.0,15,1275.0,Card,Chennai,Store
TXN002696,2025-09-14 23:39:20,CUST0381,P009,Water Bottle,Home,4,450.0,5,1710.0,Card,Hyderabad,Online
TXN002697,2025-01-15 09:04:46,CUST0151,P010,Desk Lamp,Home,2,850.0,15,1445.0,Wallet,Delhi,Online
TXN002698,2025-07-28 05:15:57,CUST0007,P011,Smart Watch,Electronics,2,4999.0,15,8498.3,Cash,Hyderabad,Online
TXN002699,2025-02-28 02:40:09,CUST0392,P005,Ball Pen Pack,Stationery,2,100.0,0,200.0,UPI,Delhi,Online
TXN002700,2025-11-03 17:48:51,CUST0286,P011,Smart Watch,Electronics,4,4999.0,25,14997.0,Card,Delhi,Online
TXN002701,2025-08-12 20:42:46,CUST0341,P006,Backpack,Fashion,2,1200.0,5,2280.0,Cash,Bengaluru,Online
TXN002702,2025-01-07 15:31:20,CUST0431,P010,Desk Lamp,Home,2,850.0,25,1275.0,Cash,Delhi,Store
TXN002703,2025-11-23 02:04:06,CUST0405,P002,Mechanical Keyboard,Electronics,1,3500.0,5,3325.0,Cash,Pune,Store
TXN002704,2025-11-16 19:31:01,CUST0009,P002,Mechanical Keyboard,Electronics,2,3500.0,15,5950.0,UPI,Pune,Store
TXN002705,2025-03-16 01:58:43,CUST0218,P006,Backpack,Fashion,5,1200.0,10,5400.0,Cash,Bengaluru,Store
TXN002706,2025-10-24 03:41:14,CUST0474,P003,USB-C Cable,Electronics,2,299.0,0,598.0,Cash,Mumbai,Online
TXN002707,2025-01-10 23:02:01,CUST0073,P008,Coffee Mug,Home,1,250.0,15,212.5,UPI,Delhi,Online
TXN002708,2025-07-06 03:29:51,CUST0119,P009,Water Bottle,Home,4,450.0,10,1620.0,UPI,Pune,Online
TXN002709,2025-06-22 02:07:37,CUST0369,P012,Power Bank,Electronics,1,1500.0,15,1275.0,Wallet,Hyderabad,Online
TXN002710,2025-06-10 03:17:52,CUST0117,P003,USB-C Cable,Electronics,2,299.0,10,538.2,UPI,Delhi,Store
TXN002711,2025-04-12 09:16:22,CUST0488,P003,USB-C Cable,Electronics,1,299.0,5,284.05,Cash,Mumbai,Online
TXN002712,2025-01-23 18:38:13,CUST0064,P001,Wireless Mouse,Electronics,5,599.0,10,2695.5,Wallet,Bengaluru,Store
TXN002713,2025-05-24 03:17:06,CUST0217,P005,Ball Pen Pack,Stationery,5,100.0,0,500.0,Cash,Bengaluru,Store
TXN002714,2025-05-25 11:00:35,CUST0146,P007,Running Shoes,Fashion,2,2500.0,5,4750.0,Cash,Bengaluru,Online
TXN002715,2025-02-23 03:37:11,CUST0429,P005,Ball Pen Pack,Stationery,4,100.0,15,340.0,UPI,Mumbai,Online
TXN002716,2025-08-04 12:25:43,CUST0031,P002,Mechanical Keyboard,Electronics,5,3500.0,0,17500.0,UPI,Pune,Online
TXN002717,2025-11-10 01:21:58,CUST0467,P012,Power Bank,Electronics,4,1500.0,20,4800.0,Card,Mumbai,Store
TXN002718,2025-06-04 19:34:43,CUST0142,P002,Mechanical Keyboard,Electronics,4,3500.0,5,13300.0,Wallet,Hyderabad,Online
TXN002719,2025-07-31 09:55:14,CUST0007,P009,Water Bottle,Home,1,450.0,25,337.5,Cash,Bengaluru,Online
TXN002720,2025-02-27 12:41:29,CUST0304,P001,Wireless Mouse,Electronics,1,599.0,10,539.1,UPI,Bengaluru,Online
TXN002721,2025-03-17 22:03:33,CUST0261,P001,Wireless Mouse,Electronics,4,599.0,15,2036.6,UPI,Pune,Online
TXN002722,2025-06-29 09:39:01,CUST0365,P004,Notebook,Stationery,3,150.0,0,450.0,UPI,Delhi,Store
TXN002723,2025-07-26 02:25:40,CUST0489,P005,Ball Pen Pack,Stationery,4,100.0,10,360.0,Card,Bengaluru,Online
TXN002724,2025-02-14 08:28:32,CUST0361,P004,Notebook,Stationery,1,150.0,0,150.0,Wallet,Pune,Store
TXN002725,2025-07-26 11:43:32,CUST0441,P009,Water Bottle,Home,3,450.0,15,1147.5,Wallet,Chennai,Store
TXN002726,2025-08-20 12:36:59,CUST0130,P008,Coffee Mug,Home,1,250.0,5,237.5,UPI,Hyderabad,Online
TXN002727,2025-05-10 14:53:38,CUST0102,P011,Smart Watch,Electronics,2,4999.0,20,7998.4,Wallet,Pune,Store
TXN002728,2025-12-25 01:22:34,CUST0131,P007,Running Shoes,Fashion,4,2500.0,15,8500.0,Card,Mumbai,Store
TXN002729,2025-08-16 05:58:01,CUST0033,P009,Water Bottle,Home,2,450.0,5,855.0,Wallet,Mumbai,Online
TXN002730,2025-01-23 08:41:33,CUST0137,P007,Running Shoes,Fashion,4,2500.0,15,8500.0,UPI,Delhi,Store
TXN002731,2025-09-01 10:33:01,CUST0302,P001,Wireless Mouse,Electronics,1,599.0,0,599.0,UPI,Bengaluru,Store
TXN002732,2025-09-16 20:34:14,CUST0240,P002,Mechanical Keyboard,Electronics,3,3500.0,0,10500.0,UPI,Chennai,Store
TXN002733,2025-08-16 09:51:27,CUST0121,P009,Water Bottle,Home,5,450.0,0,2250.0,Cash,Hyderabad,Online
TXN002734,2025-05-03 08:27:02,CUST0128,P011,Smart Watch,Electronics,1,4999.0,10,4499.1,Card,Mumbai,Store
TXN002735,2025-08-26 02:49:00,CUST0312,P009,Water Bottle,Home,1,450.0,20,360.0,Cash,Chennai,Store
TXN002736,2025-12-27 21:20:25,CUST0468,P007,Running Shoes,Fashion,5,2500.0,20,10000.0,Wallet,Chennai,Online
TXN002737,2025-09-09 16:02:55,CUST0034,P004,Notebook,Stationery,4,150.0,20,480.0,Wallet,Chennai,Online
TXN002738,2025-11-12 23:54:37,CUST0213,P007,Running Shoes,Fashion,5,2500.0,20,10000.0,Cash,Mumbai,Store
TXN002739,2025-12-19 15:52:46,CUST0196,P002,Mechanical Keyboard,Electronics,2,3500.0,5,6650.0,Wallet,Delhi,Online
TXN002740,2025-07-08 08:43:37,CUST0246,P010,Desk Lamp,Home,3,850.0,5,2422.5,Card,Pune,Store
TXN002741,2025-06-19 16:08:40,CUST0094,P004,Notebook,Stationery,5,150.0,25,562.5,Cash,Hyderabad,Online
TXN002742,2025-08-26 02:42:09,CUST0229,P001,Wireless Mouse,Electronics,1,599.0,25,449.25,Cash,Pune,Store
TXN002743,2025-11-26 09:03:56,CUST0490,P011,Smart Watch,Electronics,2,4999.0,0,9998.0,Card,Bengaluru,Online
TXN002744,2025-07-20 05:28:20,CUST0236,P009,Water Bottle,Home,2,450.0,0,900.0,UPI,Bengaluru,Online
TXN002745,2025-11-23 14:56:38,CUST0082,P011,Smart Watch,Electronics,1,4999.0,25,3749.25,Cash,Mumbai,Online
TXN002746,2025-04-02 08:19:22,CUST0190,P011,Smart Watch,Electronics,5,4999.0,20,19996.0,Wallet,Pune,Online
TXN002747,2025-02-02 10:17:01,CUST0500,P008,Coffee Mug,Home,1,250.0,25,187.5,Cash,Chennai,Online
TXN002748,2025-11-13 15:19:21,CUST0421,P002,Mechanical Keyboard,Electronics,5,3500.0,15,14875.0,Cash,Delhi,Online
TXN002749,2025-03-04 09:59:04,CUST0389,P002,Mechanical Keyboard,Electronics,4,3500.0,10,12600.0,Card,Hyderabad,Store
TXN002750,2025-07-16 20:09:56,CUST0192,P008,Coffee Mug,Home,1,250.0,20,200.0,Card,Mumbai,Online
TXN002751,2025-04-11 18:43:17,CUST0277,P001,Wireless Mouse,Electronics,4,599.0,15,2036.6,Cash,Bengaluru,Online
TXN002752,2025-11-18 21:04:30,CUST0432,P003,USB-C Cable,Electronics,2,299.0,15,508.3,UPI,Delhi,Store
TXN002753,2025-02-05 12:52:34,CUST0392,P011,Smart Watch,Electronics,1,4999.0,5,4749.05,Wallet,Chennai,Store
TXN002754,2025-11-04 08:58:21,CUST0085,P010,Desk Lamp,Home,4,850.0,20,2720.0,Card,Bengaluru,Store
TXN002755,2025-08-13 16:54:19,CUST0483,P011,Smart Watch,Electronics,4,4999.0,25,14997.0,UPI,Delhi,Online
TXN002756,2025-08-17 16:24:08,CUST0182,P004,Notebook,Stationery,1,150.0,10,135.0,UPI,Hyderabad,Store
TXN002757,2025-02-13 16:30:38,CUST0182,P007,Running Shoes,Fashion,1,2500.0,15,2125.0,Card,Pune,Store
TXN002758,2025-04-21 08:10:00,CUST0346,P012,Power Bank,Electronics,5,1500.0,20,6000.0,Card,Delhi,Store
TXN002759,2025-05-18 11:54:57,CUST0055,P008,Coffee Mug,Home,5,250.0,25,937.5,Wallet,Pune,Store
TXN002760,2025-09-06 13:13:10,CUST0024,P010,Desk Lamp,Home,4,850.0,25,2550.0,Cash,Hyderabad,Store
TXN002761,2025-05-30 00:37:44,CUST0280,P004,Notebook,Stationery,3,150.0,20,360.0,Wallet,Mumbai,Store
TXN002762,2025-06-25 22:49:23,CUST0262,P005,Ball Pen Pack,Stationery,2,100.0,0,200.0,Wallet,Mumbai,Online
TXN002763,2025-08-06 19:20:37,CUST0174,P002,Mechanical Keyboard,Electronics,4,3500.0,5,13300.0,Card,Delhi,Online
TXN002764,2025-11-17 14:24:08,CUST0323,P007,Running Shoes,Fashion,3,2500.0,20,6000.0,Card,Mumbai,Online
TXN002765,2025-04-14 06:32:14,CUST0274,P007,Running Shoes,Fashion,5,2500.0,25,9375.0,Card,Hyderabad,Online
TXN002766,2025-12-08 21:18:36,CUST0224,P003,USB-C Cable,Electronics,3,299.0,15,762.45,Wallet,Pune,Store
TXN002767,2025-08-22 18:30:37,CUST0295,P002,Mechanical Keyboard,Electronics,4,3500.0,0,14000.0,UPI,Mumbai,Store
TXN002768,2025-01-29 16:21:37,CUST0110,P002,Mechanical Keyboard,Electronics,5,3500.0,25,13125.0,Card,Delhi,Online
TXN002769,2025-11-15 17:55:48,CUST0448,P004,Notebook,Stationery,4,150.0,0,600.0,Card,Pune,Store
TXN002770,2025-10-07 12:13:29,CUST0209,P001,Wireless Mouse,Electronics,3,599.0,5,1707.15,Card,Mumbai,Store
TXN002771,2025-05-05 17:57:52,CUST0285,P009,Water Bottle,Home,1,450.0,15,382.5,Cash,Chennai,Online
TXN002772,2025-12-20 09:54:20,CUST0085,P006,Backpack,Fashion,3,1200.0,10,3240.0,Wallet,Pune,Store
TXN002773,2025-02-18 09:04:13,CUST0316,P002,Mechanical Keyboard,Electronics,4,3500.0,10,12600.0,UPI,Pune,Store
TXN002774,2025-04-17 06:08:15,CUST0015,P010,Desk Lamp,Home,4,850.0,15,2890.0,UPI,Bengaluru,Store
TXN002775,2025-12-15 04:41:28,CUST0467,P012,Power Bank,Electronics,1,1500.0,20,1200.0,Card,Chennai,Store
TXN002776,2025-08-19 21:34:53,CUST0276,P010,Desk Lamp,Home,5,850.0,25,3187.5,UPI,Hyderabad,Online
TXN002777,2025-12-03 10:29:22,CUST0206,P008,Coffee Mug,Home,5,250.0,5,1187.5,UPI,Delhi,Online
TXN002778,2025-06-21 23:40:12,CUST0139,P007,Running Shoes,Fashion,5,2500.0,0,12500.0,Card,Delhi,Online
TXN002779,2025-12-23 22:47:19,CUST0202,P011,Smart Watch,Electronics,4,4999.0,10,17996.4,Wallet,Hyderabad,Online
TXN002780,2025-09-29 10:02:26,CUST0500,P010,Desk Lamp,Home,4,850.0,25,2550.0,Wallet,Delhi,Store
TXN002781,2025-08-09 06:53:11,CUST0160,P012,Power Bank,Electronics,1,1500.0,10,1350.0,Cash,Hyderabad,Store
TXN002782,2025-05-02 18:33:02,CUST0412,P011,Smart Watch,Electronics,1,4999.0,0,4999.0,UPI,Hyderabad,Online
TXN002783,2025-10-08 13:05:03,CUST0307,P011,Smart Watch,Electronics,2,4999.0,0,9998.0,Wallet,Delhi,Online
TXN002784,2025-09-28 16:25:33,CUST0476,P007,Running Shoes,Fashion,1,2500.0,10,2250.0,UPI,Mumbai,Store
TXN002785,2025-01-31 12:39:50,CUST0217,P011,Smart Watch,Electronics,1,4999.0,5,4749.05,Wallet,Pune,Store
TXN002786,2025-05-03 02:18:31,CUST0128,P007,Running Shoes,Fashion,2,2500.0,0,5000.0,Cash,Delhi,Store
TXN002787,2025-08-21 19:41:15,CUST0029,P007,Running Shoes,Fashion,4,2500.0,0,10000.0,UPI,Mumbai,Store
TXN002788,2025-11-10 09:43:30,CUST0070,P005,Ball Pen Pack,Stationery,5,100.0,20,400.0,Cash,Pune,Online
TXN002789,2025-04-24 21:54:57,CUST0472,P007,Running Shoes,Fashion,4,2500.0,25,7500.0,Cash,Chennai,Store
TXN002790,2025-06-17 12:22:48,CUST0255,P007,Running Shoes,Fashion,1,2500.0,10,2250.0,Wallet,Delhi,Online
TXN002791,2025-01-06 13:47:56,CUST0420,P005,Ball Pen Pack,Stationery,3,100.0,15,255.0,Cash,Bengaluru,Store
TXN002792,2025-05-13 00:15:13,CUST0276,P001,Wireless Mouse,Electronics,5,599.0,15,2545.75,Cash,Delhi,Online
TXN002793,2025-03-16 16:14:58,CUST0401,P009,Water Bottle,Home,5,450.0,0,2250.0,Wallet,Pune,Online
TXN002794,2025-11-29 20:10:00,CUST0401,P006,Backpack,Fashion,3,1200.0,15,3060.0,Wallet,Pune,Online
TXN002795,2025-10-27 04:52:43,CUST0215,P006,Backpack,Fashion,3,1200.0,0,3600.0,UPI,Bengaluru,Store
TXN002796,2025-08-23 10:25:48,CUST0312,P006,Backpack,Fashion,2,1200.0,0,2400.0,UPI,Chennai,Store
TXN002797,2025-03-04 05:46:12,CUST0439,P003,USB-C Cable,Electronics,1,299.0,5,284.05,Card,Delhi,Online
TXN002798,2025-10-23 22:41:44,CUST0409,P008,Coffee Mug,Home,4,250.0,15,850.0,Wallet,Delhi,Store
TXN002799,2025-02-22 04:06:26,CUST0392,P006,Backpack,Fashion,5,1200.0,0,6000.0,Wallet,Mumbai,Online
TXN002800,2025-01-31 16:56:23,CUST0091,P005,Ball Pen Pack,Stationery,1,100.0,0,100.0,Cash,Hyderabad,Store
TXN002801,2025-07-27 03:43:52,CUST0409,P009,Water Bottle,Home,4,450.0,0,1800.0,UPI,Hyderabad,Online
TXN002802,2025-02-12 01:52:30,CUST0243,P010,Desk Lamp,Home,5,850.0,15,3612.5,Wallet,Chennai,Store
TXN002803,2025-08-06 00:40:02,CUST0066,P004,Notebook,Stationery,1,150.0,5,142.5,Cash,Bengaluru,Online
TXN002804,2025-12-28 13:24:45,CUST0411,P005,Ball Pen Pack,Stationery,4,100.0,5,380.0,Wallet,Delhi,Online
TXN002805,2025-09-06 00:07:40,CUST0416,P007,Running Shoes,Fashion,1,2500.0,5,2375.0,UPI,Pune,Online
TXN002806,2025-03-21 04:24:04,CUST0271,P005,Ball Pen Pack,Stationery,2,100.0,25,150.0,Wallet,Delhi,Online
TXN002807,2025-06-17 00:40:14,CUST0178,P012,Power Bank,Electronics,5,1500.0,25,5625.0,Wallet,Hyderabad,Online
TXN002808,2025-06-29 02:44:07,CUST0284,P006,Backpack,Fashion,2,1200.0,10,2160.0,Cash,Hyderabad,Online
TXN002809,2025-05-01 07:11:59,CUST0066,P002,Mechanical Keyboard,Electronics,5,3500.0,25,13125.0,Card,Hyderabad,Store
TXN002810,2025-12-08 05:36:40,CUST0130,P006,Backpack,Fashion,3,1200.0,0,3600.0,UPI,Chennai,Store
TXN002811,2025-04-09 19:46:57,CUST0157,P011,Smart Watch,Electronics,3,4999.0,10,13497.3,Wallet,Delhi,Online
TXN002812,2025-12-04 19:46:44,CUST0101,P002,Mechanical Keyboard,Electronics,1,3500.0,5,3325.0,Card,Pune,Store
TXN002813,2025-04-21 20:44:08,CUST0395,P009,Water Bottle,Home,5,450.0,25,1687.5,Wallet,Chennai,Online
TXN002814,2025-06-25 01:17:44,CUST0225,P007,Running Shoes,Fashion,2,2500.0,5,4750.0,Cash,Chennai,Online
TXN002815,2025-07-10 00:28:07,CUST0087,P001,Wireless Mouse,Electronics,2,599.0,20,958.4,Wallet,Chennai,Online
TXN002816,2025-11-15 07:40:14,CUST0038,P008,Coffee Mug,Home,3,250.0,25,562.5,UPI,Chennai,Online
TXN002817,2025-11-08 03:41:20,CUST0434,P002,Mechanical Keyboard,Electronics,5,3500.0,15,14875.0,Card,Mumbai,Store
TXN002818,2025-05-08 18:02:54,CUST0366,P011,Smart Watch,Electronics,2,4999.0,0,9998.0,Wallet,Hyderabad,Online
TXN002819,2025-05-07 05:13:00,CUST0369,P009,Water Bottle,Home,5,450.0,5,2137.5,Cash,Hyderabad,Online
TXN002820,2025-05-09 13:22:04,CUST0435,P004,Notebook,Stationery,3,150.0,0,450.0,UPI,Chennai,Online
TXN002821,2025-07-19 21:22:20,CUST0036,P012,Power Bank,Electronics,4,1500.0,15,5100.0,Wallet,Hyderabad,Store
TXN002822,2025-07-19 16:35:05,CUST0464,P002,Mechanical Keyboard,Electronics,4,3500.0,10,12600.0,Card,Delhi,Store
TXN002823,2025-04-09 19:07:02,CUST0470,P011,Smart Watch,Electronics,3,4999.0,10,13497.3,Cash,Bengaluru,Online
TXN002824,2025-11-17 17:29:49,CUST0273,P004,Notebook,Stationery,5,150.0,10,675.0,UPI,Bengaluru,Online
TXN002825,2025-06-24 21:26:23,CUST0361,P009,Water Bottle,Home,1,450.0,0,450.0,Cash,Pune,Online
TXN002826,2025-02-27 02:55:05,CUST0275,P008,Coffee Mug,Home,5,250.0,20,1000.0,Cash,Hyderabad,Store
TXN002827,2025-11-09 04:56:19,CUST0319,P010,Desk Lamp,Home,5,850.0,15,3612.5,Card,Chennai,Online
TXN002828,2025-04-29 20:49:34,CUST0162,P008,Coffee Mug,Home,5,250.0,25,937.5,Card,Bengaluru,Online
TXN002829,2025-04-17 12:06:35,CUST0430,P008,Coffee Mug,Home,2,250.0,10,450.0,Wallet,Pune,Online
TXN002830,2025-11-11 15:50:00,CUST0046,P012,Power Bank,Electronics,5,1500.0,20,6000.0,Wallet,Chennai,Store
TXN002831,2025-03-09 23:23:37,CUST0138,P003,USB-C Cable,Electronics,2,299.0,20,478.4,Card,Hyderabad,Store
TXN002832,2025-03-05 04:47:28,CUST0267,P004,Notebook,Stationery,2,150.0,20,240.0,UPI,Pune,Online
TXN002833,2025-09-08 21:49:17,CUST0338,P009,Water Bottle,Home,4,450.0,0,1800.0,Wallet,Pune,Online
TXN002834,2025-03-08 22:54:27,CUST0265,P009,Water Bottle,Home,1,450.0,25,337.5,Card,Pune,Online
TXN002835,2025-02-17 00:58:53,CUST0023,P002,Mechanical Keyboard,Electronics,1,3500.0,5,3325.0,Card,Pune,Online
TXN002836,2025-01-07 07:43:00,CUST0033,P012,Power Bank,Electronics,5,1500.0,15,6375.0,Wallet,Bengaluru,Store
TXN002837,2025-02-14 12:16:58,CUST0024,P001,Wireless Mouse,Electronics,5,599.0,25,2246.25,Wallet,Chennai,Store
TXN002838,2025-02-17 06:21:05,CUST0006,P009,Water Bottle,Home,1,450.0,10,405.0,Card,Delhi,Store
TXN002839,2025-11-06 11:16:10,CUST0048,P005,Ball Pen Pack,Stationery,1,100.0,25,75.0,Card,Hyderabad,Store
TXN002840,2025-12-27 14:46:15,CUST0164,P011,Smart Watch,Electronics,2,4999.0,25,7498.5,UPI,Hyderabad,Online
TXN002841,2025-11-02 07:37:27,CUST0248,P005,Ball Pen Pack,Stationery,4,100.0,20,320.0,Card,Pune,Store
TXN002842,2025-05-01 03:09:53,CUST0210,P010,Desk Lamp,Home,3,850.0,25,1912.5,UPI,Mumbai,Online
TXN002843,2025-03-19 02:40:25,CUST0376,P001,Wireless Mouse,Electronics,4,599.0,15,2036.6,Card,Mumbai,Store
TXN002844,2025-11-14 10:26:17,CUST0418,P005,Ball Pen Pack,Stationery,3,100.0,25,225.0,Wallet,Bengaluru,Online
TXN002845,2025-05-09 16:56:28,CUST0011,P012,Power Bank,Electronics,1,1500.0,15,1275.0,Wallet,Chennai,Store
TXN002846,2025-06-13 22:05:15,CUST0138,P002,Mechanical Keyboard,Electronics,1,3500.0,0,3500.0,Wallet,Delhi,Store
TXN002847,2025-12-03 21:43:15,CUST0045,P012,Power Bank,Electronics,1,1500.0,25,1125.0,Card,Delhi,Online
TXN002848,2025-11-10 16:53:43,CUST0229,P009,Water Bottle,Home,3,450.0,0,1350.0,Wallet,Hyderabad,Store
TXN002849,2025-10-27 23:31:53,CUST0317,P008,Coffee Mug,Home,1,250.0,20,200.0,UPI,Delhi,Online
TXN002850,2025-06-16 22:55:33,CUST0215,P009,Water Bottle,Home,2,450.0,10,810.0,Card,Bengaluru,Store
TXN002851,2025-03-03 20:50:09,CUST0199,P010,Desk Lamp,Home,4,850.0,0,3400.0,Card,Hyderabad,Store
TXN002852,2025-08-05 17:13:01,CUST0285,P009,Water Bottle,Home,5,450.0,0,2250.0,Wallet,Hyderabad,Store
TXN002853,2025-10-31 12:56:24,CUST0315,P002,Mechanical Keyboard,Electronics,3,3500.0,0,10500.0,Cash,Hyderabad,Store
TXN002854,2025-03-12 03:24:28,CUST0186,P008,Coffee Mug,Home,1,250.0,20,200.0,Wallet,Bengaluru,Online
TXN002855,2025-09-27 05:13:03,CUST0305,P004,Notebook,Stationery,2,150.0,0,300.0,UPI,Pune,Store
TXN002856,2025-12-09 05:11:18,CUST0360,P006,Backpack,Fashion,4,1200.0,25,3600.0,Card,Bengaluru,Online
TXN002857,2025-04-28 13:36:27,CUST0041,P009,Water Bottle,Home,1,450.0,20,360.0,Cash,Pune,Online
TXN002858,2025-11-01 11:05:03,CUST0237,P006,Backpack,Fashion,3,1200.0,20,2880.0,Cash,Mumbai,Store
TXN002859,2025-07-08 23:58:49,CUST0234,P005,Ball Pen Pack,Stationery,1,100.0,25,75.0,Card,Bengaluru,Store
TXN002860,2025-05-30 13:21:36,CUST0309,P003,USB-C Cable,Electronics,1,299.0,0,299.0,Card,Delhi,Online
TXN002861,2025-08-25 08:06:45,CUST0365,P010,Desk Lamp,Home,4,850.0,5,3230.0,Wallet,Delhi,Online
TXN002862,2025-03-05 04:38:56,CUST0073,P010,Desk Lamp,Home,4,850.0,10,3060.0,UPI,Bengaluru,Online
TXN002863,2025-11-12 00:35:05,CUST0363,P005,Ball Pen Pack,Stationery,3,100.0,10,270.0,Card,Mumbai,Store
TXN002864,2025-09-22 11:31:20,CUST0151,P006,Backpack,Fashion,4,1200.0,0,4800.0,Cash,Bengaluru,Online
TXN002865,2025-01-02 02:54:02,CUST0433,P010,Desk Lamp,Home,2,850.0,5,1615.0,Cash,Bengaluru,Online
TXN002866,2025-10-03 20:32:15,CUST0295,P001,Wireless Mouse,Electronics,1,599.0,0,599.0,Wallet,Pune,Store
TXN002867,2025-06-09 05:33:30,CUST0141,P001,Wireless Mouse,Electronics,4,599.0,5,2276.2,Card,Pune,Store
TXN002868,2025-11-26 04:22:31,CUST0443,P008,Coffee Mug,Home,2,250.0,20,400.0,Card,Hyderabad,Store
TXN002869,2025-12-11 15:23:33,CUST0370,P005,Ball Pen Pack,Stationery,1,100.0,0,100.0,UPI,Bengaluru,Online
TXN002870,2025-03-04 11:51:44,CUST0353,P005,Ball Pen Pack,Stationery,4,100.0,5,380.0,UPI,Pune,Store
TXN002871,2025-01-29 03:38:13,CUST0200,P009,Water Bottle,Home,3,450.0,0,1350.0,Wallet,Mumbai,Online
TXN002872,2025-11-02 08:51:29,CUST0180,P009,Water Bottle,Home,1,450.0,0,450.0,UPI,Hyderabad,Store
TXN002873,2025-01-01 09:33:36,CUST0313,P003,USB-C Cable,Electronics,4,299.0,0,1196.0,UPI,Delhi,Online
TXN002874,2025-06-15 23:41:27,CUST0042,P012,Power Bank,Electronics,1,1500.0,25,1125.0,Cash,Pune,Store
TXN002875,2025-01-21 16:14:01,CUST0421,P010,Desk Lamp,Home,2,850.0,5,1615.0,UPI,Mumbai,Store
TXN002876,2025-01-28 12:39:03,CUST0415,P007,Running Shoes,Fashion,5,2500.0,10,11250.0,UPI,Mumbai,Store
TXN002877,2025-04-10 14:03:38,CUST0464,P012,Power Bank,Electronics,1,1500.0,20,1200.0,Cash,Hyderabad,Store
TXN002878,2025-09-29 12:20:04,CUST0151,P004,Notebook,Stationery,2,150.0,20,240.0,Wallet,Bengaluru,Online
TXN002879,2025-12-03 00:17:25,CUST0440,P007,Running Shoes,Fashion,3,2500.0,5,7125.0,Cash,Delhi,Store
TXN002880,2025-10-25 11:33:16,CUST0060,P007,Running Shoes,Fashion,1,2500.0,20,2000.0,Card,Bengaluru,Online
TXN002881,2025-11-09 13:01:57,CUST0160,P009,Water Bottle,Home,1,450.0,5,427.5,UPI,Mumbai,Store
TXN002882,2025-05-10 01:10:07,CUST0024,P003,USB-C Cable,Electronics,3,299.0,20,717.6,Wallet,Pune,Online
TXN002883,2025-01-27 16:31:25,CUST0240,P005,Ball Pen Pack,Stationery,2,100.0,25,150.0,Cash,Bengaluru,Store
TXN002884,2025-07-23 12:12:03,CUST0392,P004,Notebook,Stationery,3,150.0,5,427.5,Wallet,Hyderabad,Online
TXN002885,2025-06-07 12:45:36,CUST0442,P005,Ball Pen Pack,Stationery,5,100.0,15,425.0,UPI,Chennai,Store
TXN002886,2025-06-23 21:50:30,CUST0100,P010,Desk Lamp,Home,5,850.0,5,4037.5,Cash,Delhi,Online
TXN002887,2025-08-01 11:55:25,CUST0156,P003,USB-C Cable,Electronics,3,299.0,5,852.15,Wallet,Chennai,Store
TXN002888,2025-06-07 15:11:21,CUST0469,P003,USB-C Cable,Electronics,5,299.0,0,1495.0,Cash,Delhi,Online
TXN002889,2025-06-23 00:30:38,CUST0418,P008,Coffee Mug,Home,3,250.0,25,562.5,UPI,Bengaluru,Store
TXN002890,2025-06-24 08:50:58,CUST0318,P006,Backpack,Fashion,3,1200.0,0,3600.0,Cash,Bengaluru,Online
TXN002891,2025-03-21 23:57:56,CUST0290,P003,USB-C Cable,Electronics,1,299.0,20,239.2,UPI,Hyderabad,Store
TXN002892,2025-12-17 10:10:11,CUST0393,P006,Backpack,Fashion,1,1200.0,0,1200.0,Wallet,Chennai,Store
TXN002893,2025-10-11 17:52:14,CUST0015,P011,Smart Watch,Electronics,5,4999.0,0,24995.0,Card,Mumbai,Online
TXN002894,2025-02-08 21:09:31,CUST0237,P009,Water Bottle,Home,4,450.0,0,1800.0,UPI,Pune,Store
TXN002895,2025-11-09 19:15:25,CUST0152,P012,Power Bank,Electronics,4,1500.0,25,4500.0,Wallet,Mumbai,Online
TXN002896,2025-03-07 07:38:42,CUST0325,P001,Wireless Mouse,Electronics,4,599.0,25,1797.0,Cash,Pune,Store
TXN002897,2025-11-14 12:19:45,CUST0471,P005,Ball Pen Pack,Stationery,1,100.0,25,75.0,Card,Mumbai,Online
TXN002898,2025-09-16 23:35:55,CUST0070,P003,USB-C Cable,Electronics,4,299.0,10,1076.4,Cash,Mumbai,Online
TXN002899,2025-03-03 07:48:55,CUST0441,P007,Running Shoes,Fashion,1,2500.0,0,2500.0,Cash,Mumbai,Store
TXN002900,2025-03-25 08:12:20,CUST0442,P012,Power Bank,Electronics,2,1500.0,10,2700.0,Cash,Bengaluru,Store
TXN002901,2025-01-13 10:10:27,CUST0225,P005,Ball Pen Pack,Stationery,1,100.0,15,85.0,UPI,Bengaluru,Online
TXN002902,2025-11-24 23:32:30,CUST0067,P008,Coffee Mug,Home,5,250.0,20,1000.0,UPI,Delhi,Store
TXN002903,2025-09-08 01:42:25,CUST0015,P004,Notebook,Stationery,1,150.0,0,150.0,UPI,Bengaluru,Store
TXN002904,2025-09-21 03:06:56,CUST0319,P004,Notebook,Stationery,3,150.0,25,337.5,UPI,Pune,Online
TXN002905,2025-01-02 04:00:04,CUST0143,P006,Backpack,Fashion,2,1200.0,0,2400.0,Card,Bengaluru,Online
TXN002906,2025-07-16 16:45:25,CUST0314,P012,Power Bank,Electronics,3,1500.0,0,4500.0,UPI,Hyderabad,Store
TXN002907,2025-09-01 10:46:04,CUST0315,P002,Mechanical Keyboard,Electronics,2,3500.0,25,5250.0,Cash,Hyderabad,Online
TXN002908,2025-07-31 19:54:02,CUST0184,P006,Backpack,Fashion,2,1200.0,10,2160.0,Cash,Pune,Online
TXN002909,2025-05-21 07:59:19,CUST0199,P002,Mechanical Keyboard,Electronics,1,3500.0,0,3500.0,Wallet,Bengaluru,Online
TXN002910,2025-09-08 03:40:59,CUST0010,P007,Running Shoes,Fashion,5,2500.0,15,10625.0,UPI,Mumbai,Store
TXN002911,2025-10-06 12:07:30,CUST0225,P008,Coffee Mug,Home,3,250.0,0,750.0,Card,Bengaluru,Store
TXN002912,2025-09-27 16:10:01,CUST0349,P003,USB-C Cable,Electronics,2,299.0,25,448.5,Card,Hyderabad,Store
TXN002913,2025-04-30 03:10:48,CUST0298,P012,Power Bank,Electronics,3,1500.0,5,4275.0,UPI,Mumbai,Store
TXN002914,2025-07-10 14:22:07,CUST0235,P007,Running Shoes,Fashion,2,2500.0,10,4500.0,Cash,Mumbai,Online
TXN002915,2025-03-04 09:38:49,CUST0325,P006,Backpack,Fashion,1,1200.0,0,1200.0,Wallet,Pune,Store
TXN002916,2025-05-02 14:20:13,CUST0131,P003,USB-C Cable,Electronics,4,299.0,5,1136.2,Cash,Mumbai,Store
TXN002917,2025-07-28 15:25:46,CUST0131,P003,USB-C Cable,Electronics,5,299.0,0,1495.0,Card,Chennai,Online
TXN002918,2025-03-26 23:41:28,CUST0405,P004,Notebook,Stationery,3,150.0,10,405.0,UPI,Mumbai,Online
TXN002919,2025-10-14 07:28:12,CUST0404,P001,Wireless Mouse,Electronics,5,599.0,0,2995.0,Wallet,Chennai,Online
TXN002920,2025-05-19 07:44:25,CUST0126,P001,Wireless Mouse,Electronics,5,599.0,20,2396.0,Wallet,Hyderabad,Store
TXN002921,2025-04-05 08:41:52,CUST0008,P003,USB-C Cable,Electronics,1,299.0,0,299.0,Wallet,Bengaluru,Store
TXN002922,2025-03-27 10:01:37,CUST0407,P003,USB-C Cable,Electronics,5,299.0,0,1495.0,Cash,Chennai,Store
TXN002923,2025-12-25 15:55:11,CUST0467,P008,Coffee Mug,Home,3,250.0,20,600.0,Wallet,Delhi,Online
TXN002924,2025-02-04 01:40:24,CUST0088,P010,Desk Lamp,Home,5,850.0,15,3612.5,Cash,Pune,Store
TXN002925,2025-01-19 00:43:25,CUST0119,P004,Notebook,Stationery,4,150.0,25,450.0,Card,Mumbai,Online
TXN002926,2025-06-27 16:53:26,CUST0190,P006,Backpack,Fashion,5,1200.0,5,5700.0,UPI,Delhi,Store
TXN002927,2025-06-29 22:53:46,CUST0456,P001,Wireless Mouse,Electronics,5,599.0,5,2845.25,UPI,Bengaluru,Online
TXN002928,2025-02-05 06:38:06,CUST0411,P006,Backpack,Fashion,2,1200.0,5,2280.0,UPI,Pune,Online
TXN002929,2025-06-17 13:23:48,CUST0359,P003,USB-C Cable,Electronics,1,299.0,25,224.25,Card,Mumbai,Store
TXN002930,2025-12-19 04:57:40,CUST0467,P009,Water Bottle,Home,1,450.0,20,360.0,Wallet,Chennai,Online
TXN002931,2025-09-24 13:40:09,CUST0188,P010,Desk Lamp,Home,1,850.0,15,722.5,UPI,Mumbai,Store
TXN002932,2025-03-24 02:43:34,CUST0275,P006,Backpack,Fashion,3,1200.0,20,2880.0,UPI,Chennai,Store
TXN002933,2025-08-09 23:13:54,CUST0384,P008,Coffee Mug,Home,4,250.0,5,950.0,UPI,Bengaluru,Online
TXN002934,2025-10-03 06:46:18,CUST0026,P006,Backpack,Fashion,2,1200.0,15,2040.0,Card,Mumbai,Store
TXN002935,2025-08-25 09:05:22,CUST0483,P003,USB-C Cable,Electronics,5,299.0,20,1196.0,Wallet,Pune,Store
TXN002936,2025-05-09 19:39:26,CUST0493,P005,Ball Pen Pack,Stationery,1,100.0,25,75.0,UPI,Hyderabad,Online
TXN002937,2025-03-07 07:00:16,CUST0370,P008,Coffee Mug,Home,2,250.0,0,500.0,UPI,Pune,Online
TXN002938,2025-08-27 20:36:21,CUST0151,P009,Water Bottle,Home,2,450.0,25,675.0,Card,Pune,Online
TXN002939,2025-01-23 23:24:26,CUST0130,P002,Mechanical Keyboard,Electronics,3,3500.0,10,9450.0,Wallet,Delhi,Online
TXN002940,2025-10-11 22:44:23,CUST0068,P012,Power Bank,Electronics,5,1500.0,25,5625.0,UPI,Mumbai,Store
TXN002941,2025-05-20 18:31:31,CUST0296,P010,Desk Lamp,Home,2,850.0,25,1275.0,UPI,Chennai,Online
TXN002942,2025-10-13 17:24:02,CUST0322,P012,Power Bank,Electronics,1,1500.0,5,1425.0,UPI,Chennai,Online
TXN002943,2025-01-20 16:37:47,CUST0142,P012,Power Bank,Electronics,2,1500.0,5,2850.0,Card,Pune,Store
TXN002944,2025-07-13 09:56:53,CUST0184,P003,USB-C Cable,Electronics,1,299.0,5,284.05,Cash,Chennai,Online
TXN002945,2025-01-17 02:08:40,CUST0461,P003,USB-C Cable,Electronics,5,299.0,0,1495.0,Wallet,Delhi,Online
TXN002946,2025-06-08 02:59:15,CUST0130,P007,Running Shoes,Fashion,2,2500.0,0,5000.0,UPI,Delhi,Online
TXN002947,2025-12-30 01:55:29,CUST0425,P008,Coffee Mug,Home,4,250.0,15,850.0,Cash,Bengaluru,Online
TXN002948,2025-08-26 07:54:49,CUST0276,P004,Notebook,Stationery,2,150.0,0,300.0,UPI,Chennai,Online
TXN002949,2025-08-21 07:46:03,CUST0046,P007,Running Shoes,Fashion,1,2500.0,15,2125.0,Cash,Bengaluru,Online
TXN002950,2025-12-01 05:22:44,CUST0484,P003,USB-C Cable,Electronics,5,299.0,25,1121.25,Card,Mumbai,Online
TXN002951,2025-04-13 09:35:18,CUST0127,P012,Power Bank,Electronics,5,1500.0,10,6750.0,UPI,Hyderabad,Store
TXN002952,2025-06-02 04:36:19,CUST0084,P003,USB-C Cable,Electronics,5,299.0,0,1495.0,Card,Mumbai,Store
TXN002953,2025-07-09 01:45:04,CUST0008,P009,Water Bottle,Home,1,450.0,10,405.0,Wallet,Hyderabad,Store
TXN002954,2025-11-23 16:54:42,CUST0214,P007,Running Shoes,Fashion,4,2500.0,0,10000.0,Wallet,Pune,Store
TXN002955,2025-12-28 02:56:16,CUST0079,P002,Mechanical Keyboard,Electronics,5,3500.0,20,14000.0,Wallet,Delhi,Store
TXN002956,2025-01-24 11:23:02,CUST0156,P010,Desk Lamp,Home,3,850.0,10,2295.0,Cash,Chennai,Online
TXN002957,2025-06-21 06:11:14,CUST0495,P007,Running Shoes,Fashion,4,2500.0,5,9500.0,Cash,Hyderabad,Online
TXN002958,2025-10-06 13:31:54,CUST0116,P010,Desk Lamp,Home,4,850.0,10,3060.0,UPI,Delhi,Store
TXN002959,2025-03-06 23:06:51,CUST0233,P004,Notebook,Stationery,2,150.0,5,285.0,Wallet,Pune,Store
TXN002960,2025-12-09 13:26:03,CUST0428,P002,Mechanical Keyboard,Electronics,1,3500.0,10,3150.0,Card,Delhi,Online
TXN002961,2025-11-02 04:28:14,CUST0211,P011,Smart Watch,Electronics,2,4999.0,25,7498.5,Cash,Chennai,Store
TXN002962,2025-04-14 12:28:23,CUST0345,P003,USB-C Cable,Electronics,1,299.0,25,224.25,UPI,Hyderabad,Store
TXN002963,2025-08-19 17:35:10,CUST0487,P011,Smart Watch,Electronics,5,4999.0,0,24995.0,Wallet,Pune,Online
TXN002964,2025-10-09 07:28:36,CUST0160,P012,Power Bank,Electronics,1,1500.0,25,1125.0,Wallet,Delhi,Online
TXN002965,2025-03-20 01:34:43,CUST0287,P006,Backpack,Fashion,2,1200.0,5,2280.0,Cash,Bengaluru,Online
TXN002966,2025-12-12 05:44:22,CUST0188,P011,Smart Watch,Electronics,1,4999.0,10,4499.1,Card,Pune,Online
TXN002967,2025-04-12 06:17:31,CUST0487,P004,Notebook,Stationery,1,150.0,25,112.5,Card,Mumbai,Online
TXN002968,2025-10-02 08:10:46,CUST0428,P006,Backpack,Fashion,5,1200.0,15,5100.0,Wallet,Mumbai,Store
TXN002969,2025-10-07 03:24:11,CUST0137,P006,Backpack,Fashion,4,1200.0,25,3600.0,Wallet,Chennai,Store
TXN002970,2025-07-13 22:33:15,CUST0170,P008,Coffee Mug,Home,4,250.0,20,800.0,Cash,Chennai,Store
TXN002971,2025-03-19 10:14:51,CUST0185,P004,Notebook,Stationery,4,150.0,10,540.0,Wallet,Delhi,Store
TXN002972,2025-05-31 03:55:30,CUST0477,P012,Power Bank,Electronics,5,1500.0,20,6000.0,Wallet,Mumbai,Store
TXN002973,2025-03-23 00:29:43,CUST0464,P005,Ball Pen Pack,Stationery,2,100.0,0,200.0,Card,Delhi,Store
TXN002974,2025-05-24 16:04:56,CUST0012,P009,Water Bottle,Home,1,450.0,20,360.0,Cash,Hyderabad,Store
TXN002975,2025-07-17 07:19:40,CUST0045,P006,Backpack,Fashion,2,1200.0,15,2040.0,Card,Delhi,Store
TXN002976,2025-08-12 14:04:02,CUST0196,P007,Running Shoes,Fashion,3,2500.0,15,6375.0,Card,Mumbai,Online
TXN002977,2025-01-06 06:15:36,CUST0233,P005,Ball Pen Pack,Stationery,2,100.0,5,190.0,Cash,Chennai,Online
TXN002978,2025-04-14 04:27:27,CUST0093,P007,Running Shoes,Fashion,1,2500.0,10,2250.0,UPI,Chennai,Store
TXN002979,2025-09-10 16:38:19,CUST0279,P010,Desk Lamp,Home,2,850.0,5,1615.0,Card,Bengaluru,Online
TXN002980,2025-04-27 21:29:57,CUST0398,P006,Backpack,Fashion,3,1200.0,5,3420.0,UPI,Bengaluru,Store
TXN002981,2025-03-27 10:38:54,CUST0337,P008,Coffee Mug,Home,2,250.0,0,500.0,UPI,Mumbai,Online
TXN002982,2025-07-12 12:05:41,CUST0482,P009,Water Bottle,Home,3,450.0,5,1282.5,Card,Mumbai,Online
TXN002983,2025-05-24 01:22:01,CUST0374,P009,Water Bottle,Home,4,450.0,0,1800.0,Cash,Delhi,Online
TXN002984,2025-03-23 05:05:43,CUST0186,P011,Smart Watch,Electronics,3,4999.0,25,11247.75,Card,Bengaluru,Store
TXN002985,2025-04-11 21:09:12,CUST0137,P011,Smart Watch,Electronics,4,4999.0,0,19996.0,UPI,Bengaluru,Online
TXN002986,2025-09-07 15:28:39,CUST0495,P003,USB-C Cable,Electronics,1,299.0,25,224.25,Wallet,Delhi,Online
TXN002987,2025-03-28 10:27:01,CUST0464,P008,Coffee Mug,Home,4,250.0,15,850.0,Card,Hyderabad,Store
TXN002988,2025-06-05 11:06:46,CUST0350,P006,Backpack,Fashion,4,1200.0,5,4560.0,Card,Bengaluru,Online
TXN002989,2025-02-13 07:01:24,CUST0143,P001,Wireless Mouse,Electronics,1,599.0,25,449.25,Cash,Pune,Store
TXN002990,2025-12-29 02:52:06,CUST0275,P002,Mechanical Keyboard,Electronics,1,3500.0,10,3150.0,Cash,Chennai,Online
TXN002991,2025-01-15 02:57:38,CUST0013,P003,USB-C Cable,Electronics,4,299.0,25,897.0,Card,Chennai,Online
TXN002992,2025-01-26 12:29:08,CUST0159,P003,USB-C Cable,Electronics,3,299.0,15,762.45,Card,Mumbai,Store
TXN002993,2025-01-11 06:42:57,CUST0310,P005,Ball Pen Pack,Stationery,2,100.0,20,160.0,UPI,Pune,Store
TXN002994,2025-07-25 11:26:40,CUST0413,P011,Smart Watch,Electronics,1,4999.0,15,4249.15,Card,Mumbai,Online
TXN002995,2025-02-17 05:36:35,CUST0102,P007,Running Shoes,Fashion,5,2500.0,10,11250.0,Cash,Chennai,Online
TXN002996,2025-07-21 05:01:06,CUST0398,P007,Running Shoes,Fashion,2,2500.0,25,3750.0,UPI,Hyderabad,Online
TXN002997,2025-08-12 13:06:23,CUST0372,P011,Smart Watch,Electronics,4,4999.0,5,18996.2,Cash,Pune,Store
TXN002998,2025-08-27 23:39:59,CUST0181,P011,Smart Watch,Electronics,2,4999.0,5,9498.1,Card,Pune,Online
TXN002999,2025-09-06 12:38:30,CUST0355,P008,Coffee Mug,Home,2,250.0,25,375.0,Card,Hyderabad,Online
TXN003000,2025-01-01 13:16:27,CUST0148,P006,Backpack,Fashion,4,1200.0,25,3600.0,Card,Delhi,Online
TXN003001,2025-02-20 04:15:21,CUST0117,P007,Running Shoes,Fashion,4,2500.0,0,10000.0,Cash,Mumbai,Store
TXN003002,2025-06-04 05:12:11,CUST0047,P001,Wireless Mouse,Electronics,5,599.0,15,2545.75,UPI,Hyderabad,Online
TXN003003,2025-06-01 02:34:52,CUST0311,P008,Coffee Mug,Home,1,250.0,20,200.0,Card,Pune,Store
TXN003004,2025-01-15 23:32:21,CUST0051,P001,Wireless Mouse,Electronics,4,599.0,0,2396.0,Card,Bengaluru,Online
TXN003005,2025-05-18 13:34:36,CUST0331,P009,Water Bottle,Home,2,450.0,20,720.0,Card,Chennai,Online
TXN003006,2025-11-30 14:44:28,CUST0253,P011,Smart Watch,Electronics,4,4999.0,25,14997.0,Cash,Hyderabad,Store
TXN003007,2025-10-30 16:04:30,CUST0207,P008,Coffee Mug,Home,2,250.0,10,450.0,Wallet,Delhi,Online
TXN003008,2025-02-26 08:52:59,CUST0108,P004,Notebook,Stationery,2,150.0,5,285.0,Card,Chennai,Online
TXN003009,2025-09-04 12:12:34,CUST0055,P010,Desk Lamp,Home,3,850.0,10,2295.0,Card,Delhi,Online
TXN003010,2025-10-06 14:13:56,CUST0418,P011,Smart Watch,Electronics,2,4999.0,5,9498.1,Cash,Bengaluru,Online
TXN003011,2025-05-27 10:08:44,CUST0094,P010,Desk Lamp,Home,3,850.0,5,2422.5,Cash,Chennai,Online
TXN003012,2025-12-16 14:38:29,CUST0200,P004,Notebook,Stationery,4,150.0,5,570.0,UPI,Chennai,Online
TXN003013,2025-07-26 10:36:58,CUST0029,P005,Ball Pen Pack,Stationery,4,100.0,25,300.0,Wallet,Delhi,Online
TXN003014,2025-11-18 10:28:22,CUST0121,P001,Wireless Mouse,Electronics,4,599.0,25,1797.0,Cash,Pune,Store
TXN003015,2025-10-27 21:08:52,CUST0063,P011,Smart Watch,Electronics,5,4999.0,10,22495.5,Card,Mumbai,Online
TXN003016,2025-03-27 08:13:58,CUST0397,P007,Running Shoes,Fashion,2,2500.0,15,4250.0,UPI,Hyderabad,Store
TXN003017,2025-09-15 20:39:02,CUST0205,P004,Notebook,Stationery,5,150.0,25,562.5,Wallet,Chennai,Store
TXN003018,2025-05-30 22:51:53,CUST0033,P006,Backpack,Fashion,3,1200.0,15,3060.0,UPI,Delhi,Store
TXN003019,2025-04-08 15:28:12,CUST0292,P002,Mechanical Keyboard,Electronics,2,3500.0,25,5250.0,UPI,Delhi,Online
TXN003020,2025-06-16 06:21:31,CUST0369,P005,Ball Pen Pack,Stationery,1,100.0,0,100.0,Cash,Delhi,Store
TXN003021,2025-04-16 11:40:27,CUST0009,P010,Desk Lamp,Home,1,850.0,20,680.0,Wallet,Hyderabad,Online
TXN003022,2025-08-18 11:54:35,CUST0165,P008,Coffee Mug,Home,5,250.0,15,1062.5,Cash,Pune,Online
TXN003023,2025-07-05 07:27:25,CUST0412,P001,Wireless Mouse,Electronics,2,599.0,0,1198.0,Cash,Pune,Store
TXN003024,2025-03-03 11:25:22,CUST0342,P001,Wireless Mouse,Electronics,1,599.0,20,479.2,Wallet,Mumbai,Online
TXN003025,2025-10-11 02:26:17,CUST0339,P002,Mechanical Keyboard,Electronics,2,3500.0,10,6300.0,UPI,Pune,Online
TXN003026,2025-10-20 00:11:42,CUST0367,P007,Running Shoes,Fashion,5,2500.0,15,10625.0,Wallet,Hyderabad,Store
TXN003027,2025-06-07 16:02:23,CUST0019,P010,Desk Lamp,Home,5,850.0,15,3612.5,Card,Mumbai,Online
TXN003028,2025-06-15 13:59:09,CUST0252,P008,Coffee Mug,Home,2,250.0,0,500.0,Card,Pune,Store
TXN003029,2025-09-11 05:24:01,CUST0200,P011,Smart Watch,Electronics,1,4999.0,15,4249.15,Cash,Chennai,Store
TXN003030,2025-09-09 22:46:22,CUST0279,P007,Running Shoes,Fashion,3,2500.0,5,7125.0,Card,Chennai,Store
TXN003031,2025-03-20 20:14:23,CUST0060,P010,Desk Lamp,Home,1,850.0,25,637.5,Wallet,Delhi,Store
TXN003032,2025-03-15 03:47:33,CUST0016,P009,Water Bottle,Home,5,450.0,25,1687.5,Cash,Pune,Online
TXN003033,2025-02-18 10:11:15,CUST0075,P001,Wireless Mouse,Electronics,2,599.0,0,1198.0,UPI,Delhi,Online
TXN003034,2025-10-28 19:45:20,CUST0179,P008,Coffee Mug,Home,4,250.0,10,900.0,Cash,Hyderabad,Store
TXN003035,2025-11-07 12:15:40,CUST0472,P005,Ball Pen Pack,Stationery,4,100.0,0,400.0,UPI,Mumbai,Online
TXN003036,2025-06-13 10:44:42,CUST0496,P009,Water Bottle,Home,4,450.0,15,1530.0,Cash,Delhi,Store
TXN003037,2025-07-12 18:53:36,CUST0206,P005,Ball Pen Pack,Stationery,5,100.0,15,425.0,Wallet,Delhi,Online
TXN003038,2025-06-13 00:43:21,CUST0418,P004,Notebook,Stationery,4,150.0,10,540.0,Wallet,Chennai,Online
TXN003039,2025-04-10 18:46:32,CUST0440,P006,Backpack,Fashion,1,1200.0,0,1200.0,Wallet,Pune,Store
TXN003040,2025-05-03 05:32:24,CUST0358,P004,Notebook,Stationery,4,150.0,5,570.0,UPI,Hyderabad,Store
TXN003041,2025-04-16 18:56:54,CUST0290,P007,Running Shoes,Fashion,5,2500.0,5,11875.0,Wallet,Bengaluru,Online
TXN003042,2025-02-12 16:26:06,CUST0452,P011,Smart Watch,Electronics,5,4999.0,25,18746.25,Cash,Pune,Store
TXN003043,2025-03-28 12:05:19,CUST0165,P004,Notebook,Stationery,1,150.0,25,112.5,Cash,Hyderabad,Store
TXN003044,2025-10-07 05:42:48,CUST0005,P003,USB-C Cable,Electronics,3,299.0,10,807.3,UPI,Pune,Online
TXN003045,2025-06-29 16:25:14,CUST0212,P011,Smart Watch,Electronics,2,4999.0,15,8498.3,Cash,Pune,Online
TXN003046,2025-11-28 09:34:08,CUST0161,P010,Desk Lamp,Home,3,850.0,20,2040.0,Cash,Hyderabad,Store
TXN003047,2025-05-16 09:56:30,CUST0473,P005,Ball Pen Pack,Stationery,4,100.0,25,300.0,Wallet,Pune,Store
TXN003048,2025-05-09 07:37:18,CUST0386,P005,Ball Pen Pack,Stationery,3,100.0,25,225.0,Card,Delhi,Store
TXN003049,2025-11-02 01:59:33,CUST0038,P005,Ball Pen Pack,Stationery,5,100.0,0,500.0,Wallet,Hyderabad,Online
TXN003050,2025-10-20 10:17:46,CUST0312,P004,Notebook,Stationery,3,150.0,10,405.0,Wallet,Delhi,Online
TXN003051,2025-08-12 06:38:31,CUST0452,P005,Ball Pen Pack,Stationery,4,100.0,10,360.0,UPI,Hyderabad,Online
TXN003052,2025-02-26 17:47:21,CUST0115,P001,Wireless Mouse,Electronics,5,599.0,10,2695.5,Wallet,Pune,Store
TXN003053,2025-10-08 23:56:16,CUST0479,P004,Notebook,Stationery,5,150.0,25,562.5,Cash,Mumbai,Online
TXN003054,2025-03-03 05:48:30,CUST0054,P001,Wireless Mouse,Electronics,5,599.0,15,2545.75,Card,Mumbai,Online
TXN003055,2025-02-14 17:12:55,CUST0441,P008,Coffee Mug,Home,1,250.0,15,212.5,Cash,Delhi,Store
TXN003056,2025-03-16 20:14:49,CUST0147,P011,Smart Watch,Electronics,4,4999.0,10,17996.4,Cash,Bengaluru,Online
TXN003057,2025-11-30 15:47:52,CUST0399,P003,USB-C Cable,Electronics,1,299.0,5,284.05,UPI,Mumbai,Store
TXN003058,2025-04-19 00:25:51,CUST0291,P007,Running Shoes,Fashion,3,2500.0,15,6375.0,UPI,Pune,Online
TXN003059,2025-08-09 00:50:53,CUST0028,P001,Wireless Mouse,Electronics,2,599.0,25,898.5,Cash,Mumbai,Online
TXN003060,2025-10-30 10:48:13,CUST0059,P004,Notebook,Stationery,4,150.0,10,540.0,Wallet,Delhi,Store
TXN003061,2025-03-15 21:51:37,CUST0170,P010,Desk Lamp,Home,3,850.0,25,1912.5,Wallet,Mumbai,Store
TXN003062,2025-11-10 01:59:49,CUST0041,P010,Desk Lamp,Home,5,850.0,5,4037.5,UPI,Delhi,Store
TXN003063,2025-08-03 14:08:37,CUST0153,P004,Notebook,Stationery,3,150.0,25,337.5,Cash,Bengaluru,Store
TXN003064,2025-03-27 22:32:48,CUST0044,P002,Mechanical Keyboard,Electronics,2,3500.0,20,5600.0,Cash,Mumbai,Online
TXN003065,2025-04-26 04:43:49,CUST0456,P003,USB-C Cable,Electronics,2,299.0,15,508.3,Card,Chennai,Online
TXN003066,2025-01-14 00:06:25,CUST0440,P004,Notebook,Stationery,2,150.0,10,270.0,Wallet,Delhi,Online
TXN003067,2025-04-13 23:07:36,CUST0209,P004,Notebook,Stationery,1,150.0,0,150.0,Cash,Pune,Store
TXN003068,2025-10-05 08:52:43,CUST0297,P007,Running Shoes,Fashion,5,2500.0,25,9375.0,Wallet,Hyderabad,Online
TXN003069,2025-01-13 16:30:07,CUST0283,P011,Smart Watch,Electronics,3,4999.0,25,11247.75,Card,Hyderabad,Store
TXN003070,2025-05-29 03:10:36,CUST0386,P010,Desk Lamp,Home,1,850.0,5,807.5,UPI,Chennai,Store
TXN003071,2025-06-20 03:53:34,CUST0456,P005,Ball Pen Pack,Stationery,1,100.0,15,85.0,Cash,Pune,Online
TXN003072,2025-04-28 07:45:29,CUST0107,P006,Backpack,Fashion,1,1200.0,5,1140.0,Card,Hyderabad,Store
TXN003073,2025-01-19 05:26:05,CUST0084,P003,USB-C Cable,Electronics,5,299.0,20,1196.0,Cash,Bengaluru,Store
TXN003074,2025-05-12 09:33:41,CUST0093,P008,Coffee Mug,Home,3,250.0,25,562.5,Card,Pune,Online
TXN003075,2025-02-21 20:05:30,CUST0267,P003,USB-C Cable,Electronics,5,299.0,5,1420.25,UPI,Pune,Online
TXN003076,2025-02-22 05:05:26,CUST0170,P007,Running Shoes,Fashion,5,2500.0,0,12500.0,Card,Pune,Online
TXN003077,2025-03-31 05:09:45,CUST0012,P004,Notebook,Stationery,2,150.0,10,270.0,Wallet,Bengaluru,Store
TXN003078,2025-01-27 07:12:13,CUST0376,P012,Power Bank,Electronics,1,1500.0,25,1125.0,Wallet,Bengaluru,Store
TXN003079,2025-12-29 06:27:46,CUST0418,P001,Wireless Mouse,Electronics,4,599.0,15,2036.6,Card,Bengaluru,Store
TXN003080,2025-10-19 14:55:49,CUST0417,P006,Backpack,Fashion,2,1200.0,25,1800.0,UPI,Pune,Store
TXN003081,2025-09-07 05:35:22,CUST0190,P004,Notebook,Stationery,1,150.0,0,150.0,Card,Pune,Store
TXN003082,2025-11-13 22:16:28,CUST0250,P003,USB-C Cable,Electronics,2,299.0,0,598.0,Card,Delhi,Online
TXN003083,2025-01-19 02:57:55,CUST0066,P009,Water Bottle,Home,3,450.0,15,1147.5,UPI,Hyderabad,Online
TXN003084,2025-02-05 06:56:29,CUST0233,P012,Power Bank,Electronics,2,1500.0,5,2850.0,Card,Delhi,Online
TXN003085,2025-12-09 04:15:40,CUST0192,P001,Wireless Mouse,Electronics,4,599.0,25,1797.0,Wallet,Delhi,Store
TXN003086,2025-10-11 08:48:21,CUST0398,P002,Mechanical Keyboard,Electronics,4,3500.0,25,10500.0,Wallet,Delhi,Store
TXN003087,2025-06-10 18:00:49,CUST0055,P010,Desk Lamp,Home,5,850.0,5,4037.5,Cash,Mumbai,Store
TXN003088,2025-05-20 17:12:47,CUST0328,P009,Water Bottle,Home,2,450.0,20,720.0,Wallet,Pune,Store
TXN003089,2025-09-02 05:58:50,CUST0076,P006,Backpack,Fashion,5,1200.0,0,6000.0,Card,Pune,Store
TXN003090,2025-08-21 13:11:40,CUST0021,P010,Desk Lamp,Home,3,850.0,15,2167.5,Wallet,Hyderabad,Store
TXN003091,2025-10-04 18:01:15,CUST0131,P009,Water Bottle,Home,2,450.0,5,855.0,Wallet,Pune,Online
TXN003092,2025-06-25 07:04:07,CUST0294,P002,Mechanical Keyboard,Electronics,2,3500.0,0,7000.0,Card,Mumbai,Online
TXN003093,2025-01-19 07:26:06,CUST0062,P009,Water Bottle,Home,4,450.0,20,1440.0,UPI,Pune,Store
TXN003094,2025-09-25 07:58:49,CUST0284,P007,Running Shoes,Fashion,5,2500.0,0,12500.0,UPI,Bengaluru,Online
TXN003095,2025-12-02 03:18:46,CUST0423,P008,Coffee Mug,Home,3,250.0,25,562.5,UPI,Chennai,Online
TXN003096,2025-08-21 08:13:36,CUST0078,P006,Backpack,Fashion,1,1200.0,20,960.0,Cash,Chennai,Store
TXN003097,2025-03-11 04:58:13,CUST0307,P006,Backpack,Fashion,1,1200.0,15,1020.0,UPI,Pune,Online
TXN003098,2025-02-25 04:30:51,CUST0464,P008,Coffee Mug,Home,4,250.0,25,750.0,Cash,Pune,Online
TXN003099,2025-08-05 12:48:05,CUST0233,P003,USB-C Cable,Electronics,2,299.0,0,598.0,Cash,Delhi,Online
TXN003100,2025-02-26 01:21:52,CUST0058,P007,Running Shoes,Fashion,2,2500.0,15,4250.0,Cash,Chennai,Store
TXN003101,2025-08-18 13:28:32,CUST0451,P011,Smart Watch,Electronics,4,4999.0,5,18996.2,Card,Chennai,Online
TXN003102,2025-09-26 21:13:34,CUST0277,P004,Notebook,Stationery,2,150.0,10,270.0,Cash,Delhi,Store
TXN003103,2025-12-07 16:10:52,CUST0464,P001,Wireless Mouse,Electronics,3,599.0,20,1437.6,Wallet,Hyderabad,Store
TXN003104,2025-01-05 13:27:28,CUST0139,P008,Coffee Mug,Home,1,250.0,5,237.5,UPI,Delhi,Store
TXN003105,2025-10-25 11:13:12,CUST0260,P011,Smart Watch,Electronics,3,4999.0,0,14997.0,Cash,Pune,Store
TXN003106,2025-07-12 22:50:22,CUST0132,P010,Desk Lamp,Home,2,850.0,15,1445.0,Wallet,Chennai,Online
TXN003107,2025-03-04 02:55:10,CUST0486,P010,Desk Lamp,Home,3,850.0,15,2167.5,Card,Delhi,Online
TXN003108,2025-06-25 16:12:45,CUST0472,P008,Coffee Mug,Home,4,250.0,10,900.0,Card,Pune,Store
TXN003109,2025-08-09 07:02:53,CUST0079,P001,Wireless Mouse,Electronics,4,599.0,0,2396.0,Wallet,Delhi,Online
TXN003110,2025-02-25 01:17:52,CUST0415,P010,Desk Lamp,Home,2,850.0,0,1700.0,Cash,Hyderabad,Online
TXN003111,2025-02-28 14:34:38,CUST0304,P005,Ball Pen Pack,Stationery,1,100.0,0,100.0,Cash,Bengaluru,Online
TXN003112,2025-01-17 07:51:19,CUST0078,P010,Desk Lamp,Home,3,850.0,10,2295.0,Wallet,Pune,Store
TXN003113,2025-04-05 21:38:06,CUST0238,P011,Smart Watch,Electronics,2,4999.0,25,7498.5,Wallet,Pune,Store
TXN003114,2025-09-15 21:40:37,CUST0392,P003,USB-C Cable,Electronics,1,299.0,15,254.15,Wallet,Mumbai,Store
TXN003115,2025-09-15 13:53:40,CUST0133,P010,Desk Lamp,Home,5,850.0,0,4250.0,Cash,Mumbai,Online
TXN003116,2025-03-21 12:31:36,CUST0371,P002,Mechanical Keyboard,Electronics,2,3500.0,25,5250.0,UPI,Mumbai,Store
TXN003117,2025-08-11 21:06:15,CUST0274,P004,Notebook,Stationery,2,150.0,0,300.0,UPI,Pune,Online
TXN003118,2025-02-06 15:30:36,CUST0487,P003,USB-C Cable,Electronics,1,299.0,10,269.1,Cash,Hyderabad,Online
TXN003119,2025-10-04 05:07:58,CUST0191,P009,Water Bottle,Home,2,450.0,15,765.0,Wallet,Hyderabad,Store
TXN003120,2025-06-05 21:54:36,CUST0153,P001,Wireless Mouse,Electronics,1,599.0,20,479.2,UPI,Hyderabad,Store
TXN003121,2025-04-12 19:21:28,CUST0285,P009,Water Bottle,Home,1,450.0,15,382.5,Cash,Delhi,Online
TXN003122,2025-11-22 03:00:19,CUST0429,P011,Smart Watch,Electronics,1,4999.0,0,4999.0,Wallet,Pune,Store
TXN003123,2025-06-21 18:00:51,CUST0327,P009,Water Bottle,Home,4,450.0,5,1710.0,Cash,Hyderabad,Store
TXN003124,2025-10-29 08:16:11,CUST0378,P007,Running Shoes,Fashion,4,2500.0,10,9000.0,Wallet,Chennai,Store
TXN003125,2025-10-29 00:11:00,CUST0382,P002,Mechanical Keyboard,Electronics,5,3500.0,15,14875.0,Card,Pune,Store
TXN003126,2025-09-13 17:42:07,CUST0093,P002,Mechanical Keyboard,Electronics,5,3500.0,5,16625.0,Wallet,Pune,Online
TXN003127,2025-01-30 04:01:02,CUST0099,P003,USB-C Cable,Electronics,1,299.0,10,269.1,UPI,Mumbai,Store
TXN003128,2025-03-05 08:09:25,CUST0314,P005,Ball Pen Pack,Stationery,5,100.0,5,475.0,UPI,Delhi,Store
TXN003129,2025-12-31 03:37:59,CUST0262,P010,Desk Lamp,Home,1,850.0,0,850.0,Wallet,Hyderabad,Store
TXN003130,2025-03-01 14:01:03,CUST0423,P007,Running Shoes,Fashion,5,2500.0,20,10000.0,Cash,Hyderabad,Online
TXN003131,2025-09-11 02:10:10,CUST0083,P009,Water Bottle,Home,2,450.0,0,900.0,UPI,Mumbai,Online
TXN003132,2025-12-06 21:18:01,CUST0222,P007,Running Shoes,Fashion,4,2500.0,0,10000.0,Card,Chennai,Online
TXN003133,2025-01-25 05:29:52,CUST0003,P006,Backpack,Fashion,2,1200.0,25,1800.0,Card,Hyderabad,Store
TXN003134,2025-03-17 02:32:31,CUST0279,P007,Running Shoes,Fashion,2,2500.0,0,5000.0,UPI,Delhi,Online
TXN003135,2025-05-07 20:28:54,CUST0415,P003,USB-C Cable,Electronics,3,299.0,5,852.15,Card,Hyderabad,Online
TXN003136,2025-12-30 05:47:29,CUST0182,P009,Water Bottle,Home,2,450.0,15,765.0,Card,Chennai,Online
TXN003137,2025-01-24 03:53:49,CUST0231,P007,Running Shoes,Fashion,5,2500.0,25,9375.0,Wallet,Pune,Store
TXN003138,2025-10-21 17:06:04,CUST0224,P004,Notebook,Stationery,2,150.0,5,285.0,Card,Hyderabad,Store
TXN003139,2025-09-19 10:26:42,CUST0405,P004,Notebook,Stationery,2,150.0,15,255.0,Wallet,Chennai,Online
TXN003140,2025-07-16 09:04:33,CUST0173,P011,Smart Watch,Electronics,1,4999.0,25,3749.25,Wallet,Pune,Store
TXN003141,2025-06-26 15:44:59,CUST0054,P004,Notebook,Stationery,4,150.0,20,480.0,Cash,Mumbai,Online
TXN003142,2025-01-29 21:19:26,CUST0098,P003,USB-C Cable,Electronics,5,299.0,5,1420.25,Card,Pune,Online
TXN003143,2025-02-08 12:08:20,CUST0345,P009,Water Bottle,Home,5,450.0,25,1687.5,Card,Delhi,Online
TXN003144,2025-06-29 01:38:19,CUST0378,P010,Desk Lamp,Home,1,850.0,20,680.0,Wallet,Delhi,Online
TXN003145,2025-06-07 16:45:33,CUST0488,P008,Coffee Mug,Home,4,250.0,15,850.0,UPI,Chennai,Online
TXN003146,2025-06-14 01:54:36,CUST0387,P011,Smart Watch,Electronics,3,4999.0,20,11997.6,Card,Mumbai,Online
TXN003147,2025-11-29 13:18:00,CUST0335,P005,Ball Pen Pack,Stationery,2,100.0,0,200.0,Card,Bengaluru,Store
TXN003148,2025-06-09 03:09:40,CUST0060,P008,Coffee Mug,Home,5,250.0,25,937.5,UPI,Delhi,Store
TXN003149,2025-08-14 01:50:52,CUST0437,P009,Water Bottle,Home,2,450.0,20,720.0,Cash,Delhi,Store
TXN003150,2025-03-11 04:53:54,CUST0377,P011,Smart Watch,Electronics,1,4999.0,25,3749.25,Card,Chennai,Store
TXN003151,2025-05-27 08:41:11,CUST0189,P012,Power Bank,Electronics,4,1500.0,20,4800.0,Wallet,Pune,Store
TXN003152,2025-08-12 05:01:20,CUST0425,P002,Mechanical Keyboard,Electronics,2,3500.0,10,6300.0,Wallet,Pune,Store
TXN003153,2025-08-28 12:27:29,CUST0260,P010,Desk Lamp,Home,5,850.0,5,4037.5,Cash,Delhi,Online
TXN003154,2025-08-22 22:15:09,CUST0140,P011,Smart Watch,Electronics,4,4999.0,25,14997.0,UPI,Bengaluru,Store
TXN003155,2025-12-11 07:39:32,CUST0070,P010,Desk Lamp,Home,5,850.0,0,4250.0,Wallet,Delhi,Store
TXN003156,2025-02-25 10:14:27,CUST0392,P010,Desk Lamp,Home,4,850.0,15,2890.0,Cash,Mumbai,Store
TXN003157,2025-08-11 22:56:48,CUST0317,P007,Running Shoes,Fashion,4,2500.0,0,10000.0,UPI,Hyderabad,Store
TXN003158,2025-04-30 05:23:13,CUST0352,P011,Smart Watch,Electronics,4,4999.0,10,17996.4,Cash,Chennai,Store
TXN003159,2025-06-07 12:43:40,CUST0142,P002,Mechanical Keyboard,Electronics,5,3500.0,5,16625.0,Cash,Mumbai,Store
TXN003160,2025-06-29 10:33:21,CUST0125,P005,Ball Pen Pack,Stationery,4,100.0,20,320.0,Cash,Pune,Store
TXN003161,2025-10-12 16:45:53,CUST0298,P009,Water Bottle,Home,5,450.0,0,2250.0,Wallet,Delhi,Online
TXN003162,2025-04-14 00:02:23,CUST0149,P006,Backpack,Fashion,1,1200.0,20,960.0,Card,Chennai,Store
TXN003163,2025-12-07 03:24:16,CUST0006,P006,Backpack,Fashion,2,1200.0,0,2400.0,UPI,Pune,Store
TXN003164,2025-02-24 04:36:58,CUST0493,P008,Coffee Mug,Home,1,250.0,15,212.5,Wallet,Delhi,Online
TXN003165,2025-01-08 00:30:03,CUST0431,P009,Water Bottle,Home,2,450.0,10,810.0,Cash,Delhi,Online
TXN003166,2025-10-27 02:31:38,CUST0114,P001,Wireless Mouse,Electronics,5,599.0,20,2396.0,Card,Chennai,Online
TXN003167,2025-05-09 02:42:16,CUST0248,P005,Ball Pen Pack,Stationery,5,100.0,20,400.0,Card,Hyderabad,Store
TXN003168,2025-04-12 17:11:31,CUST0427,P012,Power Bank,Electronics,1,1500.0,20,1200.0,Cash,Bengaluru,Online
TXN003169,2025-01-06 15:47:30,CUST0077,P008,Coffee Mug,Home,3,250.0,0,750.0,UPI,Mumbai,Online
TXN003170,2025-01-18 20:02:42,CUST0348,P006,Backpack,Fashion,4,1200.0,25,3600.0,Wallet,Mumbai,Store
TXN003171,2025-09-08 12:17:43,CUST0105,P001,Wireless Mouse,Electronics,3,599.0,15,1527.45,Cash,Mumbai,Store
TXN003172,2025-10-25 23:19:36,CUST0290,P004,Notebook,Stationery,4,150.0,20,480.0,Cash,Bengaluru,Store
TXN003173,2025-08-10 03:57:32,CUST0027,P009,Water Bottle,Home,4,450.0,25,1350.0,UPI,Chennai,Online
TXN003174,2025-07-26 03:35:46,CUST0242,P003,USB-C Cable,Electronics,4,299.0,25,897.0,UPI,Mumbai,Online
TXN003175,2025-09-03 01:33:51,CUST0385,P004,Notebook,Stationery,4,150.0,10,540.0,UPI,Mumbai,Online
TXN003176,2025-04-16 09:28:33,CUST0471,P005,Ball Pen Pack,Stationery,3,100.0,10,270.0,Card,Hyderabad,Online
TXN003177,2025-06-02 18:42:14,CUST0248,P005,Ball Pen Pack,Stationery,3,100.0,15,255.0,Wallet,Delhi,Online
TXN003178,2025-04-27 20:26:14,CUST0482,P001,Wireless Mouse,Electronics,4,599.0,5,2276.2,Card,Mumbai,Store
TXN003179,2025-12-20 11:19:01,CUST0177,P010,Desk Lamp,Home,5,850.0,15,3612.5,Wallet,Pune,Store
TXN003180,2025-12-29 02:57:37,CUST0218,P003,USB-C Cable,Electronics,2,299.0,5,568.1,UPI,Hyderabad,Online
TXN003181,2025-05-09 20:27:44,CUST0121,P004,Notebook,Stationery,3,150.0,15,382.5,UPI,Delhi,Store
TXN003182,2025-04-30 08:16:23,CUST0246,P007,Running Shoes,Fashion,3,2500.0,20,6000.0,Cash,Chennai,Store
TXN003183,2025-05-25 14:41:50,CUST0306,P004,Notebook,Stationery,5,150.0,15,637.5,Cash,Pune,Online
TXN003184,2025-11-26 08:53:39,CUST0422,P004,Notebook,Stationery,5,150.0,5,712.5,Cash,Mumbai,Store
TXN003185,2025-11-19 12:13:51,CUST0042,P003,USB-C Cable,Electronics,3,299.0,10,807.3,Cash,Pune,Online
TXN003186,2025-03-06 13:19:16,CUST0360,P010,Desk Lamp,Home,1,850.0,0,850.0,Card,Bengaluru,Online
TXN003187,2025-09-13 16:50:41,CUST0095,P002,Mechanical Keyboard,Electronics,1,3500.0,25,2625.0,Wallet,Pune,Online
TXN003188,2025-09-03 22:51:07,CUST0497,P008,Coffee Mug,Home,4,250.0,5,950.0,Wallet,Delhi,Online
TXN003189,2025-08-28 19:22:55,CUST0178,P009,Water Bottle,Home,3,450.0,25,1012.5,Cash,Hyderabad,Store
TXN003190,2025-03-08 09:32:54,CUST0093,P010,Desk Lamp,Home,3,850.0,5,2422.5,Cash,Pune,Store
TXN003191,2025-02-09 09:08:45,CUST0208,P002,Mechanical Keyboard,Electronics,5,3500.0,10,15750.0,Wallet,Delhi,Online
TXN003192,2025-06-24 05:30:13,CUST0035,P001,Wireless Mouse,Electronics,3,599.0,0,1797.0,UPI,Delhi,Store
TXN003193,2025-08-21 17:45:12,CUST0048,P005,Ball Pen Pack,Stationery,4,100.0,15,340.0,Cash,Delhi,Store
TXN003194,2025-03-31 10:44:52,CUST0392,P006,Backpack,Fashion,2,1200.0,10,2160.0,Card,Delhi,Store
TXN003195,2025-12-06 08:49:33,CUST0271,P012,Power Bank,Electronics,3,1500.0,0,4500.0,Wallet,Mumbai,Store
TXN003196,2025-08-14 11:24:24,CUST0154,P012,Power Bank,Electronics,5,1500.0,15,6375.0,Card,Delhi,Store
TXN003197,2025-11-26 02:23:26,CUST0462,P010,Desk Lamp,Home,2,850.0,0,1700.0,Cash,Pune,Store
TXN003198,2025-07-18 06:37:31,CUST0274,P001,Wireless Mouse,Electronics,2,599.0,5,1138.1,UPI,Hyderabad,Online
TXN003199,2025-06-13 14:39:48,CUST0043,P002,Mechanical Keyboard,Electronics,2,3500.0,5,6650.0,Card,Bengaluru,Online
TXN003200,2025-07-19 05:19:07,CUST0243,P009,Water Bottle,Home,5,450.0,5,2137.5,UPI,Delhi,Online
TXN003201,2025-07-06 09:10:10,CUST0279,P008,Coffee Mug,Home,2,250.0,0,500.0,Cash,Hyderabad,Store
TXN003202,2025-03-13 10:34:48,CUST0162,P011,Smart Watch,Electronics,1,4999.0,10,4499.1,Card,Mumbai,Store
TXN003203,2025-09-26 13:20:08,CUST0157,P007,Running Shoes,Fashion,3,2500.0,25,5625.0,Card,Delhi,Online
TXN003204,2025-07-07 10:26:46,CUST0416,P009,Water Bottle,Home,1,450.0,0,450.0,UPI,Delhi,Store
TXN003205,2025-09-24 05:52:25,CUST0245,P004,Notebook,Stationery,3,150.0,10,405.0,Wallet,Bengaluru,Online
TXN003206,2025-10-13 12:45:11,CUST0246,P008,Coffee Mug,Home,4,250.0,5,950.0,Wallet,Hyderabad,Online
TXN003207,2025-05-01 13:03:35,CUST0115,P004,Notebook,Stationery,4,150.0,5,570.0,Cash,Bengaluru,Store
TXN003208,2025-04-12 17:57:10,CUST0498,P006,Backpack,Fashion,1,1200.0,20,960.0,UPI,Chennai,Online
TXN003209,2025-02-13 13:27:30,CUST0025,P009,Water Bottle,Home,5,450.0,20,1800.0,Cash,Bengaluru,Online
TXN003210,2025-08-13 06:07:32,CUST0009,P009,Water Bottle,Home,2,450.0,25,675.0,Cash,Pune,Online
TXN003211,2025-10-01 12:17:18,CUST0044,P009,Water Bottle,Home,5,450.0,15,1912.5,Cash,Delhi,Online
TXN003212,2025-09-10 15:34:32,CUST0151,P007,Running Shoes,Fashion,3,2500.0,25,5625.0,Cash,Hyderabad,Store
TXN003213,2025-08-15 08:27:09,CUST0190,P008,Coffee Mug,Home,2,250.0,20,400.0,Cash,Bengaluru,Store
TXN003214,2025-09-04 15:38:56,CUST0364,P010,Desk Lamp,Home,3,850.0,20,2040.0,Card,Hyderabad,Online
TXN003215,2025-11-24 05:28:48,CUST0304,P001,Wireless Mouse,Electronics,2,599.0,5,1138.1,UPI,Bengaluru,Store
TXN003216,2025-10-11 22:36:27,CUST0276,P010,Desk Lamp,Home,1,850.0,5,807.5,Cash,Hyderabad,Online
TXN003217,2025-09-06 06:41:12,CUST0312,P008,Coffee Mug,Home,1,250.0,15,212.5,UPI,Delhi,Store
TXN003218,2025-12-22 16:50:41,CUST0495,P005,Ball Pen Pack,Stationery,3,100.0,0,300.0,Cash,Pune,Store
TXN003219,2025-07-12 18:13:18,CUST0390,P003,USB-C Cable,Electronics,5,299.0,15,1270.75,UPI,Mumbai,Online
TXN003220,2025-10-09 23:55:25,CUST0112,P011,Smart Watch,Electronics,1,4999.0,5,4749.05,Cash,Bengaluru,Online
TXN003221,2025-10-29 02:53:08,CUST0042,P010,Desk Lamp,Home,2,850.0,20,1360.0,Wallet,Hyderabad,Online
TXN003222,2025-04-17 20:08:19,CUST0484,P006,Backpack,Fashion,5,1200.0,0,6000.0,UPI,Chennai,Online
TXN003223,2025-11-20 15:47:59,CUST0054,P008,Coffee Mug,Home,4,250.0,20,800.0,UPI,Delhi,Store
TXN003224,2025-02-27 09:39:38,CUST0287,P007,Running Shoes,Fashion,4,2500.0,20,8000.0,Card,Pune,Store
TXN003225,2025-02-04 17:33:01,CUST0322,P011,Smart Watch,Electronics,3,4999.0,25,11247.75,UPI,Chennai,Store
TXN003226,2025-10-18 21:12:25,CUST0007,P011,Smart Watch,Electronics,3,4999.0,5,14247.15,Card,Chennai,Store
TXN003227,2025-01-08 18:10:56,CUST0383,P012,Power Bank,Electronics,1,1500.0,0,1500.0,Card,Hyderabad,Online
TXN003228,2025-01-05 01:15:48,CUST0128,P009,Water Bottle,Home,2,450.0,20,720.0,Wallet,Delhi,Online
TXN003229,2025-09-09 00:07:23,CUST0444,P006,Backpack,Fashion,3,1200.0,0,3600.0,Card,Chennai,Store
TXN003230,2025-01-17 09:54:55,CUST0294,P001,Wireless Mouse,Electronics,5,599.0,10,2695.5,UPI,Hyderabad,Online
TXN003231,2025-01-17 14:08:47,CUST0146,P006,Backpack,Fashion,1,1200.0,5,1140.0,Cash,Pune,Store
TXN003232,2025-03-22 05:30:11,CUST0206,P002,Mechanical Keyboard,Electronics,3,3500.0,25,7875.0,Wallet,Pune,Store
TXN003233,2025-10-22 04:39:14,CUST0206,P003,USB-C Cable,Electronics,4,299.0,0,1196.0,Card,Chennai,Store
TXN003234,2025-07-17 22:20:51,CUST0369,P010,Desk Lamp,Home,4,850.0,20,2720.0,Card,Pune,Store
TXN003235,2025-04-04 23:33:07,CUST0409,P010,Desk Lamp,Home,1,850.0,25,637.5,UPI,Chennai,Store
TXN003236,2025-07-31 11:35:55,CUST0165,P007,Running Shoes,Fashion,1,2500.0,10,2250.0,Cash,Bengaluru,Online
TXN003237,2025-02-03 09:05:43,CUST0334,P006,Backpack,Fashion,4,1200.0,15,4080.0,Card,Hyderabad,Store
TXN003238,2025-08-09 15:04:26,CUST0096,P006,Backpack,Fashion,3,1200.0,0,3600.0,UPI,Bengaluru,Store
TXN003239,2025-04-06 13:48:43,CUST0202,P011,Smart Watch,Electronics,5,4999.0,0,24995.0,Card,Hyderabad,Online
TXN003240,2025-07-03 03:02:29,CUST0249,P003,USB-C Cable,Electronics,4,299.0,0,1196.0,Card,Hyderabad,Store
TXN003241,2025-10-25 08:55:41,CUST0333,P007,Running Shoes,Fashion,4,2500.0,0,10000.0,Cash,Pune,Store
TXN003242,2025-03-10 18:35:26,CUST0267,P002,Mechanical Keyboard,Electronics,4,3500.0,10,12600.0,Cash,Mumbai,Store
TXN003243,2025-01-30 17:26:10,CUST0018,P002,Mechanical Keyboard,Electronics,5,3500.0,25,13125.0,Wallet,Delhi,Online
TXN003244,2025-05-11 00:12:32,CUST0275,P011,Smart Watch,Electronics,3,4999.0,15,12747.45,Cash,Mumbai,Store
TXN003245,2025-02-18 07:51:44,CUST0020,P004,Notebook,Stationery,5,150.0,20,600.0,UPI,Pune,Store
TXN003246,2025-03-25 02:33:40,CUST0005,P005,Ball Pen Pack,Stationery,2,100.0,15,170.0,Wallet,Pune,Store
TXN003247,2025-02-22 03:57:41,CUST0479,P009,Water Bottle,Home,1,450.0,10,405.0,Cash,Chennai,Store
TXN003248,2025-06-26 00:56:49,CUST0060,P009,Water Bottle,Home,5,450.0,5,2137.5,Cash,Pune,Online
TXN003249,2025-08-12 10:35:56,CUST0211,P010,Desk Lamp,Home,1,850.0,15,722.5,Wallet,Bengaluru,Store
TXN003250,2025-09-27 23:28:39,CUST0388,P011,Smart Watch,Electronics,5,4999.0,25,18746.25,UPI,Hyderabad,Online
TXN003251,2025-03-09 05:43:06,CUST0259,P009,Water Bottle,Home,3,450.0,20,1080.0,Wallet,Delhi,Store
TXN003252,2025-10-20 23:30:23,CUST0492,P006,Backpack,Fashion,1,1200.0,25,900.0,Card,Delhi,Store
TXN003253,2025-02-22 17:36:21,CUST0434,P008,Coffee Mug,Home,1,250.0,15,212.5,Cash,Pune,Online
TXN003254,2025-09-07 06:02:31,CUST0496,P007,Running Shoes,Fashion,5,2500.0,20,10000.0,UPI,Mumbai,Store
TXN003255,2025-11-22 21:23:10,CUST0427,P005,Ball Pen Pack,Stationery,1,100.0,5,95.0,Cash,Pune,Online
TXN003256,2025-07-16 23:58:44,CUST0253,P004,Notebook,Stationery,5,150.0,15,637.5,Wallet,Chennai,Store
TXN003257,2025-07-18 19:53:58,CUST0114,P012,Power Bank,Electronics,2,1500.0,5,2850.0,Wallet,Delhi,Store
TXN003258,2025-06-24 13:42:36,CUST0008,P005,Ball Pen Pack,Stationery,1,100.0,5,95.0,UPI,Hyderabad,Online
TXN003259,2025-08-30 19:52:44,CUST0468,P002,Mechanical Keyboard,Electronics,3,3500.0,5,9975.0,Wallet,Mumbai,Online
TXN003260,2025-07-31 15:18:44,CUST0066,P007,Running Shoes,Fashion,2,2500.0,10,4500.0,Cash,Pune,Online
TXN003261,2025-12-25 18:43:00,CUST0135,P002,Mechanical Keyboard,Electronics,2,3500.0,5,6650.0,UPI,Hyderabad,Online
TXN003262,2025-10-09 05:40:16,CUST0335,P006,Backpack,Fashion,4,1200.0,15,4080.0,Card,Mumbai,Store
TXN003263,2025-10-22 08:43:01,CUST0144,P002,Mechanical Keyboard,Electronics,1,3500.0,0,3500.0,Wallet,Chennai,Store
TXN003264,2025-02-08 17:18:57,CUST0290,P004,Notebook,Stationery,2,150.0,10,270.0,Cash,Pune,Online
TXN003265,2025-01-24 02:33:15,CUST0319,P008,Coffee Mug,Home,5,250.0,10,1125.0,UPI,Chennai,Online
TXN003266,2025-02-26 00:01:34,CUST0385,P005,Ball Pen Pack,Stationery,5,100.0,15,425.0,UPI,Hyderabad,Store
TXN003267,2025-02-28 15:38:22,CUST0382,P007,Running Shoes,Fashion,3,2500.0,20,6000.0,Wallet,Pune,Online
TXN003268,2025-03-10 22:00:37,CUST0192,P002,Mechanical Keyboard,Electronics,4,3500.0,10,12600.0,Card,Pune,Store
TXN003269,2025-01-06 10:23:05,CUST0136,P012,Power Bank,Electronics,2,1500.0,5,2850.0,Wallet,Mumbai,Online
TXN003270,2025-07-27 05:13:38,CUST0425,P010,Desk Lamp,Home,1,850.0,0,850.0,Card,Delhi,Store
TXN003271,2025-07-24 05:11:18,CUST0221,P002,Mechanical Keyboard,Electronics,4,3500.0,5,13300.0,UPI,Bengaluru,Online
TXN003272,2025-02-27 23:39:48,CUST0280,P007,Running Shoes,Fashion,4,2500.0,25,7500.0,Card,Mumbai,Online
TXN003273,2025-10-30 13:08:31,CUST0018,P001,Wireless Mouse,Electronics,5,599.0,10,2695.5,Card,Bengaluru,Store
TXN003274,2025-10-08 04:19:26,CUST0070,P002,Mechanical Keyboard,Electronics,5,3500.0,10,15750.0,Card,Bengaluru,Online
TXN003275,2025-01-04 20:59:12,CUST0174,P008,Coffee Mug,Home,4,250.0,20,800.0,Cash,Mumbai,Online
TXN003276,2025-02-07 04:43:53,CUST0254,P004,Notebook,Stationery,2,150.0,10,270.0,UPI,Mumbai,Store
TXN003277,2025-03-25 23:01:01,CUST0316,P008,Coffee Mug,Home,1,250.0,5,237.5,UPI,Chennai,Store
TXN003278,2025-03-08 16:02:07,CUST0083,P002,Mechanical Keyboard,Electronics,1,3500.0,5,3325.0,Wallet,Hyderabad,Online
TXN003279,2025-10-16 15:32:23,CUST0261,P008,Coffee Mug,Home,1,250.0,25,187.5,Wallet,Bengaluru,Online
TXN003280,2025-03-14 02:16:13,CUST0062,P001,Wireless Mouse,Electronics,3,599.0,10,1617.3,Cash,Chennai,Store
TXN003281,2025-11-04 17:12:39,CUST0058,P008,Coffee Mug,Home,1,250.0,20,200.0,Card,Hyderabad,Online
TXN003282,2025-07-04 01:38:11,CUST0428,P001,Wireless Mouse,Electronics,4,599.0,10,2156.4,Cash,Pune,Store
TXN003283,2025-01-21 21:23:32,CUST0075,P004,Notebook,Stationery,3,150.0,10,405.0,Card,Pune,Store
TXN003284,2025-02-26 00:16:17,CUST0048,P011,Smart Watch,Electronics,4,4999.0,0,19996.0,Card,Delhi,Online
TXN003285,2025-03-25 08:54:18,CUST0467,P010,Desk Lamp,Home,3,850.0,0,2550.0,Card,Chennai,Online
TXN003286,2025-08-15 13:07:57,CUST0140,P005,Ball Pen Pack,Stationery,4,100.0,15,340.0,Card,Bengaluru,Online
TXN003287,2025-03-22 20:58:33,CUST0346,P003,USB-C Cable,Electronics,4,299.0,25,897.0,Cash,Delhi,Online
TXN003288,2025-03-29 05:52:59,CUST0473,P003,USB-C Cable,Electronics,4,299.0,15,1016.6,UPI,Chennai,Store
TXN003289,2025-08-23 01:21:54,CUST0419,P005,Ball Pen Pack,Stationery,5,100.0,0,500.0,Card,Delhi,Store
TXN003290,2025-11-18 05:42:05,CUST0355,P006,Backpack,Fashion,5,1200.0,20,4800.0,Cash,Mumbai,Store
TXN003291,2025-01-15 09:22:52,CUST0068,P002,Mechanical Keyboard,Electronics,1,3500.0,20,2800.0,UPI,Delhi,Online
TXN003292,2025-03-08 07:18:52,CUST0413,P007,Running Shoes,Fashion,5,2500.0,15,10625.0,Cash,Chennai,Store
TXN003293,2025-04-10 03:33:41,CUST0246,P009,Water Bottle,Home,4,450.0,20,1440.0,Wallet,Pune,Online
TXN003294,2025-06-30 01:08:55,CUST0195,P001,Wireless Mouse,Electronics,1,599.0,20,479.2,Cash,Delhi,Store
TXN003295,2025-04-11 12:21:27,CUST0013,P009,Water Bottle,Home,2,450.0,15,765.0,UPI,Hyderabad,Online
TXN003296,2025-08-11 02:22:25,CUST0017,P008,Coffee Mug,Home,3,250.0,20,600.0,Card,Mumbai,Store
TXN003297,2025-04-27 19:25:52,CUST0023,P001,Wireless Mouse,Electronics,4,599.0,20,1916.8,Card,Bengaluru,Online
TXN003298,2025-11-20 17:46:06,CUST0102,P006,Backpack,Fashion,2,1200.0,10,2160.0,Cash,Hyderabad,Store
TXN003299,2025-04-16 00:29:16,CUST0230,P001,Wireless Mouse,Electronics,5,599.0,5,2845.25,UPI,Pune,Store
TXN003300,2025-05-04 17:12:17,CUST0141,P007,Running Shoes,Fashion,2,2500.0,5,4750.0,UPI,Pune,Online
TXN003301,2025-03-06 15:53:23,CUST0103,P012,Power Bank,Electronics,4,1500.0,25,4500.0,Card,Mumbai,Store
TXN003302,2025-12-17 13:25:23,CUST0169,P001,Wireless Mouse,Electronics,2,599.0,5,1138.1,UPI,Mumbai,Online
TXN003303,2025-01-08 01:23:28,CUST0281,P009,Water Bottle,Home,4,450.0,5,1710.0,Cash,Chennai,Store
TXN003304,2025-06-26 02:20:22,CUST0123,P010,Desk Lamp,Home,1,850.0,20,680.0,UPI,Mumbai,Online
TXN003305,2025-02-17 02:45:59,CUST0130,P002,Mechanical Keyboard,Electronics,4,3500.0,0,14000.0,UPI,Hyderabad,Online
TXN003306,2025-05-30 07:38:31,CUST0291,P012,Power Bank,Electronics,2,1500.0,5,2850.0,Card,Chennai,Store
TXN003307,2025-03-20 06:30:11,CUST0479,P008,Coffee Mug,Home,5,250.0,25,937.5,Wallet,Chennai,Online
TXN003308,2025-05-31 18:19:44,CUST0005,P009,Water Bottle,Home,3,450.0,10,1215.0,UPI,Hyderabad,Store
TXN003309,2025-07-06 10:11:37,CUST0133,P007,Running Shoes,Fashion,2,2500.0,0,5000.0,UPI,Mumbai,Store
TXN003310,2025-09-23 18:06:34,CUST0113,P004,Notebook,Stationery,4,150.0,0,600.0,UPI,Chennai,Online
TXN003311,2025-06-23 01:56:17,CUST0043,P002,Mechanical Keyboard,Electronics,5,3500.0,0,17500.0,Cash,Mumbai,Store
TXN003312,2025-09-27 15:22:18,CUST0133,P006,Backpack,Fashion,5,1200.0,5,5700.0,Cash,Pune,Online
TXN003313,2025-03-15 10:39:24,CUST0326,P005,Ball Pen Pack,Stationery,1,100.0,0,100.0,Cash,Pune,Store
TXN003314,2025-10-24 04:18:43,CUST0123,P005,Ball Pen Pack,Stationery,4,100.0,15,340.0,UPI,Bengaluru,Store
TXN003315,2025-05-26 15:49:46,CUST0484,P010,Desk Lamp,Home,5,850.0,20,3400.0,Cash,Delhi,Store
TXN003316,2025-12-02 05:53:18,CUST0208,P007,Running Shoes,Fashion,4,2500.0,5,9500.0,UPI,Mumbai,Online
TXN003317,2025-08-02 19:22:17,CUST0071,P005,Ball Pen Pack,Stationery,1,100.0,5,95.0,UPI,Chennai,Online
TXN003318,2025-12-24 13:05:05,CUST0071,P011,Smart Watch,Electronics,2,4999.0,20,7998.4,Wallet,Hyderabad,Store
TXN003319,2025-01-01 10:31:09,CUST0077,P007,Running Shoes,Fashion,2,2500.0,0,5000.0,Cash,Hyderabad,Online
TXN003320,2025-07-12 23:15:48,CUST0135,P012,Power Bank,Electronics,3,1500.0,5,4275.0,Wallet,Pune,Store
TXN003321,2025-09-05 10:53:14,CUST0498,P004,Notebook,Stationery,4,150.0,10,540.0,Card,Pune,Store
TXN003322,2025-06-26 11:37:48,CUST0009,P001,Wireless Mouse,Electronics,3,599.0,0,1797.0,Card,Hyderabad,Online
TXN003323,2025-10-27 15:44:08,CUST0287,P003,USB-C Cable,Electronics,5,299.0,25,1121.25,Cash,Mumbai,Online
TXN003324,2025-09-24 15:44:58,CUST0215,P002,Mechanical Keyboard,Electronics,2,3500.0,25,5250.0,Cash,Delhi,Online
TXN003325,2025-04-22 09:46:21,CUST0341,P007,Running Shoes,Fashion,1,2500.0,0,2500.0,UPI,Bengaluru,Online
TXN003326,2025-03-27 01:49:03,CUST0029,P005,Ball Pen Pack,Stationery,4,100.0,15,340.0,UPI,Mumbai,Online
TXN003327,2025-02-19 15:03:34,CUST0288,P004,Notebook,Stationery,5,150.0,5,712.5,Wallet,Mumbai,Online
TXN003328,2025-02-04 20:21:15,CUST0371,P012,Power Bank,Electronics,2,1500.0,5,2850.0,Card,Hyderabad,Store
TXN003329,2025-01-27 15:48:23,CUST0180,P002,Mechanical Keyboard,Electronics,2,3500.0,0,7000.0,Cash,Hyderabad,Store
TXN003330,2025-01-05 11:27:07,CUST0255,P012,Power Bank,Electronics,4,1500.0,15,5100.0,Cash,Pune,Store
TXN003331,2025-05-02 04:34:40,CUST0196,P012,Power Bank,Electronics,1,1500.0,10,1350.0,Card,Pune,Store
TXN003332,2025-06-12 17:00:29,CUST0113,P011,Smart Watch,Electronics,3,4999.0,15,12747.45,UPI,Mumbai,Online
TXN003333,2025-05-10 06:49:06,CUST0122,P001,Wireless Mouse,Electronics,3,599.0,15,1527.45,Card,Chennai,Store
TXN003334,2025-07-11 00:04:36,CUST0433,P003,USB-C Cable,Electronics,3,299.0,5,852.15,Cash,Hyderabad,Store
TXN003335,2025-02-02 06:18:26,CUST0252,P007,Running Shoes,Fashion,5,2500.0,5,11875.0,Card,Delhi,Online
TXN003336,2025-10-19 01:24:38,CUST0348,P003,USB-C Cable,Electronics,4,299.0,25,897.0,Card,Bengaluru,Store
TXN003337,2025-01-02 11:21:23,CUST0261,P007,Running Shoes,Fashion,4,2500.0,25,7500.0,Wallet,Delhi,Store
TXN003338,2025-03-01 06:44:00,CUST0439,P003,USB-C Cable,Electronics,3,299.0,0,897.0,Wallet,Bengaluru,Store
TXN003339,2025-07-18 07:28:45,CUST0439,P005,Ball Pen Pack,Stationery,5,100.0,10,450.0,Wallet,Bengaluru,Online
TXN003340,2025-09-15 05:56:09,CUST0082,P010,Desk Lamp,Home,1,850.0,25,637.5,Card,Delhi,Online
TXN003341,2025-01-15 04:11:57,CUST0212,P002,Mechanical Keyboard,Electronics,5,3500.0,10,15750.0,Wallet,Delhi,Online
TXN003342,2025-02-18 18:14:55,CUST0121,P006,Backpack,Fashion,3,1200.0,5,3420.0,Cash,Mumbai,Store
TXN003343,2025-10-09 23:21:10,CUST0215,P012,Power Bank,Electronics,4,1500.0,20,4800.0,Card,Mumbai,Online
TXN003344,2025-02-03 17:47:10,CUST0173,P011,Smart Watch,Electronics,4,4999.0,10,17996.4,Cash,Pune,Store
TXN003345,2025-04-10 17:20:36,CUST0295,P003,USB-C Cable,Electronics,1,299.0,15,254.15,Cash,Delhi,Online
TXN003346,2025-10-25 15:30:17,CUST0064,P002,Mechanical Keyboard,Electronics,5,3500.0,15,14875.0,Card,Hyderabad,Online
TXN003347,2025-07-26 07:06:34,CUST0076,P008,Coffee Mug,Home,2,250.0,0,500.0,Wallet,Pune,Store
TXN003348,2025-03-29 12:23:20,CUST0173,P011,Smart Watch,Electronics,5,4999.0,10,22495.5,Card,Chennai,Online
TXN003349,2025-07-25 03:30:28,CUST0265,P005,Ball Pen Pack,Stationery,5,100.0,15,425.0,UPI,Bengaluru,Store
TXN003350,2025-04-11 20:18:11,CUST0444,P001,Wireless Mouse,Electronics,3,599.0,0,1797.0,UPI,Mumbai,Online
TXN003351,2025-02-05 09:11:18,CUST0083,P006,Backpack,Fashion,3,1200.0,5,3420.0,Cash,Mumbai,Online
TXN003352,2025-04-06 23:27:39,CUST0442,P001,Wireless Mouse,Electronics,1,599.0,25,449.25,Wallet,Mumbai,Store
TXN003353,2025-08-26 09:44:10,CUST0381,P009,Water Bottle,Home,4,450.0,0,1800.0,Card,Bengaluru,Online
TXN003354,2025-02-09 00:32:33,CUST0366,P012,Power Bank,Electronics,5,1500.0,15,6375.0,UPI,Mumbai,Online
TXN003355,2025-03-05 08:43:15,CUST0032,P012,Power Bank,Electronics,2,1500.0,0,3000.0,Wallet,Hyderabad,Online
TXN003356,2025-02-01 03:20:58,CUST0046,P005,Ball Pen Pack,Stationery,1,100.0,0,100.0,Card,Delhi,Store
TXN003357,2025-11-12 20:25:30,CUST0060,P004,Notebook,Stationery,1,150.0,25,112.5,Wallet,Chennai,Online
TXN003358,2025-08-18 00:20:47,CUST0422,P008,Coffee Mug,Home,5,250.0,15,1062.5,UPI,Chennai,Online
TXN003359,2025-12-10 13:18:46,CUST0323,P007,Running Shoes,Fashion,2,2500.0,10,4500.0,UPI,Chennai,Store
TXN003360,2025-02-08 06:17:35,CUST0298,P011,Smart Watch,Electronics,3,4999.0,25,11247.75,Wallet,Hyderabad,Store
TXN003361,2025-12-03 20:09:16,CUST0187,P001,Wireless Mouse,Electronics,1,599.0,0,599.0,Card,Bengaluru,Store
TXN003362,2025-03-28 18:46:08,CUST0173,P009,Water Bottle,Home,2,450.0,25,675.0,UPI,Mumbai,Store
TXN003363,2025-12-25 07:28:43,CUST0086,P009,Water Bottle,Home,5,450.0,25,1687.5,Wallet,Hyderabad,Online
TXN003364,2025-07-03 04:19:08,CUST0071,P008,Coffee Mug,Home,5,250.0,0,1250.0,Card,Bengaluru,Online
TXN003365,2025-06-11 08:45:25,CUST0055,P007,Running Shoes,Fashion,1,2500.0,20,2000.0,UPI,Hyderabad,Store
TXN003366,2025-11-21 04:48:09,CUST0080,P003,USB-C Cable,Electronics,2,299.0,25,448.5,Wallet,Delhi,Store
TXN003367,2025-07-10 10:57:09,CUST0397,P002,Mechanical Keyboard,Electronics,5,3500.0,5,16625.0,Wallet,Delhi,Online
TXN003368,2025-01-16 15:47:40,CUST0230,P007,Running Shoes,Fashion,5,2500.0,0,12500.0,UPI,Pune,Store
TXN003369,2025-08-01 10:41:17,CUST0008,P011,Smart Watch,Electronics,5,4999.0,10,22495.5,Cash,Bengaluru,Online
TXN003370,2025-01-06 17:17:52,CUST0087,P011,Smart Watch,Electronics,3,4999.0,25,11247.75,Cash,Pune,Online
TXN003371,2025-03-24 19:58:53,CUST0449,P007,Running Shoes,Fashion,2,2500.0,5,4750.0,UPI,Bengaluru,Online
TXN003372,2025-11-03 13:12:02,CUST0197,P010,Desk Lamp,Home,4,850.0,20,2720.0,Cash,Bengaluru,Store
TXN003373,2025-06-04 17:27:27,CUST0342,P008,Coffee Mug,Home,1,250.0,15,212.5,Wallet,Chennai,Store
TXN003374,2025-01-26 17:53:51,CUST0224,P010,Desk Lamp,Home,1,850.0,5,807.5,Cash,Chennai,Online
TXN003375,2025-02-04 17:39:58,CUST0165,P001,Wireless Mouse,Electronics,1,599.0,15,509.15,Cash,Pune,Store
TXN003376,2025-01-29 05:36:34,CUST0003,P008,Coffee Mug,Home,1,250.0,5,237.5,Card,Delhi,Online
TXN003377,2025-11-12 21:09:32,CUST0333,P009,Water Bottle,Home,3,450.0,5,1282.5,Cash,Pune,Online
TXN003378,2025-08-29 18:50:41,CUST0276,P004,Notebook,Stationery,5,150.0,5,712.5,Cash,Hyderabad,Store
TXN003379,2025-07-15 11:55:39,CUST0034,P004,Notebook,Stationery,1,150.0,0,150.0,Cash,Mumbai,Store
TXN003380,2025-08-22 06:48:31,CUST0415,P002,Mechanical Keyboard,Electronics,1,3500.0,10,3150.0,Card,Mumbai,Online
TXN003381,2025-02-09 04:46:23,CUST0189,P002,Mechanical Keyboard,Electronics,4,3500.0,15,11900.0,Cash,Chennai,Store
TXN003382,2025-09-29 04:29:46,CUST0149,P007,Running Shoes,Fashion,2,2500.0,5,4750.0,Cash,Pune,Store
TXN003383,2025-08-02 13:54:40,CUST0047,P002,Mechanical Keyboard,Electronics,1,3500.0,10,3150.0,UPI,Mumbai,Store
TXN003384,2025-12-21 05:14:19,CUST0256,P007,Running Shoes,Fashion,3,2500.0,5,7125.0,Wallet,Hyderabad,Store
TXN003385,2025-11-29 06:02:59,CUST0492,P002,Mechanical Keyboard,Electronics,3,3500.0,15,8925.0,Card,Hyderabad,Store
TXN003386,2025-05-05 15:29:09,CUST0382,P002,Mechanical Keyboard,Electronics,2,3500.0,20,5600.0,UPI,Bengaluru,Store
TXN003387,2025-05-08 23:18:35,CUST0414,P002,Mechanical Keyboard,Electronics,2,3500.0,5,6650.0,Cash,Hyderabad,Store
TXN003388,2025-07-16 18:41:23,CUST0051,P006,Backpack,Fashion,3,1200.0,10,3240.0,Card,Bengaluru,Online
TXN003389,2025-10-24 02:20:12,CUST0344,P010,Desk Lamp,Home,4,850.0,5,3230.0,Card,Chennai,Store
TXN003390,2025-01-08 07:47:42,CUST0079,P005,Ball Pen Pack,Stationery,3,100.0,15,255.0,Cash,Delhi,Store
TXN003391,2025-10-28 06:24:42,CUST0237,P008,Coffee Mug,Home,2,250.0,0,500.0,Cash,Mumbai,Store
TXN003392,2025-02-09 12:20:16,CUST0014,P008,Coffee Mug,Home,2,250.0,0,500.0,Wallet,Mumbai,Store
TXN003393,2025-05-30 05:41:38,CUST0413,P005,Ball Pen Pack,Stationery,4,100.0,20,320.0,Card,Bengaluru,Online
TXN003394,2025-03-26 02:02:51,CUST0051,P008,Coffee Mug,Home,3,250.0,10,675.0,Card,Hyderabad,Online
TXN003395,2025-10-29 11:47:45,CUST0096,P008,Coffee Mug,Home,3,250.0,0,750.0,Cash,Hyderabad,Store
TXN003396,2025-10-02 01:23:38,CUST0236,P011,Smart Watch,Electronics,2,4999.0,15,8498.3,UPI,Pune,Online
TXN003397,2025-05-10 01:32:50,CUST0133,P007,Running Shoes,Fashion,5,2500.0,15,10625.0,Card,Bengaluru,Online
TXN003398,2025-08-04 12:58:47,CUST0265,P005,Ball Pen Pack,Stationery,1,100.0,15,85.0,Wallet,Bengaluru,Store
TXN003399,2025-02-22 20:36:24,CUST0006,P008,Coffee Mug,Home,4,250.0,25,750.0,Card,Pune,Store
TXN003400,2025-01-27 06:03:25,CUST0441,P012,Power Bank,Electronics,2,1500.0,10,2700.0,Card,Chennai,Store
TXN003401,2025-07-04 19:35:51,CUST0214,P012,Power Bank,Electronics,2,1500.0,10,2700.0,Card,Pune,Store
TXN003402,2025-10-08 09:51:33,CUST0259,P008,Coffee Mug,Home,5,250.0,0,1250.0,Wallet,Chennai,Online
TXN003403,2025-11-06 15:39:52,CUST0135,P009,Water Bottle,Home,5,450.0,15,1912.5,Card,Pune,Online
TXN003404,2025-09-27 11:49:08,CUST0172,P006,Backpack,Fashion,2,1200.0,10,2160.0,UPI,Delhi,Online
TXN003405,2025-09-24 22:08:20,CUST0269,P010,Desk Lamp,Home,2,850.0,15,1445.0,Card,Hyderabad,Store
TXN003406,2025-10-16 05:50:23,CUST0043,P006,Backpack,Fashion,5,1200.0,15,5100.0,Wallet,Delhi,Online
TXN003407,2025-05-03 01:12:51,CUST0099,P011,Smart Watch,Electronics,3,4999.0,15,12747.45,Wallet,Mumbai,Store
TXN003408,2025-07-14 06:07:25,CUST0305,P008,Coffee Mug,Home,4,250.0,25,750.0,Cash,Delhi,Store
TXN003409,2025-03-03 15:59:07,CUST0224,P002,Mechanical Keyboard,Electronics,5,3500.0,25,13125.0,UPI,Pune,Store
TXN003410,2025-02-27 03:39:16,CUST0433,P003,USB-C Cable,Electronics,4,299.0,5,1136.2,Wallet,Chennai,Online
TXN003411,2025-06-26 21:01:26,CUST0374,P004,Notebook,Stationery,2,150.0,0,300.0,Card,Pune,Online
TXN003412,2025-07-07 05:55:12,CUST0053,P002,Mechanical Keyboard,Electronics,1,3500.0,15,2975.0,Cash,Chennai,Store
TXN003413,2025-06-15 09:55:17,CUST0311,P002,Mechanical Keyboard,Electronics,4,3500.0,0,14000.0,Wallet,Pune,Online
TXN003414,2025-10-30 16:53:13,CUST0151,P003,USB-C Cable,Electronics,5,299.0,20,1196.0,Cash,Mumbai,Store
TXN003415,2025-04-15 03:51:01,CUST0429,P009,Water Bottle,Home,4,450.0,20,1440.0,Card,Mumbai,Store
TXN003416,2025-03-10 05:50:32,CUST0482,P002,Mechanical Keyboard,Electronics,4,3500.0,20,11200.0,UPI,Pune,Online
TXN003417,2025-03-14 16:38:53,CUST0016,P003,USB-C Cable,Electronics,4,299.0,20,956.8,UPI,Mumbai,Store
TXN003418,2025-03-13 14:35:24,CUST0348,P007,Running Shoes,Fashion,3,2500.0,15,6375.0,UPI,Mumbai,Store
TXN003419,2025-08-01 04:30:40,CUST0013,P002,Mechanical Keyboard,Electronics,4,3500.0,15,11900.0,UPI,Pune,Online
TXN003420,2025-06-05 08:50:56,CUST0474,P004,Notebook,Stationery,4,150.0,0,600.0,Cash,Chennai,Online
TXN003421,2025-01-13 18:37:58,CUST0150,P010,Desk Lamp,Home,2,850.0,5,1615.0,Card,Bengaluru,Store
TXN003422,2025-03-13 06:42:54,CUST0130,P005,Ball Pen Pack,Stationery,4,100.0,20,320.0,Card,Mumbai,Store
TXN003423,2025-03-04 02:27:58,CUST0289,P005,Ball Pen Pack,Stationery,4,100.0,15,340.0,Card,Hyderabad,Online
TXN003424,2025-07-29 16:31:26,CUST0114,P010,Desk Lamp,Home,1,850.0,25,637.5,Wallet,Delhi,Store
TXN003425,2025-01-24 15:18:29,CUST0081,P006,Backpack,Fashion,5,1200.0,25,4500.0,Cash,Mumbai,Online
TXN003426,2025-10-14 16:09:02,CUST0310,P004,Notebook,Stationery,2,150.0,15,255.0,Card,Bengaluru,Online
TXN003427,2025-07-30 01:43:20,CUST0441,P002,Mechanical Keyboard,Electronics,2,3500.0,20,5600.0,UPI,Bengaluru,Online
TXN003428,2025-05-16 04:10:11,CUST0334,P001,Wireless Mouse,Electronics,3,599.0,20,1437.6,Wallet,Mumbai,Online
TXN003429,2025-11-19 12:18:36,CUST0221,P012,Power Bank,Electronics,4,1500.0,15,5100.0,Wallet,Chennai,Store
TXN003430,2025-11-17 00:49:19,CUST0088,P008,Coffee Mug,Home,2,250.0,20,400.0,Cash,Delhi,Online
TXN003431,2025-08-17 09:36:07,CUST0251,P005,Ball Pen Pack,Stationery,5,100.0,25,375.0,Cash,Mumbai,Store
TXN003432,2025-10-08 16:51:12,CUST0001,P009,Water Bottle,Home,5,450.0,15,1912.5,Cash,Mumbai,Store
TXN003433,2025-10-18 13:34:38,CUST0254,P006,Backpack,Fashion,4,1200.0,0,4800.0,Card,Mumbai,Online
TXN003434,2025-09-16 07:14:58,CUST0367,P002,Mechanical Keyboard,Electronics,5,3500.0,5,16625.0,UPI,Pune,Online
TXN003435,2025-10-27 16:16:24,CUST0040,P006,Backpack,Fashion,3,1200.0,5,3420.0,UPI,Delhi,Store
TXN003436,2025-07-30 13:47:59,CUST0294,P001,Wireless Mouse,Electronics,5,599.0,5,2845.25,Card,Pune,Store
TXN003437,2025-03-16 17:33:49,CUST0127,P004,Notebook,Stationery,2,150.0,0,300.0,Card,Pune,Store
TXN003438,2025-01-27 02:40:54,CUST0021,P003,USB-C Cable,Electronics,3,299.0,25,672.75,Cash,Delhi,Online
TXN003439,2025-02-14 02:06:09,CUST0317,P012,Power Bank,Electronics,2,1500.0,10,2700.0,Cash,Delhi,Online
TXN003440,2025-03-29 18:48:40,CUST0438,P007,Running Shoes,Fashion,5,2500.0,20,10000.0,Cash,Chennai,Online
TXN003441,2025-08-31 06:03:58,CUST0100,P004,Notebook,Stationery,2,150.0,5,285.0,Cash,Pune,Store
TXN003442,2025-12-23 22:58:20,CUST0084,P010,Desk Lamp,Home,4,850.0,5,3230.0,UPI,Hyderabad,Online
TXN003443,2025-05-15 16:35:35,CUST0289,P012,Power Bank,Electronics,5,1500.0,25,5625.0,Card,Mumbai,Online
TXN003444,2025-11-19 23:34:13,CUST0495,P005,Ball Pen Pack,Stationery,3,100.0,0,300.0,Card,Hyderabad,Online
TXN003445,2025-06-22 13:27:54,CUST0400,P006,Backpack,Fashion,5,1200.0,15,5100.0,Cash,Hyderabad,Online
TXN003446,2025-01-22 22:04:33,CUST0061,P003,USB-C Cable,Electronics,2,299.0,15,508.3,Wallet,Pune,Online
TXN003447,2025-07-06 20:22:59,CUST0236,P005,Ball Pen Pack,Stationery,5,100.0,10,450.0,Cash,Pune,Online
TXN003448,2025-12-19 00:23:41,CUST0008,P007,Running Shoes,Fashion,2,2500.0,20,4000.0,Cash,Chennai,Online
TXN003449,2025-08-08 22:49:54,CUST0105,P008,Coffee Mug,Home,3,250.0,20,600.0,UPI,Hyderabad,Online
TXN003450,2025-03-12 05:17:06,CUST0203,P008,Coffee Mug,Home,1,250.0,25,187.5,Card,Mumbai,Store
TXN003451,2025-05-25 14:48:20,CUST0119,P012,Power Bank,Electronics,4,1500.0,5,5700.0,Wallet,Delhi,Store
TXN003452,2025-05-04 16:39:11,CUST0078,P011,Smart Watch,Electronics,5,4999.0,25,18746.25,Wallet,Delhi,Store
TXN003453,2025-02-09 22:57:48,CUST0460,P003,USB-C Cable,Electronics,1,299.0,20,239.2,Wallet,Mumbai,Store
TXN003454,2025-11-11 01:10:43,CUST0393,P004,Notebook,Stationery,1,150.0,0,150.0,Card,Chennai,Store
TXN003455,2025-05-03 11:47:17,CUST0448,P003,USB-C Cable,Electronics,3,299.0,0,897.0,Card,Pune,Online
TXN003456,2025-01-25 09:17:17,CUST0182,P012,Power Bank,Electronics,2,1500.0,10,2700.0,Cash,Mumbai,Store
TXN003457,2025-02-06 12:57:20,CUST0139,P004,Notebook,Stationery,2,150.0,0,300.0,UPI,Delhi,Online
TXN003458,2025-09-16 17:20:39,CUST0431,P001,Wireless Mouse,Electronics,5,599.0,15,2545.75,Wallet,Hyderabad,Store
TXN003459,2025-09-05 15:53:58,CUST0072,P005,Ball Pen Pack,Stationery,4,100.0,20,320.0,Card,Delhi,Store
TXN003460,2025-11-30 23:29:49,CUST0068,P003,USB-C Cable,Electronics,1,299.0,20,239.2,Card,Chennai,Store
TXN003461,2025-09-02 00:01:04,CUST0409,P011,Smart Watch,Electronics,3,4999.0,25,11247.75,UPI,Hyderabad,Online
TXN003462,2025-10-13 19:35:10,CUST0475,P001,Wireless Mouse,Electronics,3,599.0,20,1437.6,Wallet,Bengaluru,Online
TXN003463,2025-06-17 13:08:42,CUST0253,P011,Smart Watch,Electronics,4,4999.0,20,15996.8,Card,Pune,Online
TXN003464,2025-10-22 04:54:43,CUST0088,P010,Desk Lamp,Home,5,850.0,20,3400.0,Wallet,Delhi,Online
TXN003465,2025-05-20 00:30:27,CUST0447,P010,Desk Lamp,Home,1,850.0,5,807.5,Cash,Bengaluru,Store
TXN003466,2025-06-18 06:33:53,CUST0141,P001,Wireless Mouse,Electronics,5,599.0,10,2695.5,Cash,Chennai,Online
TXN003467,2025-11-19 03:53:41,CUST0379,P009,Water Bottle,Home,2,450.0,10,810.0,Wallet,Chennai,Store
TXN003468,2025-02-22 10:03:52,CUST0208,P003,USB-C Cable,Electronics,1,299.0,25,224.25,Cash,Bengaluru,Store
TXN003469,2025-02-18 16:09:13,CUST0338,P010,Desk Lamp,Home,2,850.0,10,1530.0,Cash,Pune,Store
TXN003470,2025-10-14 06:23:55,CUST0192,P002,Mechanical Keyboard,Electronics,5,3500.0,15,14875.0,Card,Hyderabad,Online
TXN003471,2025-03-09 00:52:28,CUST0094,P006,Backpack,Fashion,1,1200.0,0,1200.0,Card,Delhi,Store
TXN003472,2025-03-07 05:53:53,CUST0388,P005,Ball Pen Pack,Stationery,4,100.0,5,380.0,Wallet,Pune,Store
TXN003473,2025-12-09 01:45:42,CUST0093,P011,Smart Watch,Electronics,1,4999.0,0,4999.0,Card,Pune,Online
TXN003474,2025-12-25 02:12:16,CUST0141,P002,Mechanical Keyboard,Electronics,3,3500.0,20,8400.0,Card,Hyderabad,Online
TXN003475,2025-11-03 01:15:39,CUST0007,P010,Desk Lamp,Home,4,850.0,15,2890.0,Card,Chennai,Store
TXN003476,2025-01-16 10:33:58,CUST0069,P007,Running Shoes,Fashion,4,2500.0,0,10000.0,Cash,Delhi,Online
TXN003477,2025-08-14 12:37:56,CUST0185,P007,Running Shoes,Fashion,2,2500.0,5,4750.0,UPI,Bengaluru,Store
TXN003478,2025-09-09 06:37:31,CUST0021,P001,Wireless Mouse,Electronics,2,599.0,20,958.4,UPI,Mumbai,Online
TXN003479,2025-08-12 06:39:01,CUST0113,P004,Notebook,Stationery,3,150.0,5,427.5,Card,Pune,Online
TXN003480,2025-04-26 16:25:48,CUST0429,P008,Coffee Mug,Home,1,250.0,0,250.0,Card,Bengaluru,Online
TXN003481,2025-09-27 20:15:53,CUST0024,P007,Running Shoes,Fashion,1,2500.0,20,2000.0,Card,Bengaluru,Store
TXN003482,2025-09-13 23:01:55,CUST0020,P006,Backpack,Fashion,4,1200.0,10,4320.0,Wallet,Mumbai,Store
TXN003483,2025-11-19 17:02:51,CUST0431,P001,Wireless Mouse,Electronics,4,599.0,15,2036.6,Card,Bengaluru,Store
TXN003484,2025-03-26 19:31:46,CUST0363,P009,Water Bottle,Home,3,450.0,0,1350.0,UPI,Hyderabad,Store
TXN003485,2025-03-30 15:37:22,CUST0238,P003,USB-C Cable,Electronics,2,299.0,10,538.2,Wallet,Mumbai,Store
TXN003486,2025-11-17 20:23:28,CUST0218,P011,Smart Watch,Electronics,2,4999.0,5,9498.1,UPI,Pune,Online
TXN003487,2025-11-02 10:43:04,CUST0211,P002,Mechanical Keyboard,Electronics,1,3500.0,25,2625.0,Cash,Delhi,Online
TXN003488,2025-06-19 01:02:12,CUST0154,P003,USB-C Cable,Electronics,2,299.0,25,448.5,UPI,Bengaluru,Store
TXN003489,2025-04-18 04:42:34,CUST0461,P005,Ball Pen Pack,Stationery,1,100.0,25,75.0,Card,Bengaluru,Online
TXN003490,2025-06-30 04:03:59,CUST0241,P011,Smart Watch,Electronics,4,4999.0,20,15996.8,Cash,Bengaluru,Store
TXN003491,2025-12-14 07:26:20,CUST0471,P001,Wireless Mouse,Electronics,4,599.0,25,1797.0,Card,Delhi,Store
TXN003492,2025-03-11 22:17:16,CUST0320,P001,Wireless Mouse,Electronics,3,599.0,15,1527.45,UPI,Bengaluru,Store
TXN003493,2025-11-30 08:22:59,CUST0175,P002,Mechanical Keyboard,Electronics,5,3500.0,20,14000.0,Wallet,Mumbai,Online
TXN003494,2025-11-21 15:05:29,CUST0434,P008,Coffee Mug,Home,5,250.0,20,1000.0,Card,Pune,Store
TXN003495,2025-09-28 19:37:00,CUST0094,P001,Wireless Mouse,Electronics,2,599.0,10,1078.2,Card,Bengaluru,Store
TXN003496,2025-04-14 12:58:23,CUST0396,P005,Ball Pen Pack,Stationery,1,100.0,15,85.0,Card,Pune,Store
TXN003497,2025-05-15 02:53:58,CUST0220,P006,Backpack,Fashion,2,1200.0,20,1920.0,Wallet,Hyderabad,Store
TXN003498,2025-06-24 05:35:01,CUST0292,P001,Wireless Mouse,Electronics,2,599.0,10,1078.2,Cash,Hyderabad,Store
TXN003499,2025-10-17 11:14:00,CUST0116,P007,Running Shoes,Fashion,2,2500.0,15,4250.0,UPI,Delhi,Store
TXN003500,2025-03-09 04:04:20,CUST0102,P009,Water Bottle,Home,4,450.0,25,1350.0,Cash,Mumbai,Online
TXN003501,2025-01-02 05:56:47,CUST0305,P006,Backpack,Fashion,2,1200.0,20,1920.0,Cash,Chennai,Store
TXN003502,2025-07-07 01:51:04,CUST0380,P005,Ball Pen Pack,Stationery,2,100.0,0,200.0,Wallet,Chennai,Store
TXN003503,2025-04-02 01:17:12,CUST0165,P010,Desk Lamp,Home,5,850.0,0,4250.0,UPI,Hyderabad,Online
TXN003504,2025-07-05 05:32:53,CUST0274,P002,Mechanical Keyboard,Electronics,3,3500.0,25,7875.0,Wallet,Mumbai,Store
TXN003505,2025-07-09 19:16:55,CUST0434,P011,Smart Watch,Electronics,4,4999.0,25,14997.0,UPI,Delhi,Online
TXN003506,2025-06-26 22:35:58,CUST0259,P009,Water Bottle,Home,3,450.0,10,1215.0,Card,Bengaluru,Online
TXN003507,2025-06-03 20:39:31,CUST0373,P007,Running Shoes,Fashion,1,2500.0,20,2000.0,Wallet,Chennai,Store
TXN003508,2025-12-08 03:56:10,CUST0213,P005,Ball Pen Pack,Stationery,4,100.0,15,340.0,Card,Chennai,Store
TXN003509,2025-10-21 05:16:52,CUST0120,P007,Running Shoes,Fashion,5,2500.0,0,12500.0,Cash,Chennai,Store
TXN003510,2025-12-09 15:20:03,CUST0356,P002,Mechanical Keyboard,Electronics,5,3500.0,10,15750.0,UPI,Mumbai,Online
TXN003511,2025-06-25 20:30:31,CUST0244,P012,Power Bank,Electronics,2,1500.0,20,2400.0,UPI,Mumbai,Store
TXN003512,2025-05-10 21:57:59,CUST0021,P012,Power Bank,Electronics,4,1500.0,25,4500.0,Wallet,Mumbai,Store
TXN003513,2025-04-02 17:25:50,CUST0187,P007,Running Shoes,Fashion,4,2500.0,0,10000.0,Cash,Mumbai,Online
TXN003514,2025-10-02 03:21:07,CUST0127,P008,Coffee Mug,Home,3,250.0,15,637.5,Card,Pune,Online
TXN003515,2025-06-03 22:19:29,CUST0248,P011,Smart Watch,Electronics,4,4999.0,25,14997.0,Card,Mumbai,Store
TXN003516,2025-07-02 22:04:04,CUST0359,P002,Mechanical Keyboard,Electronics,5,3500.0,5,16625.0,Card,Chennai,Online
TXN003517,2025-06-13 08:33:10,CUST0211,P008,Coffee Mug,Home,5,250.0,25,937.5,Cash,Mumbai,Online
TXN003518,2025-10-27 11:08:53,CUST0263,P008,Coffee Mug,Home,5,250.0,25,937.5,Wallet,Delhi,Online
TXN003519,2025-07-15 02:32:01,CUST0390,P006,Backpack,Fashion,5,1200.0,0,6000.0,Wallet,Bengaluru,Online
TXN003520,2025-08-11 09:24:07,CUST0213,P004,Notebook,Stationery,3,150.0,25,337.5,Card,Chennai,Store
TXN003521,2025-06-05 06:27:07,CUST0013,P012,Power Bank,Electronics,3,1500.0,25,3375.0,Cash,Mumbai,Store
TXN003522,2025-08-10 18:07:17,CUST0071,P003,USB-C Cable,Electronics,1,299.0,25,224.25,Wallet,Mumbai,Store
TXN003523,2025-09-09 14:58:28,CUST0439,P009,Water Bottle,Home,4,450.0,25,1350.0,UPI,Hyderabad,Store
TXN003524,2025-09-23 04:06:04,CUST0371,P008,Coffee Mug,Home,1,250.0,15,212.5,Wallet,Pune,Online
TXN003525,2025-11-22 19:26:57,CUST0032,P002,Mechanical Keyboard,Electronics,4,3500.0,5,13300.0,UPI,Bengaluru,Online
TXN003526,2025-11-11 09:52:28,CUST0298,P010,Desk Lamp,Home,2,850.0,20,1360.0,UPI,Chennai,Online
TXN003527,2025-07-10 12:08:46,CUST0062,P009,Water Bottle,Home,2,450.0,15,765.0,Cash,Pune,Online
TXN003528,2025-06-30 01:32:11,CUST0047,P008,Coffee Mug,Home,1,250.0,20,200.0,Wallet,Delhi,Store
TXN003529,2025-03-08 15:34:26,CUST0208,P010,Desk Lamp,Home,3,850.0,5,2422.5,UPI,Pune,Online
TXN003530,2025-12-10 10:03:18,CUST0045,P011,Smart Watch,Electronics,2,4999.0,10,8998.2,Cash,Chennai,Online
TXN003531,2025-02-13 20:48:51,CUST0145,P006,Backpack,Fashion,5,1200.0,20,4800.0,Wallet,Bengaluru,Online
TXN003532,2025-05-28 17:24:40,CUST0307,P003,USB-C Cable,Electronics,1,299.0,20,239.2,Cash,Hyderabad,Store
TXN003533,2025-03-15 17:32:19,CUST0002,P006,Backpack,Fashion,3,1200.0,20,2880.0,Card,Delhi,Online
TXN003534,2025-08-07 00:43:53,CUST0468,P009,Water Bottle,Home,3,450.0,25,1012.5,Card,Mumbai,Online
TXN003535,2025-11-01 00:19:04,CUST0447,P012,Power Bank,Electronics,1,1500.0,15,1275.0,UPI,Bengaluru,Store
TXN003536,2025-07-14 22:57:35,CUST0441,P001,Wireless Mouse,Electronics,4,599.0,25,1797.0,Wallet,Chennai,Store
TXN003537,2025-09-15 14:37:29,CUST0114,P011,Smart Watch,Electronics,1,4999.0,10,4499.1,UPI,Mumbai,Store
TXN003538,2025-09-10 15:01:08,CUST0436,P005,Ball Pen Pack,Stationery,5,100.0,25,375.0,Card,Chennai,Online
TXN003539,2025-05-08 14:28:18,CUST0001,P004,Notebook,Stationery,4,150.0,0,600.0,UPI,Bengaluru,Online
TXN003540,2025-12-30 20:41:15,CUST0307,P003,USB-C Cable,Electronics,4,299.0,25,897.0,Cash,Mumbai,Store
TXN003541,2025-12-08 16:39:40,CUST0025,P004,Notebook,Stationery,1,150.0,20,120.0,UPI,Hyderabad,Online
TXN003542,2025-06-26 10:01:29,CUST0082,P007,Running Shoes,Fashion,2,2500.0,20,4000.0,Card,Hyderabad,Store
TXN003543,2025-08-02 16:52:03,CUST0090,P011,Smart Watch,Electronics,3,4999.0,10,13497.3,Cash,Mumbai,Online
TXN003544,2025-06-27 17:32:40,CUST0076,P009,Water Bottle,Home,5,450.0,25,1687.5,Cash,Hyderabad,Online
TXN003545,2025-09-07 04:00:51,CUST0332,P008,Coffee Mug,Home,3,250.0,0,750.0,UPI,Bengaluru,Online
TXN003546,2025-06-14 06:28:52,CUST0480,P010,Desk Lamp,Home,1,850.0,25,637.5,Wallet,Mumbai,Online
TXN003547,2025-11-07 14:45:39,CUST0242,P007,Running Shoes,Fashion,4,2500.0,5,9500.0,UPI,Hyderabad,Online
TXN003548,2025-07-25 23:32:06,CUST0069,P001,Wireless Mouse,Electronics,2,599.0,20,958.4,UPI,Bengaluru,Online
TXN003549,2025-09-04 20:14:45,CUST0388,P003,USB-C Cable,Electronics,4,299.0,5,1136.2,Cash,Delhi,Store
TXN003550,2025-03-26 19:05:42,CUST0167,P010,Desk Lamp,Home,4,850.0,25,2550.0,Card,Chennai,Store
TXN003551,2025-05-10 17:10:44,CUST0268,P011,Smart Watch,Electronics,4,4999.0,0,19996.0,UPI,Pune,Online
TXN003552,2025-10-13 18:00:37,CUST0383,P005,Ball Pen Pack,Stationery,2,100.0,10,180.0,Card,Chennai,Store
TXN003553,2025-03-25 11:28:32,CUST0209,P010,Desk Lamp,Home,1,850.0,20,680.0,UPI,Pune,Online
TXN003554,2025-06-28 01:48:11,CUST0187,P004,Notebook,Stationery,1,150.0,5,142.5,Cash,Hyderabad,Store
TXN003555,2025-06-07 07:31:01,CUST0422,P012,Power Bank,Electronics,1,1500.0,5,1425.0,Wallet,Chennai,Store
TXN003556,2025-01-01 07:10:08,CUST0068,P005,Ball Pen Pack,Stationery,2,100.0,15,170.0,Cash,Pune,Store
TXN003557,2025-01-17 07:44:07,CUST0181,P006,Backpack,Fashion,2,1200.0,25,1800.0,Wallet,Delhi,Online
TXN003558,2025-09-29 19:39:20,CUST0273,P008,Coffee Mug,Home,3,250.0,10,675.0,UPI,Pune,Store
TXN003559,2025-11-18 04:50:32,CUST0360,P005,Ball Pen Pack,Stationery,5,100.0,20,400.0,Card,Mumbai,Store
TXN003560,2025-12-06 12:51:51,CUST0368,P010,Desk Lamp,Home,4,850.0,15,2890.0,Card,Hyderabad,Store
TXN003561,2025-04-18 08:39:22,CUST0481,P012,Power Bank,Electronics,4,1500.0,15,5100.0,Card,Pune,Online
TXN003562,2025-03-31 15:24:30,CUST0220,P001,Wireless Mouse,Electronics,4,599.0,15,2036.6,Wallet,Hyderabad,Store
TXN003563,2025-04-21 04:18:40,CUST0300,P002,Mechanical Keyboard,Electronics,2,3500.0,10,6300.0,Cash,Hyderabad,Store
TXN003564,2025-12-20 22:35:37,CUST0438,P011,Smart Watch,Electronics,2,4999.0,5,9498.1,UPI,Delhi,Online
TXN003565,2025-08-23 21:26:40,CUST0269,P007,Running Shoes,Fashion,2,2500.0,5,4750.0,Wallet,Hyderabad,Online
TXN003566,2025-01-05 07:16:10,CUST0197,P007,Running Shoes,Fashion,4,2500.0,0,10000.0,Wallet,Hyderabad,Store
TXN003567,2025-03-10 17:01:14,CUST0097,P006,Backpack,Fashion,4,1200.0,20,3840.0,Card,Hyderabad,Online
TXN003568,2025-03-25 15:04:45,CUST0165,P009,Water Bottle,Home,4,450.0,15,1530.0,Wallet,Chennai,Store
TXN003569,2025-06-25 03:03:49,CUST0313,P003,USB-C Cable,Electronics,3,299.0,15,762.45,UPI,Delhi,Online
TXN003570,2025-04-06 22:45:26,CUST0131,P009,Water Bottle,Home,2,450.0,0,900.0,Cash,Hyderabad,Online
TXN003571,2025-02-07 03:28:55,CUST0168,P004,Notebook,Stationery,5,150.0,20,600.0,Card,Hyderabad,Online
TXN003572,2025-03-02 02:26:53,CUST0065,P007,Running Shoes,Fashion,1,2500.0,0,2500.0,UPI,Mumbai,Store
TXN003573,2025-04-26 12:48:56,CUST0026,P011,Smart Watch,Electronics,4,4999.0,15,16996.6,Card,Hyderabad,Online
TXN003574,2025-11-04 17:47:28,CUST0157,P012,Power Bank,Electronics,2,1500.0,0,3000.0,Cash,Chennai,Online
TXN003575,2025-03-26 13:21:51,CUST0154,P002,Mechanical Keyboard,Electronics,1,3500.0,5,3325.0,Wallet,Delhi,Online
TXN003576,2025-12-16 23:10:17,CUST0326,P009,Water Bottle,Home,4,450.0,5,1710.0,UPI,Hyderabad,Store
TXN003577,2025-09-08 06:29:54,CUST0168,P011,Smart Watch,Electronics,4,4999.0,10,17996.4,Card,Chennai,Online
TXN003578,2025-04-26 06:51:22,CUST0466,P001,Wireless Mouse,Electronics,3,599.0,20,1437.6,Card,Mumbai,Online
TXN003579,2025-04-01 16:40:41,CUST0173,P004,Notebook,Stationery,1,150.0,20,120.0,Wallet,Bengaluru,Store
TXN003580,2025-08-25 08:51:14,CUST0483,P002,Mechanical Keyboard,Electronics,5,3500.0,10,15750.0,Wallet,Pune,Online
TXN003581,2025-09-10 01:26:40,CUST0439,P006,Backpack,Fashion,4,1200.0,20,3840.0,Card,Mumbai,Online
TXN003582,2025-07-04 00:40:38,CUST0338,P006,Backpack,Fashion,2,1200.0,25,1800.0,UPI,Bengaluru,Store
TXN003583,2025-06-08 20:31:49,CUST0052,P009,Water Bottle,Home,4,450.0,20,1440.0,Cash,Bengaluru,Online
TXN003584,2025-10-22 06:14:07,CUST0392,P011,Smart Watch,Electronics,3,4999.0,0,14997.0,Cash,Pune,Store
TXN003585,2025-07-10 14:08:42,CUST0132,P002,Mechanical Keyboard,Electronics,2,3500.0,10,6300.0,Card,Mumbai,Online
TXN003586,2025-07-07 06:04:27,CUST0339,P010,Desk Lamp,Home,3,850.0,15,2167.5,UPI,Mumbai,Online
TXN003587,2025-07-12 16:55:30,CUST0251,P008,Coffee Mug,Home,2,250.0,25,375.0,Card,Mumbai,Store
TXN003588,2025-05-16 18:37:07,CUST0032,P004,Notebook,Stationery,4,150.0,0,600.0,Card,Mumbai,Online
TXN003589,2025-09-27 21:57:38,CUST0171,P010,Desk Lamp,Home,5,850.0,20,3400.0,UPI,Hyderabad,Online
TXN003590,2025-07-20 06:04:46,CUST0248,P004,Notebook,Stationery,2,150.0,15,255.0,UPI,Pune,Store
TXN003591,2025-10-12 04:31:11,CUST0095,P005,Ball Pen Pack,Stationery,3,100.0,10,270.0,Wallet,Delhi,Online
TXN003592,2025-10-30 19:37:01,CUST0139,P008,Coffee Mug,Home,4,250.0,0,1000.0,Wallet,Chennai,Store
TXN003593,2025-12-03 07:43:04,CUST0066,P004,Notebook,Stationery,3,150.0,0,450.0,UPI,Chennai,Store
TXN003594,2025-06-10 14:27:41,CUST0165,P002,Mechanical Keyboard,Electronics,5,3500.0,0,17500.0,Wallet,Chennai,Online
TXN003595,2025-12-23 20:56:16,CUST0353,P009,Water Bottle,Home,3,450.0,0,1350.0,Wallet,Chennai,Online
TXN003596,2025-09-13 07:30:17,CUST0086,P009,Water Bottle,Home,5,450.0,10,2025.0,UPI,Delhi,Store
TXN003597,2025-05-29 22:43:39,CUST0099,P005,Ball Pen Pack,Stationery,1,100.0,20,80.0,UPI,Hyderabad,Store
TXN003598,2025-07-17 15:08:16,CUST0001,P006,Backpack,Fashion,3,1200.0,20,2880.0,UPI,Chennai,Online
TXN003599,2025-05-05 15:34:22,CUST0459,P008,Coffee Mug,Home,3,250.0,10,675.0,Wallet,Chennai,Store
TXN003600,2025-04-07 15:41:44,CUST0309,P011,Smart Watch,Electronics,1,4999.0,15,4249.15,UPI,Chennai,Store
TXN003601,2025-11-15 22:40:51,CUST0243,P001,Wireless Mouse,Electronics,1,599.0,10,539.1,UPI,Hyderabad,Online
TXN003602,2025-12-13 12:28:21,CUST0425,P001,Wireless Mouse,Electronics,3,599.0,10,1617.3,Cash,Mumbai,Store
TXN003603,2025-01-08 03:16:02,CUST0390,P004,Notebook,Stationery,5,150.0,25,562.5,Card,Pune,Online
TXN003604,2025-11-09 08:21:26,CUST0277,P001,Wireless Mouse,Electronics,2,599.0,20,958.4,Wallet,Bengaluru,Online
TXN003605,2025-10-25 22:38:14,CUST0482,P012,Power Bank,Electronics,1,1500.0,5,1425.0,Cash,Hyderabad,Store
TXN003606,2025-09-23 19:56:03,CUST0486,P005,Ball Pen Pack,Stationery,1,100.0,25,75.0,Wallet,Hyderabad,Online
TXN003607,2025-02-28 20:33:53,CUST0201,P006,Backpack,Fashion,2,1200.0,20,1920.0,Cash,Mumbai,Store
TXN003608,2025-04-20 16:56:48,CUST0355,P007,Running Shoes,Fashion,5,2500.0,5,11875.0,Card,Chennai,Online
TXN003609,2025-05-14 00:45:29,CUST0370,P007,Running Shoes,Fashion,2,2500.0,5,4750.0,UPI,Pune,Store
TXN003610,2025-04-27 12:01:33,CUST0135,P001,Wireless Mouse,Electronics,5,599.0,20,2396.0,UPI,Bengaluru,Store
TXN003611,2025-01-17 12:47:42,CUST0259,P012,Power Bank,Electronics,5,1500.0,20,6000.0,Wallet,Mumbai,Online
TXN003612,2025-01-16 22:23:33,CUST0348,P012,Power Bank,Electronics,1,1500.0,20,1200.0,UPI,Hyderabad,Store
TXN003613,2025-12-03 04:28:05,CUST0114,P002,Mechanical Keyboard,Electronics,1,3500.0,5,3325.0,Card,Bengaluru,Store
TXN003614,2025-02-08 22:29:26,CUST0050,P006,Backpack,Fashion,5,1200.0,10,5400.0,Cash,Hyderabad,Online
TXN003615,2025-05-14 04:09:17,CUST0084,P007,Running Shoes,Fashion,2,2500.0,5,4750.0,UPI,Mumbai,Store
TXN003616,2025-01-13 13:30:37,CUST0152,P008,Coffee Mug,Home,2,250.0,5,475.0,UPI,Delhi,Online
TXN003617,2025-08-22 06:10:52,CUST0464,P008,Coffee Mug,Home,1,250.0,15,212.5,Wallet,Delhi,Store
TXN003618,2025-10-04 04:34:02,CUST0143,P005,Ball Pen Pack,Stationery,4,100.0,25,300.0,UPI,Hyderabad,Online
TXN003619,2025-12-23 17:21:22,CUST0328,P004,Notebook,Stationery,1,150.0,15,127.5,UPI,Delhi,Store
TXN003620,2025-10-17 16:16:18,CUST0038,P010,Desk Lamp,Home,5,850.0,10,3825.0,Card,Hyderabad,Store
TXN003621,2025-06-13 14:05:50,CUST0449,P008,Coffee Mug,Home,4,250.0,15,850.0,Card,Bengaluru,Online
TXN003622,2025-04-07 09:21:55,CUST0168,P012,Power Bank,Electronics,5,1500.0,15,6375.0,UPI,Delhi,Online
TXN003623,2025-01-06 06:50:56,CUST0071,P012,Power Bank,Electronics,4,1500.0,0,6000.0,Cash,Mumbai,Online
TXN003624,2025-05-26 05:39:20,CUST0249,P009,Water Bottle,Home,4,450.0,0,1800.0,Card,Bengaluru,Store
TXN003625,2025-01-19 19:17:41,CUST0170,P001,Wireless Mouse,Electronics,4,599.0,5,2276.2,UPI,Bengaluru,Store
TXN003626,2025-04-03 16:54:04,CUST0223,P001,Wireless Mouse,Electronics,3,599.0,0,1797.0,Card,Chennai,Online
TXN003627,2025-09-09 06:17:04,CUST0325,P007,Running Shoes,Fashion,3,2500.0,0,7500.0,UPI,Mumbai,Online
TXN003628,2025-08-16 19:53:47,CUST0023,P010,Desk Lamp,Home,1,850.0,5,807.5,UPI,Chennai,Online
TXN003629,2025-09-06 04:47:34,CUST0015,P003,USB-C Cable,Electronics,3,299.0,5,852.15,UPI,Hyderabad,Store
TXN003630,2025-05-12 15:23:45,CUST0081,P012,Power Bank,Electronics,2,1500.0,15,2550.0,Cash,Hyderabad,Store
TXN003631,2025-09-28 08:15:03,CUST0306,P006,Backpack,Fashion,2,1200.0,0,2400.0,Card,Bengaluru,Online
TXN003632,2025-01-20 05:44:12,CUST0320,P012,Power Bank,Electronics,5,1500.0,15,6375.0,UPI,Pune,Store
TXN003633,2025-05-16 11:12:32,CUST0470,P008,Coffee Mug,Home,3,250.0,25,562.5,Cash,Delhi,Store
TXN003634,2025-09-02 17:33:31,CUST0303,P003,USB-C Cable,Electronics,1,299.0,10,269.1,Cash,Chennai,Store
TXN003635,2025-09-27 07:45:21,CUST0147,P006,Backpack,Fashion,2,1200.0,20,1920.0,UPI,Mumbai,Online
TXN003636,2025-09-02 21:49:13,CUST0288,P002,Mechanical Keyboard,Electronics,5,3500.0,20,14000.0,Wallet,Delhi,Store
TXN003637,2025-07-25 14:17:45,CUST0109,P005,Ball Pen Pack,Stationery,3,100.0,10,270.0,Wallet,Bengaluru,Online
TXN003638,2025-12-03 16:36:50,CUST0086,P010,Desk Lamp,Home,3,850.0,5,2422.5,UPI,Bengaluru,Store
TXN003639,2025-01-21 07:46:41,CUST0162,P012,Power Bank,Electronics,4,1500.0,15,5100.0,UPI,Pune,Store
TXN003640,2025-02-09 19:49:30,CUST0416,P007,Running Shoes,Fashion,2,2500.0,10,4500.0,Wallet,Mumbai,Store
TXN003641,2025-01-05 01:43:38,CUST0152,P008,Coffee Mug,Home,2,250.0,15,425.0,Wallet,Mumbai,Online
TXN003642,2025-03-18 09:45:10,CUST0181,P002,Mechanical Keyboard,Electronics,3,3500.0,20,8400.0,Cash,Mumbai,Online
TXN003643,2025-05-26 10:12:33,CUST0489,P004,Notebook,Stationery,1,150.0,0,150.0,Wallet,Pune,Online
TXN003644,2025-06-14 08:08:28,CUST0255,P002,Mechanical Keyboard,Electronics,3,3500.0,15,8925.0,UPI,Delhi,Store
TXN003645,2025-08-11 04:11:13,CUST0032,P006,Backpack,Fashion,2,1200.0,5,2280.0,Cash,Delhi,Online
TXN003646,2025-03-23 05:46:52,CUST0126,P010,Desk Lamp,Home,3,850.0,10,2295.0,Wallet,Hyderabad,Store
TXN003647,2025-01-22 23:41:04,CUST0364,P007,Running Shoes,Fashion,3,2500.0,25,5625.0,Cash,Pune,Online
TXN003648,2025-09-22 02:08:49,CUST0416,P006,Backpack,Fashion,4,1200.0,20,3840.0,UPI,Delhi,Store
TXN003649,2025-02-17 19:27:07,CUST0294,P012,Power Bank,Electronics,1,1500.0,25,1125.0,Wallet,Bengaluru,Store
TXN003650,2025-11-26 04:19:12,CUST0368,P007,Running Shoes,Fashion,5,2500.0,5,11875.0,Wallet,Delhi,Store
TXN003651,2025-12-10 18:25:34,CUST0064,P009,Water Bottle,Home,2,450.0,5,855.0,Cash,Chennai,Store
TXN003652,2025-04-13 11:11:47,CUST0322,P011,Smart Watch,Electronics,5,4999.0,15,21245.75,Wallet,Hyderabad,Online
TXN003653,2025-05-26 08:18:44,CUST0352,P008,Coffee Mug,Home,1,250.0,5,237.5,Card,Chennai,Store
TXN003654,2025-11-26 03:52:41,CUST0243,P012,Power Bank,Electronics,1,1500.0,20,1200.0,Cash,Pune,Online
TXN003655,2025-11-09 21:46:04,CUST0329,P002,Mechanical Keyboard,Electronics,5,3500.0,5,16625.0,Card,Mumbai,Store
TXN003656,2025-06-17 23:04:03,CUST0251,P004,Notebook,Stationery,2,150.0,5,285.0,Card,Chennai,Store
TXN003657,2025-03-24 14:31:15,CUST0403,P011,Smart Watch,Electronics,2,4999.0,5,9498.1,Wallet,Delhi,Store
TXN003658,2025-01-16 12:03:50,CUST0096,P009,Water Bottle,Home,2,450.0,10,810.0,Card,Pune,Store
TXN003659,2025-12-30 00:42:00,CUST0412,P008,Coffee Mug,Home,4,250.0,20,800.0,Card,Delhi,Online
TXN003660,2025-06-20 14:32:09,CUST0243,P004,Notebook,Stationery,5,150.0,25,562.5,Card,Pune,Store
TXN003661,2025-09-11 02:20:10,CUST0073,P001,Wireless Mouse,Electronics,2,599.0,5,1138.1,Card,Mumbai,Online
TXN003662,2025-04-08 14:51:55,CUST0353,P001,Wireless Mouse,Electronics,1,599.0,15,509.15,Card,Pune,Online
TXN003663,2025-07-20 11:56:42,CUST0143,P005,Ball Pen Pack,Stationery,2,100.0,5,190.0,Cash,Bengaluru,Online
TXN003664,2025-08-23 19:44:45,CUST0303,P009,Water Bottle,Home,2,450.0,20,720.0,UPI,Chennai,Store
TXN003665,2025-05-09 16:51:59,CUST0420,P006,Backpack,Fashion,1,1200.0,10,1080.0,Cash,Chennai,Store
TXN003666,2025-02-19 06:12:47,CUST0460,P007,Running Shoes,Fashion,1,2500.0,15,2125.0,Cash,Bengaluru,Online
TXN003667,2025-03-20 08:20:54,CUST0283,P004,Notebook,Stationery,1,150.0,0,150.0,UPI,Chennai,Store
TXN003668,2025-11-03 06:18:26,CUST0146,P004,Notebook,Stationery,2,150.0,25,225.0,Card,Pune,Store
TXN003669,2025-08-31 21:18:25,CUST0372,P003,USB-C Cable,Electronics,2,299.0,15,508.3,Wallet,Bengaluru,Store
TXN003670,2025-03-26 19:06:46,CUST0105,P002,Mechanical Keyboard,Electronics,4,3500.0,25,10500.0,UPI,Bengaluru,Store
TXN003671,2025-12-27 14:59:27,CUST0153,P012,Power Bank,Electronics,4,1500.0,0,6000.0,Wallet,Mumbai,Online
TXN003672,2025-08-05 21:42:22,CUST0186,P001,Wireless Mouse,Electronics,2,599.0,15,1018.3,UPI,Delhi,Store
TXN003673,2025-03-07 19:32:05,CUST0320,P009,Water Bottle,Home,3,450.0,5,1282.5,Cash,Mumbai,Online
TXN003674,2025-09-06 16:09:05,CUST0243,P012,Power Bank,Electronics,3,1500.0,25,3375.0,UPI,Pune,Store
TXN003675,2025-04-15 22:53:59,CUST0010,P011,Smart Watch,Electronics,4,4999.0,15,16996.6,Cash,Hyderabad,Online
TXN003676,2025-06-16 05:30:24,CUST0233,P007,Running Shoes,Fashion,2,2500.0,10,4500.0,UPI,Bengaluru,Online
TXN003677,2025-01-06 08:33:49,CUST0432,P001,Wireless Mouse,Electronics,2,599.0,25,898.5,Wallet,Pune,Store
TXN003678,2025-09-04 08:02:12,CUST0434,P007,Running Shoes,Fashion,3,2500.0,15,6375.0,UPI,Delhi,Store
TXN003679,2025-04-14 19:05:51,CUST0162,P010,Desk Lamp,Home,4,850.0,25,2550.0,Card,Mumbai,Online
TXN003680,2025-08-16 23:55:54,CUST0358,P010,Desk Lamp,Home,4,850.0,25,2550.0,Cash,Hyderabad,Online
TXN003681,2025-04-11 01:49:16,CUST0307,P012,Power Bank,Electronics,5,1500.0,15,6375.0,UPI,Hyderabad,Store
TXN003682,2025-11-13 01:47:45,CUST0161,P001,Wireless Mouse,Electronics,3,599.0,20,1437.6,Card,Pune,Store
TXN003683,2025-10-29 00:14:46,CUST0447,P007,Running Shoes,Fashion,3,2500.0,5,7125.0,Card,Pune,Online
TXN003684,2025-08-18 07:39:00,CUST0132,P007,Running Shoes,Fashion,1,2500.0,5,2375.0,UPI,Pune,Online
TXN003685,2025-09-14 12:36:45,CUST0444,P002,Mechanical Keyboard,Electronics,3,3500.0,20,8400.0,Cash,Hyderabad,Store
TXN003686,2025-03-30 12:54:46,CUST0129,P001,Wireless Mouse,Electronics,1,599.0,25,449.25,UPI,Pune,Store
TXN003687,2025-06-19 16:33:05,CUST0380,P012,Power Bank,Electronics,2,1500.0,5,2850.0,Card,Hyderabad,Store
TXN003688,2025-12-31 16:33:02,CUST0255,P005,Ball Pen Pack,Stationery,2,100.0,25,150.0,Card,Delhi,Store
TXN003689,2025-10-05 17:31:02,CUST0237,P012,Power Bank,Electronics,5,1500.0,25,5625.0,Wallet,Mumbai,Online
TXN003690,2025-12-20 00:25:58,CUST0495,P003,USB-C Cable,Electronics,2,299.0,15,508.3,Wallet,Mumbai,Store
TXN003691,2025-09-13 06:08:56,CUST0280,P005,Ball Pen Pack,Stationery,1,100.0,15,85.0,UPI,Bengaluru,Online
TXN003692,2025-10-12 00:05:29,CUST0103,P012,Power Bank,Electronics,3,1500.0,20,3600.0,Cash,Bengaluru,Store
TXN003693,2025-07-01 13:46:33,CUST0383,P010,Desk Lamp,Home,5,850.0,20,3400.0,Cash,Bengaluru,Online
TXN003694,2025-10-20 10:49:33,CUST0348,P006,Backpack,Fashion,5,1200.0,15,5100.0,Wallet,Hyderabad,Store
TXN003695,2025-08-09 08:15:44,CUST0397,P007,Running Shoes,Fashion,2,2500.0,25,3750.0,Card,Mumbai,Store
TXN003696,2025-03-01 20:55:28,CUST0104,P007,Running Shoes,Fashion,1,2500.0,0,2500.0,UPI,Hyderabad,Online
TXN003697,2025-06-12 00:24:26,CUST0043,P007,Running Shoes,Fashion,4,2500.0,5,9500.0,UPI,Mumbai,Store
TXN003698,2025-05-06 07:19:48,CUST0183,P006,Backpack,Fashion,4,1200.0,25,3600.0,Wallet,Delhi,Store
TXN003699,2025-07-13 21:27:40,CUST0341,P009,Water Bottle,Home,4,450.0,10,1620.0,Cash,Delhi,Store
TXN003700,2025-05-17 17:29:03,CUST0052,P003,USB-C Cable,Electronics,3,299.0,15,762.45,Wallet,Delhi,Online
TXN003701,2025-01-03 15:50:00,CUST0027,P007,Running Shoes,Fashion,5,2500.0,15,10625.0,Cash,Hyderabad,Store
TXN003702,2025-11-10 22:25:47,CUST0272,P003,USB-C Cable,Electronics,3,299.0,25,672.75,UPI,Delhi,Online
TXN003703,2025-06-11 01:30:00,CUST0196,P006,Backpack,Fashion,3,1200.0,10,3240.0,UPI,Pune,Online
TXN003704,2025-12-13 07:56:13,CUST0132,P005,Ball Pen Pack,Stationery,3,100.0,0,300.0,Wallet,Delhi,Online
TXN003705,2025-02-25 19:34:12,CUST0411,P004,Notebook,Stationery,2,150.0,20,240.0,Wallet,Hyderabad,Store
TXN003706,2025-01-07 14:20:41,CUST0263,P004,Notebook,Stationery,3,150.0,15,382.5,UPI,Chennai,Online
TXN003707,2025-06-25 18:52:00,CUST0011,P004,Notebook,Stationery,4,150.0,5,570.0,UPI,Hyderabad,Store
TXN003708,2025-11-11 12:43:29,CUST0480,P005,Ball Pen Pack,Stationery,2,100.0,5,190.0,Wallet,Mumbai,Online
TXN003709,2025-01-18 13:30:03,CUST0409,P012,Power Bank,Electronics,3,1500.0,25,3375.0,UPI,Hyderabad,Online
TXN003710,2025-01-12 19:19:07,CUST0312,P005,Ball Pen Pack,Stationery,1,100.0,5,95.0,Cash,Chennai,Online
TXN003711,2025-08-15 18:10:21,CUST0395,P007,Running Shoes,Fashion,1,2500.0,20,2000.0,Wallet,Hyderabad,Store
TXN003712,2025-12-04 02:24:27,CUST0433,P010,Desk Lamp,Home,4,850.0,5,3230.0,Cash,Delhi,Online
TXN003713,2025-08-04 15:11:58,CUST0138,P002,Mechanical Keyboard,Electronics,2,3500.0,10,6300.0,Wallet,Hyderabad,Store
TXN003714,2025-07-24 12:31:02,CUST0007,P005,Ball Pen Pack,Stationery,3,100.0,0,300.0,Wallet,Pune,Store
TXN003715,2025-10-20 15:13:53,CUST0395,P007,Running Shoes,Fashion,4,2500.0,10,9000.0,UPI,Hyderabad,Store
TXN003716,2025-07-13 12:10:11,CUST0328,P011,Smart Watch,Electronics,2,4999.0,20,7998.4,Cash,Chennai,Online
TXN003717,2025-12-11 23:17:13,CUST0173,P010,Desk Lamp,Home,5,850.0,0,4250.0,Card,Chennai,Store
TXN003718,2025-01-01 10:09:26,CUST0087,P012,Power Bank,Electronics,5,1500.0,10,6750.0,Cash,Pune,Online
TXN003719,2025-11-08 05:52:34,CUST0120,P002,Mechanical Keyboard,Electronics,3,3500.0,20,8400.0,Card,Delhi,Store
TXN003720,2025-08-26 02:29:51,CUST0431,P001,Wireless Mouse,Electronics,4,599.0,5,2276.2,Cash,Pune,Online
TXN003721,2025-03-30 07:07:37,CUST0050,P010,Desk Lamp,Home,4,850.0,25,2550.0,Wallet,Bengaluru,Store
TXN003722,2025-07-26 20:06:08,CUST0224,P008,Coffee Mug,Home,3,250.0,20,600.0,Cash,Mumbai,Store
TXN003723,2025-01-26 21:37:48,CUST0263,P007,Running Shoes,Fashion,3,2500.0,25,5625.0,Card,Pune,Online
TXN003724,2025-07-14 12:21:21,CUST0268,P012,Power Bank,Electronics,2,1500.0,20,2400.0,Cash,Chennai,Store
TXN003725,2025-09-28 10:16:43,CUST0264,P005,Ball Pen Pack,Stationery,1,100.0,20,80.0,Wallet,Pune,Online
TXN003726,2025-09-09 03:42:26,CUST0393,P004,Notebook,Stationery,2,150.0,15,255.0,UPI,Chennai,Store
TXN003727,2025-10-08 14:51:18,CUST0281,P007,Running Shoes,Fashion,5,2500.0,10,11250.0,Card,Bengaluru,Store
TXN003728,2025-11-22 16:43:31,CUST0247,P005,Ball Pen Pack,Stationery,5,100.0,5,475.0,UPI,Bengaluru,Online
TXN003729,2025-09-29 18:33:05,CUST0002,P007,Running Shoes,Fashion,4,2500.0,5,9500.0,Card,Chennai,Online
TXN003730,2025-05-25 06:54:53,CUST0048,P009,Water Bottle,Home,1,450.0,15,382.5,Card,Delhi,Online
TXN003731,2025-12-11 05:25:04,CUST0196,P006,Backpack,Fashion,3,1200.0,20,2880.0,Cash,Bengaluru,Online
TXN003732,2025-12-29 13:26:56,CUST0216,P003,USB-C Cable,Electronics,2,299.0,5,568.1,Wallet,Chennai,Online
TXN003733,2025-03-27 11:08:28,CUST0335,P008,Coffee Mug,Home,1,250.0,15,212.5,UPI,Pune,Online
TXN003734,2025-03-30 13:06:16,CUST0242,P011,Smart Watch,Electronics,5,4999.0,0,24995.0,UPI,Chennai,Store
TXN003735,2025-05-03 20:40:26,CUST0422,P005,Ball Pen Pack,Stationery,5,100.0,25,375.0,Wallet,Mumbai,Store
TXN003736,2025-11-11 12:59:59,CUST0239,P008,Coffee Mug,Home,5,250.0,10,1125.0,Cash,Mumbai,Store
TXN003737,2025-06-13 09:23:16,CUST0255,P006,Backpack,Fashion,3,1200.0,5,3420.0,UPI,Hyderabad,Online
TXN003738,2025-11-24 09:15:48,CUST0232,P012,Power Bank,Electronics,2,1500.0,15,2550.0,UPI,Delhi,Online
TXN003739,2025-05-05 10:23:47,CUST0253,P010,Desk Lamp,Home,1,850.0,20,680.0,Cash,Delhi,Store
TXN003740,2025-03-07 02:35:42,CUST0208,P009,Water Bottle,Home,2,450.0,20,720.0,Cash,Hyderabad,Store
TXN003741,2025-06-09 15:01:47,CUST0106,P009,Water Bottle,Home,1,450.0,5,427.5,UPI,Chennai,Store
TXN003742,2025-06-04 19:09:44,CUST0041,P003,USB-C Cable,Electronics,2,299.0,20,478.4,Wallet,Chennai,Online
TXN003743,2025-03-12 01:30:44,CUST0059,P011,Smart Watch,Electronics,5,4999.0,0,24995.0,Cash,Chennai,Online
TXN003744,2025-08-01 12:06:22,CUST0450,P009,Water Bottle,Home,1,450.0,5,427.5,Wallet,Chennai,Online
TXN003745,2025-07-18 08:28:29,CUST0393,P003,USB-C Cable,Electronics,1,299.0,25,224.25,Wallet,Mumbai,Store
TXN003746,2025-05-31 16:38:43,CUST0367,P010,Desk Lamp,Home,1,850.0,0,850.0,UPI,Bengaluru,Online
TXN003747,2025-03-27 05:23:08,CUST0247,P003,USB-C Cable,Electronics,5,299.0,20,1196.0,Card,Bengaluru,Online
TXN003748,2025-03-28 22:56:01,CUST0141,P012,Power Bank,Electronics,5,1500.0,25,5625.0,Wallet,Chennai,Store
TXN003749,2025-08-24 22:02:55,CUST0462,P008,Coffee Mug,Home,1,250.0,5,237.5,Cash,Mumbai,Store
TXN003750,2025-07-10 14:51:55,CUST0168,P008,Coffee Mug,Home,5,250.0,20,1000.0,Wallet,Hyderabad,Online
TXN003751,2025-03-16 04:19:55,CUST0174,P006,Backpack,Fashion,4,1200.0,0,4800.0,Wallet,Bengaluru,Online
TXN003752,2025-10-15 06:49:50,CUST0052,P003,USB-C Cable,Electronics,2,299.0,0,598.0,Cash,Delhi,Store
TXN003753,2025-09-03 11:50:16,CUST0022,P011,Smart Watch,Electronics,3,4999.0,15,12747.45,UPI,Delhi,Online
TXN003754,2025-09-07 23:47:18,CUST0048,P009,Water Bottle,Home,4,450.0,20,1440.0,Card,Hyderabad,Store
TXN003755,2025-10-04 02:08:45,CUST0421,P005,Ball Pen Pack,Stationery,3,100.0,0,300.0,Cash,Delhi,Online
TXN003756,2025-02-10 15:36:03,CUST0498,P002,Mechanical Keyboard,Electronics,3,3500.0,0,10500.0,Cash,Bengaluru,Online
TXN003757,2025-09-10 23:29:40,CUST0471,P012,Power Bank,Electronics,1,1500.0,5,1425.0,Card,Chennai,Store
TXN003758,2025-11-27 10:19:36,CUST0026,P004,Notebook,Stationery,4,150.0,20,480.0,Wallet,Mumbai,Store
TXN003759,2025-09-01 19:22:56,CUST0385,P007,Running Shoes,Fashion,5,2500.0,20,10000.0,UPI,Chennai,Online
TXN003760,2025-08-15 07:53:49,CUST0328,P008,Coffee Mug,Home,4,250.0,20,800.0,Wallet,Hyderabad,Online
TXN003761,2025-12-06 07:34:14,CUST0452,P003,USB-C Cable,Electronics,2,299.0,25,448.5,Cash,Chennai,Store
TXN003762,2025-05-19 16:58:37,CUST0219,P009,Water Bottle,Home,3,450.0,10,1215.0,Wallet,Bengaluru,Store
TXN003763,2025-01-10 14:35:27,CUST0469,P004,Notebook,Stationery,4,150.0,25,450.0,Wallet,Delhi,Online
TXN003764,2025-01-26 18:50:01,CUST0222,P004,Notebook,Stationery,2,150.0,20,240.0,Cash,Bengaluru,Online
TXN003765,2025-10-22 12:38:14,CUST0256,P009,Water Bottle,Home,2,450.0,0,900.0,Cash,Hyderabad,Store
TXN003766,2025-05-23 03:50:49,CUST0232,P012,Power Bank,Electronics,2,1500.0,20,2400.0,Card,Chennai,Store
TXN003767,2025-04-01 16:34:38,CUST0054,P009,Water Bottle,Home,4,450.0,20,1440.0,Card,Chennai,Online
TXN003768,2025-02-23 02:11:03,CUST0290,P002,Mechanical Keyboard,Electronics,3,3500.0,20,8400.0,Cash,Chennai,Store
TXN003769,2025-09-07 12:50:28,CUST0084,P004,Notebook,Stationery,2,150.0,5,285.0,Cash,Mumbai,Store
TXN003770,2025-11-28 20:51:24,CUST0378,P006,Backpack,Fashion,1,1200.0,20,960.0,Cash,Chennai,Store
TXN003771,2025-07-28 18:16:29,CUST0127,P010,Desk Lamp,Home,4,850.0,15,2890.0,UPI,Bengaluru,Online
TXN003772,2025-04-27 11:11:15,CUST0150,P007,Running Shoes,Fashion,4,2500.0,25,7500.0,Cash,Bengaluru,Online
TXN003773,2025-10-10 09:34:47,CUST0063,P006,Backpack,Fashion,5,1200.0,10,5400.0,Cash,Chennai,Online
TXN003774,2025-12-24 21:43:50,CUST0322,P008,Coffee Mug,Home,3,250.0,25,562.5,UPI,Bengaluru,Online
TXN003775,2025-06-21 15:18:17,CUST0002,P006,Backpack,Fashion,1,1200.0,5,1140.0,Card,Mumbai,Online
TXN003776,2025-06-07 02:06:55,CUST0290,P009,Water Bottle,Home,1,450.0,25,337.5,Cash,Mumbai,Online
TXN003777,2025-11-02 22:13:41,CUST0391,P005,Ball Pen Pack,Stationery,3,100.0,25,225.0,Wallet,Bengaluru,Online
TXN003778,2025-10-01 21:15:06,CUST0303,P005,Ball Pen Pack,Stationery,5,100.0,5,475.0,Wallet,Bengaluru,Store
TXN003779,2025-01-11 00:45:26,CUST0377,P003,USB-C Cable,Electronics,5,299.0,25,1121.25,Card,Hyderabad,Store
TXN003780,2025-04-23 02:05:29,CUST0341,P011,Smart Watch,Electronics,2,4999.0,5,9498.1,UPI,Pune,Store
TXN003781,2025-11-28 04:07:28,CUST0325,P006,Backpack,Fashion,1,1200.0,20,960.0,Wallet,Chennai,Online
TXN003782,2025-02-15 06:33:29,CUST0286,P004,Notebook,Stationery,4,150.0,15,510.0,Wallet,Bengaluru,Online
TXN003783,2025-08-21 22:23:04,CUST0383,P007,Running Shoes,Fashion,4,2500.0,15,8500.0,Wallet,Mumbai,Online
TXN003784,2025-02-24 04:41:55,CUST0161,P012,Power Bank,Electronics,4,1500.0,5,5700.0,Cash,Pune,Online
TXN003785,2025-02-22 04:57:10,CUST0407,P003,USB-C Cable,Electronics,2,299.0,25,448.5,Card,Delhi,Online
TXN003786,2025-01-29 02:32:31,CUST0461,P004,Notebook,Stationery,4,150.0,15,510.0,Card,Bengaluru,Store
TXN003787,2025-05-20 01:34:45,CUST0317,P012,Power Bank,Electronics,1,1500.0,0,1500.0,Wallet,Bengaluru,Online
TXN003788,2025-05-08 03:34:08,CUST0077,P011,Smart Watch,Electronics,3,4999.0,10,13497.3,Wallet,Mumbai,Store
TXN003789,2025-04-25 02:05:40,CUST0014,P010,Desk Lamp,Home,2,850.0,5,1615.0,Card,Delhi,Online
TXN003790,2025-06-27 20:08:06,CUST0156,P007,Running Shoes,Fashion,3,2500.0,15,6375.0,Cash,Pune,Store
TXN003791,2025-11-12 22:53:33,CUST0027,P002,Mechanical Keyboard,Electronics,5,3500.0,15,14875.0,Card,Bengaluru,Online
TXN003792,2025-05-28 10:13:19,CUST0112,P002,Mechanical Keyboard,Electronics,5,3500.0,20,14000.0,Cash,Chennai,Store
TXN003793,2025-12-14 01:12:56,CUST0314,P011,Smart Watch,Electronics,3,4999.0,10,13497.3,Card,Chennai,Online
TXN003794,2025-07-08 17:32:46,CUST0351,P008,Coffee Mug,Home,4,250.0,10,900.0,UPI,Delhi,Online
TXN003795,2025-01-11 05:22:27,CUST0111,P009,Water Bottle,Home,3,450.0,0,1350.0,Card,Chennai,Store
TXN003796,2025-05-14 07:33:19,CUST0033,P012,Power Bank,Electronics,2,1500.0,10,2700.0,Cash,Chennai,Store
TXN003797,2025-12-06 19:38:10,CUST0282,P007,Running Shoes,Fashion,4,2500.0,5,9500.0,Card,Hyderabad,Online
TXN003798,2025-08-11 09:36:18,CUST0001,P005,Ball Pen Pack,Stationery,4,100.0,5,380.0,Card,Mumbai,Store
TXN003799,2025-12-26 07:02:11,CUST0185,P005,Ball Pen Pack,Stationery,4,100.0,25,300.0,UPI,Delhi,Store
TXN003800,2025-04-24 13:27:55,CUST0298,P004,Notebook,Stationery,2,150.0,10,270.0,UPI,Mumbai,Store
TXN003801,2025-09-28 13:32:58,CUST0401,P010,Desk Lamp,Home,4,850.0,20,2720.0,Wallet,Hyderabad,Store
TXN003802,2025-03-24 23:25:14,CUST0033,P003,USB-C Cable,Electronics,1,299.0,10,269.1,UPI,Hyderabad,Store
TXN003803,2025-04-21 20:15:34,CUST0125,P008,Coffee Mug,Home,4,250.0,25,750.0,Wallet,Bengaluru,Online
TXN003804,2025-07-19 13:16:07,CUST0100,P001,Wireless Mouse,Electronics,5,599.0,10,2695.5,UPI,Mumbai,Online
TXN003805,2025-10-08 19:39:22,CUST0357,P009,Water Bottle,Home,4,450.0,5,1710.0,UPI,Delhi,Online
TXN003806,2025-08-15 03:24:08,CUST0044,P006,Backpack,Fashion,1,1200.0,0,1200.0,Cash,Pune,Store
TXN003807,2025-07-06 22:47:48,CUST0274,P007,Running Shoes,Fashion,2,2500.0,25,3750.0,UPI,Mumbai,Store
TXN003808,2025-11-07 01:55:25,CUST0281,P002,Mechanical Keyboard,Electronics,5,3500.0,15,14875.0,UPI,Mumbai,Store
TXN003809,2025-09-03 00:03:29,CUST0269,P006,Backpack,Fashion,4,1200.0,10,4320.0,Card,Delhi,Store
TXN003810,2025-11-22 19:34:35,CUST0028,P007,Running Shoes,Fashion,5,2500.0,25,9375.0,UPI,Pune,Store
TXN003811,2025-11-16 05:17:54,CUST0297,P011,Smart Watch,Electronics,2,4999.0,5,9498.1,UPI,Delhi,Store
TXN003812,2025-03-11 14:19:10,CUST0362,P012,Power Bank,Electronics,2,1500.0,0,3000.0,Wallet,Mumbai,Online
TXN003813,2025-03-13 17:24:00,CUST0100,P001,Wireless Mouse,Electronics,2,599.0,20,958.4,Wallet,Delhi,Store
TXN003814,2025-12-20 09:22:56,CUST0357,P001,Wireless Mouse,Electronics,3,599.0,5,1707.15,Card,Delhi,Online
TXN003815,2025-02-07 05:16:17,CUST0149,P003,USB-C Cable,Electronics,1,299.0,15,254.15,Wallet,Bengaluru,Online
TXN003816,2025-02-10 00:55:54,CUST0162,P002,Mechanical Keyboard,Electronics,3,3500.0,10,9450.0,Card,Mumbai,Online
TXN003817,2025-11-30 23:00:02,CUST0206,P007,Running Shoes,Fashion,2,2500.0,5,4750.0,Card,Pune,Online
TXN003818,2025-11-28 05:25:22,CUST0070,P005,Ball Pen Pack,Stationery,1,100.0,0,100.0,Cash,Pune,Online
TXN003819,2025-03-13 12:46:04,CUST0341,P003,USB-C Cable,Electronics,1,299.0,10,269.1,Wallet,Pune,Online
TXN003820,2025-02-07 03:06:37,CUST0492,P011,Smart Watch,Electronics,5,4999.0,0,24995.0,UPI,Mumbai,Online
TXN003821,2025-04-10 10:20:06,CUST0274,P005,Ball Pen Pack,Stationery,2,100.0,5,190.0,UPI,Pune,Online
TXN003822,2025-09-07 05:28:20,CUST0090,P006,Backpack,Fashion,2,1200.0,20,1920.0,Wallet,Mumbai,Online
TXN003823,2025-03-03 11:41:07,CUST0125,P012,Power Bank,Electronics,5,1500.0,10,6750.0,Cash,Bengaluru,Store
TXN003824,2025-05-10 10:10:34,CUST0065,P004,Notebook,Stationery,3,150.0,5,427.5,Wallet,Delhi,Store
TXN003825,2025-08-25 16:07:50,CUST0227,P007,Running Shoes,Fashion,1,2500.0,5,2375.0,Cash,Hyderabad,Store
TXN003826,2025-06-16 18:17:11,CUST0099,P005,Ball Pen Pack,Stationery,2,100.0,25,150.0,UPI,Chennai,Store
TXN003827,2025-04-07 03:01:39,CUST0224,P008,Coffee Mug,Home,4,250.0,25,750.0,Card,Delhi,Store
TXN003828,2025-03-10 20:59:35,CUST0319,P008,Coffee Mug,Home,2,250.0,10,450.0,Wallet,Mumbai,Store
TXN003829,2025-09-25 07:57:37,CUST0091,P007,Running Shoes,Fashion,4,2500.0,10,9000.0,Cash,Hyderabad,Online
TXN003830,2025-04-14 21:23:02,CUST0250,P007,Running Shoes,Fashion,2,2500.0,10,4500.0,Card,Chennai,Online
TXN003831,2025-08-29 14:59:00,CUST0470,P007,Running Shoes,Fashion,4,2500.0,10,9000.0,UPI,Delhi,Store
TXN003832,2025-10-31 23:49:02,CUST0190,P004,Notebook,Stationery,2,150.0,15,255.0,Cash,Pune,Store
TXN003833,2025-12-08 01:00:57,CUST0227,P005,Ball Pen Pack,Stationery,4,100.0,15,340.0,Cash,Chennai,Online
TXN003834,2025-05-12 06:59:01,CUST0107,P009,Water Bottle,Home,5,450.0,25,1687.5,Wallet,Pune,Store
TXN003835,2025-10-18 11:17:03,CUST0128,P003,USB-C Cable,Electronics,3,299.0,5,852.15,Wallet,Bengaluru,Online
TXN003836,2025-04-26 15:47:33,CUST0053,P006,Backpack,Fashion,4,1200.0,0,4800.0,Card,Chennai,Store
TXN003837,2025-12-02 07:34:35,CUST0331,P012,Power Bank,Electronics,4,1500.0,5,5700.0,Card,Delhi,Store
TXN003838,2025-03-24 12:40:00,CUST0482,P011,Smart Watch,Electronics,3,4999.0,15,12747.45,Cash,Hyderabad,Store
TXN003839,2025-04-06 16:09:28,CUST0343,P010,Desk Lamp,Home,1,850.0,15,722.5,UPI,Bengaluru,Online
TXN003840,2025-04-25 23:14:49,CUST0290,P008,Coffee Mug,Home,5,250.0,25,937.5,Card,Hyderabad,Online
TXN003841,2025-06-11 06:41:43,CUST0050,P006,Backpack,Fashion,2,1200.0,25,1800.0,UPI,Mumbai,Store
TXN003842,2025-12-15 08:03:38,CUST0401,P009,Water Bottle,Home,2,450.0,25,675.0,Wallet,Mumbai,Online
TXN003843,2025-04-06 02:06:12,CUST0012,P008,Coffee Mug,Home,2,250.0,15,425.0,Card,Bengaluru,Online
TXN003844,2025-07-03 02:58:53,CUST0354,P003,USB-C Cable,Electronics,1,299.0,0,299.0,Cash,Hyderabad,Store
TXN003845,2025-11-13 07:51:36,CUST0247,P009,Water Bottle,Home,1,450.0,20,360.0,Card,Bengaluru,Store
TXN003846,2025-08-11 20:35:03,CUST0107,P002,Mechanical Keyboard,Electronics,2,3500.0,0,7000.0,Cash,Bengaluru,Online
TXN003847,2025-08-18 23:16:06,CUST0394,P005,Ball Pen Pack,Stationery,4,100.0,15,340.0,Card,Delhi,Store
TXN003848,2025-11-22 13:47:20,CUST0074,P012,Power Bank,Electronics,5,1500.0,25,5625.0,Card,Bengaluru,Store
TXN003849,2025-05-14 18:43:04,CUST0385,P007,Running Shoes,Fashion,2,2500.0,5,4750.0,UPI,Bengaluru,Online
TXN003850,2025-10-18 12:20:33,CUST0477,P010,Desk Lamp,Home,5,850.0,25,3187.5,Cash,Mumbai,Online
TXN003851,2025-06-03 13:30:11,CUST0421,P010,Desk Lamp,Home,3,850.0,20,2040.0,UPI,Chennai,Online
TXN003852,2025-03-12 11:54:29,CUST0329,P007,Running Shoes,Fashion,4,2500.0,25,7500.0,Cash,Hyderabad,Store
TXN003853,2025-02-04 08:14:18,CUST0318,P007,Running Shoes,Fashion,4,2500.0,25,7500.0,UPI,Bengaluru,Online
TXN003854,2025-03-26 20:06:33,CUST0169,P004,Notebook,Stationery,5,150.0,0,750.0,UPI,Mumbai,Store
TXN003855,2025-02-11 17:22:39,CUST0087,P006,Backpack,Fashion,5,1200.0,0,6000.0,UPI,Bengaluru,Online
TXN003856,2025-08-09 11:13:17,CUST0309,P005,Ball Pen Pack,Stationery,5,100.0,0,500.0,UPI,Pune,Online
TXN003857,2025-03-31 22:53:25,CUST0140,P005,Ball Pen Pack,Stationery,2,100.0,15,170.0,Wallet,Bengaluru,Online
TXN003858,2025-09-24 06:43:54,CUST0141,P009,Water Bottle,Home,1,450.0,10,405.0,UPI,Hyderabad,Store
TXN003859,2025-02-04 09:54:48,CUST0373,P001,Wireless Mouse,Electronics,1,599.0,15,509.15,Wallet,Hyderabad,Online
TXN003860,2025-01-15 15:21:49,CUST0038,P005,Ball Pen Pack,Stationery,5,100.0,0,500.0,UPI,Bengaluru,Online
TXN003861,2025-04-20 21:03:33,CUST0297,P011,Smart Watch,Electronics,5,4999.0,25,18746.25,UPI,Mumbai,Online
TXN003862,2025-11-26 11:51:17,CUST0160,P011,Smart Watch,Electronics,2,4999.0,0,9998.0,Card,Hyderabad,Store
TXN003863,2025-11-28 08:32:51,CUST0214,P002,Mechanical Keyboard,Electronics,4,3500.0,20,11200.0,UPI,Chennai,Online
TXN003864,2025-12-07 06:30:20,CUST0318,P010,Desk Lamp,Home,1,850.0,5,807.5,Cash,Pune,Online
TXN003865,2025-11-25 09:51:45,CUST0395,P004,Notebook,Stationery,3,150.0,20,360.0,Cash,Delhi,Store
TXN003866,2025-12-11 22:12:22,CUST0080,P001,Wireless Mouse,Electronics,2,599.0,10,1078.2,Card,Mumbai,Store
TXN003867,2025-01-24 20:08:05,CUST0357,P008,Coffee Mug,Home,5,250.0,25,937.5,UPI,Bengaluru,Online
TXN003868,2025-03-21 18:32:58,CUST0472,P009,Water Bottle,Home,4,450.0,0,1800.0,UPI,Delhi,Store
TXN003869,2025-02-08 09:38:50,CUST0438,P012,Power Bank,Electronics,1,1500.0,15,1275.0,UPI,Pune,Online
TXN003870,2025-10-31 23:12:28,CUST0362,P002,Mechanical Keyboard,Electronics,5,3500.0,25,13125.0,Cash,Mumbai,Online
TXN003871,2025-04-28 20:24:23,CUST0464,P008,Coffee Mug,Home,1,250.0,5,237.5,UPI,Delhi,Online
TXN003872,2025-02-16 07:18:51,CUST0068,P009,Water Bottle,Home,4,450.0,25,1350.0,Cash,Delhi,Online
TXN003873,2025-12-19 21:07:43,CUST0249,P012,Power Bank,Electronics,1,1500.0,20,1200.0,Card,Bengaluru,Store
TXN003874,2025-11-26 18:29:40,CUST0262,P006,Backpack,Fashion,4,1200.0,15,4080.0,Cash,Bengaluru,Online
TXN003875,2025-08-24 00:50:18,CUST0037,P004,Notebook,Stationery,5,150.0,0,750.0,UPI,Chennai,Store
TXN003876,2025-04-28 03:43:33,CUST0315,P002,Mechanical Keyboard,Electronics,4,3500.0,0,14000.0,Cash,Pune,Online
TXN003877,2025-09-07 02:25:32,CUST0078,P002,Mechanical Keyboard,Electronics,3,3500.0,10,9450.0,UPI,Mumbai,Online
TXN003878,2025-02-02 00:02:04,CUST0472,P006,Backpack,Fashion,2,1200.0,10,2160.0,UPI,Bengaluru,Store
TXN003879,2025-09-15 01:15:29,CUST0095,P007,Running Shoes,Fashion,1,2500.0,15,2125.0,Cash,Delhi,Store
TXN003880,2025-03-06 22:36:35,CUST0166,P003,USB-C Cable,Electronics,4,299.0,25,897.0,Cash,Mumbai,Online
TXN003881,2025-02-23 22:55:40,CUST0325,P006,Backpack,Fashion,3,1200.0,15,3060.0,UPI,Chennai,Store
TXN003882,2025-08-15 16:56:22,CUST0278,P010,Desk Lamp,Home,5,850.0,10,3825.0,Cash,Bengaluru,Store
TXN003883,2025-08-23 18:25:57,CUST0145,P009,Water Bottle,Home,5,450.0,20,1800.0,Card,Mumbai,Online
TXN003884,2025-05-24 09:36:20,CUST0055,P010,Desk Lamp,Home,3,850.0,15,2167.5,Wallet,Delhi,Store
TXN003885,2025-03-22 20:37:54,CUST0188,P006,Backpack,Fashion,5,1200.0,10,5400.0,Card,Pune,Store
TXN003886,2025-09-05 20:00:12,CUST0371,P002,Mechanical Keyboard,Electronics,4,3500.0,5,13300.0,Wallet,Bengaluru,Online
TXN003887,2025-10-23 07:38:36,CUST0335,P006,Backpack,Fashion,4,1200.0,10,4320.0,UPI,Delhi,Store
TXN003888,2025-12-06 09:56:30,CUST0005,P008,Coffee Mug,Home,1,250.0,25,187.5,UPI,Mumbai,Store
TXN003889,2025-11-30 14:39:35,CUST0335,P005,Ball Pen Pack,Stationery,1,100.0,5,95.0,UPI,Bengaluru,Store
TXN003890,2025-12-01 10:27:41,CUST0093,P005,Ball Pen Pack,Stationery,1,100.0,25,75.0,Wallet,Mumbai,Online
TXN003891,2025-01-02 07:58:24,CUST0496,P011,Smart Watch,Electronics,4,4999.0,15,16996.6,UPI,Chennai,Store
TXN003892,2025-11-09 07:45:07,CUST0389,P002,Mechanical Keyboard,Electronics,4,3500.0,5,13300.0,Card,Mumbai,Store
TXN003893,2025-06-08 07:30:57,CUST0087,P004,Notebook,Stationery,5,150.0,25,562.5,UPI,Mumbai,Store
TXN003894,2025-12-04 22:40:50,CUST0406,P011,Smart Watch,Electronics,2,4999.0,5,9498.1,Card,Pune,Online
TXN003895,2025-03-12 06:52:04,CUST0090,P009,Water Bottle,Home,2,450.0,10,810.0,UPI,Hyderabad,Store
TXN003896,2025-07-02 22:26:02,CUST0168,P003,USB-C Cable,Electronics,5,299.0,5,1420.25,Cash,Hyderabad,Store
TXN003897,2025-01-13 09:47:36,CUST0001,P005,Ball Pen Pack,Stationery,1,100.0,0,100.0,Cash,Bengaluru,Online
TXN003898,2025-03-30 14:43:36,CUST0191,P002,Mechanical Keyboard,Electronics,1,3500.0,5,3325.0,Cash,Chennai,Online
TXN003899,2025-11-17 19:16:32,CUST0437,P006,Backpack,Fashion,2,1200.0,10,2160.0,Wallet,Pune,Online
TXN003900,2025-10-25 12:58:28,CUST0330,P009,Water Bottle,Home,5,450.0,5,2137.5,UPI,Bengaluru,Store
TXN003901,2025-02-15 16:40:20,CUST0328,P012,Power Bank,Electronics,3,1500.0,15,3825.0,UPI,Hyderabad,Store
TXN003902,2025-07-23 13:48:46,CUST0124,P001,Wireless Mouse,Electronics,2,599.0,20,958.4,UPI,Mumbai,Online
TXN003903,2025-12-14 13:35:05,CUST0154,P002,Mechanical Keyboard,Electronics,5,3500.0,10,15750.0,Cash,Pune,Store
TXN003904,2025-01-30 23:34:05,CUST0314,P006,Backpack,Fashion,2,1200.0,20,1920.0,UPI,Chennai,Store
TXN003905,2025-04-22 19:31:37,CUST0241,P009,Water Bottle,Home,4,450.0,15,1530.0,Cash,Chennai,Online
TXN003906,2025-08-02 19:59:20,CUST0019,P003,USB-C Cable,Electronics,1,299.0,25,224.25,Card,Mumbai,Store
TXN003907,2025-03-28 05:18:40,CUST0388,P006,Backpack,Fashion,4,1200.0,20,3840.0,UPI,Chennai,Online
TXN003908,2025-06-30 10:56:13,CUST0286,P010,Desk Lamp,Home,1,850.0,25,637.5,Card,Mumbai,Online
TXN003909,2025-11-16 23:22:24,CUST0339,P010,Desk Lamp,Home,4,850.0,10,3060.0,Card,Chennai,Store
TXN003910,2025-08-20 13:33:29,CUST0295,P001,Wireless Mouse,Electronics,3,599.0,10,1617.3,Cash,Delhi,Store
TXN003911,2025-11-01 13:43:10,CUST0191,P010,Desk Lamp,Home,5,850.0,10,3825.0,UPI,Hyderabad,Store
TXN003912,2025-03-14 10:58:53,CUST0295,P012,Power Bank,Electronics,1,1500.0,15,1275.0,Wallet,Hyderabad,Online
TXN003913,2025-09-25 18:19:49,CUST0153,P006,Backpack,Fashion,2,1200.0,20,1920.0,Wallet,Mumbai,Store
TXN003914,2025-01-26 21:28:48,CUST0373,P001,Wireless Mouse,Electronics,4,599.0,10,2156.4,Wallet,Bengaluru,Online
TXN003915,2025-04-01 16:38:26,CUST0232,P005,Ball Pen Pack,Stationery,3,100.0,15,255.0,UPI,Mumbai,Store
TXN003916,2025-05-04 15:12:46,CUST0074,P008,Coffee Mug,Home,4,250.0,0,1000.0,Card,Bengaluru,Online
TXN003917,2025-04-27 01:23:57,CUST0301,P009,Water Bottle,Home,1,450.0,5,427.5,Cash,Pune,Online
TXN003918,2025-07-18 20:26:57,CUST0144,P004,Notebook,Stationery,4,150.0,25,450.0,Wallet,Hyderabad,Online
TXN003919,2025-09-06 14:36:33,CUST0314,P007,Running Shoes,Fashion,3,2500.0,10,6750.0,Cash,Bengaluru,Store
TXN003920,2025-11-30 20:48:36,CUST0466,P003,USB-C Cable,Electronics,3,299.0,0,897.0,Cash,Chennai,Online
TXN003921,2025-04-04 08:34:52,CUST0381,P003,USB-C Cable,Electronics,3,299.0,5,852.15,Card,Delhi,Online
TXN003922,2025-10-25 19:01:22,CUST0017,P005,Ball Pen Pack,Stationery,1,100.0,15,85.0,Card,Delhi,Online
TXN003923,2025-10-07 16:14:59,CUST0170,P006,Backpack,Fashion,2,1200.0,15,2040.0,UPI,Delhi,Store
TXN003924,2025-05-03 11:02:40,CUST0235,P005,Ball Pen Pack,Stationery,5,100.0,0,500.0,Wallet,Pune,Store
TXN003925,2025-08-07 16:28:06,CUST0415,P007,Running Shoes,Fashion,1,2500.0,5,2375.0,Cash,Pune,Store
TXN003926,2025-06-25 14:36:29,CUST0032,P004,Notebook,Stationery,2,150.0,5,285.0,Card,Hyderabad,Store
TXN003927,2025-09-20 09:34:30,CUST0308,P005,Ball Pen Pack,Stationery,3,100.0,5,285.0,Card,Mumbai,Store
TXN003928,2025-09-06 13:34:02,CUST0276,P003,USB-C Cable,Electronics,5,299.0,15,1270.75,Card,Mumbai,Store
TXN003929,2025-01-08 20:47:51,CUST0467,P003,USB-C Cable,Electronics,5,299.0,15,1270.75,Wallet,Pune,Online
TXN003930,2025-06-21 21:32:05,CUST0081,P002,Mechanical Keyboard,Electronics,4,3500.0,10,12600.0,Card,Hyderabad,Online
TXN003931,2025-11-19 00:53:36,CUST0068,P001,Wireless Mouse,Electronics,3,599.0,0,1797.0,Wallet,Bengaluru,Online
TXN003932,2025-12-18 12:49:10,CUST0062,P006,Backpack,Fashion,2,1200.0,20,1920.0,Card,Bengaluru,Store
TXN003933,2025-08-23 14:50:24,CUST0108,P008,Coffee Mug,Home,1,250.0,15,212.5,Card,Pune,Store
TXN003934,2025-10-19 20:42:49,CUST0017,P004,Notebook,Stationery,1,150.0,5,142.5,Card,Hyderabad,Online
TXN003935,2025-04-28 07:29:59,CUST0273,P006,Backpack,Fashion,1,1200.0,5,1140.0,Card,Mumbai,Store
TXN003936,2025-02-06 23:30:41,CUST0344,P010,Desk Lamp,Home,1,850.0,0,850.0,Card,Chennai,Online
TXN003937,2025-03-24 04:41:15,CUST0192,P010,Desk Lamp,Home,2,850.0,15,1445.0,Wallet,Mumbai,Online
TXN003938,2025-01-01 19:12:58,CUST0030,P011,Smart Watch,Electronics,1,4999.0,5,4749.05,Cash,Bengaluru,Online
TXN003939,2025-05-27 07:52:15,CUST0075,P003,USB-C Cable,Electronics,3,299.0,15,762.45,Cash,Chennai,Store
TXN003940,2025-01-25 20:25:59,CUST0264,P012,Power Bank,Electronics,3,1500.0,10,4050.0,Cash,Mumbai,Store
TXN003941,2025-08-14 00:05:34,CUST0319,P003,USB-C Cable,Electronics,2,299.0,0,598.0,Cash,Delhi,Online
TXN003942,2025-02-23 02:17:22,CUST0381,P004,Notebook,Stationery,1,150.0,15,127.5,Wallet,Bengaluru,Online
TXN003943,2025-04-21 15:07:23,CUST0170,P007,Running Shoes,Fashion,3,2500.0,15,6375.0,Cash,Pune,Store
TXN003944,2025-01-05 23:45:25,CUST0401,P012,Power Bank,Electronics,1,1500.0,20,1200.0,Cash,Delhi,Online
TXN003945,2025-09-21 04:25:39,CUST0315,P012,Power Bank,Electronics,1,1500.0,0,1500.0,Wallet,Bengaluru,Store
TXN003946,2025-06-13 09:23:46,CUST0365,P007,Running Shoes,Fashion,3,2500.0,0,7500.0,Cash,Pune,Store
TXN003947,2025-09-09 16:45:15,CUST0459,P007,Running Shoes,Fashion,1,2500.0,5,2375.0,UPI,Hyderabad,Online
TXN003948,2025-08-04 01:33:02,CUST0045,P012,Power Bank,Electronics,3,1500.0,15,3825.0,UPI,Bengaluru,Online
TXN003949,2025-11-06 14:00:35,CUST0370,P010,Desk Lamp,Home,1,850.0,5,807.5,Card,Pune,Online
TXN003950,2025-09-20 05:03:47,CUST0059,P007,Running Shoes,Fashion,4,2500.0,25,7500.0,Wallet,Mumbai,Store
TXN003951,2025-09-02 08:33:52,CUST0423,P008,Coffee Mug,Home,4,250.0,5,950.0,Cash,Pune,Online
TXN003952,2025-02-28 16:59:37,CUST0102,P011,Smart Watch,Electronics,4,4999.0,0,19996.0,Cash,Hyderabad,Online
TXN003953,2025-01-28 19:28:30,CUST0445,P003,USB-C Cable,Electronics,4,299.0,25,897.0,Cash,Chennai,Store
TXN003954,2025-06-10 19:33:09,CUST0113,P008,Coffee Mug,Home,1,250.0,0,250.0,Cash,Pune,Store
TXN003955,2025-03-16 18:50:13,CUST0012,P001,Wireless Mouse,Electronics,1,599.0,25,449.25,Card,Bengaluru,Store
TXN003956,2025-10-28 04:02:07,CUST0466,P004,Notebook,Stationery,5,150.0,20,600.0,Card,Pune,Online
TXN003957,2025-03-22 11:02:56,CUST0074,P005,Ball Pen Pack,Stationery,4,100.0,10,360.0,Wallet,Bengaluru,Online
TXN003958,2025-02-19 05:57:15,CUST0498,P008,Coffee Mug,Home,5,250.0,25,937.5,Cash,Mumbai,Store
TXN003959,2025-09-13 23:21:31,CUST0284,P004,Notebook,Stationery,4,150.0,15,510.0,Cash,Hyderabad,Online
TXN003960,2025-12-09 16:25:15,CUST0175,P004,Notebook,Stationery,5,150.0,5,712.5,UPI,Mumbai,Online
TXN003961,2025-10-30 12:16:37,CUST0141,P011,Smart Watch,Electronics,1,4999.0,15,4249.15,Cash,Pune,Store
TXN003962,2025-06-02 14:16:25,CUST0150,P003,USB-C Cable,Electronics,4,299.0,15,1016.6,Card,Delhi,Online
TXN003963,2025-11-09 19:38:15,CUST0074,P008,Coffee Mug,Home,2,250.0,10,450.0,Cash,Delhi,Online
TXN003964,2025-11-10 17:13:39,CUST0466,P004,Notebook,Stationery,4,150.0,10,540.0,Wallet,Delhi,Store
TXN003965,2025-08-27 07:07:13,CUST0241,P007,Running Shoes,Fashion,3,2500.0,20,6000.0,Wallet,Hyderabad,Store
TXN003966,2025-08-17 14:54:02,CUST0219,P003,USB-C Cable,Electronics,2,299.0,10,538.2,Cash,Chennai,Store
TXN003967,2025-11-19 12:27:26,CUST0062,P001,Wireless Mouse,Electronics,3,599.0,15,1527.45,Card,Delhi,Online
TXN003968,2025-06-10 12:00:32,CUST0297,P003,USB-C Cable,Electronics,5,299.0,15,1270.75,Cash,Bengaluru,Store
TXN003969,2025-11-30 12:06:50,CUST0057,P003,USB-C Cable,Electronics,1,299.0,15,254.15,Card,Bengaluru,Store
TXN003970,2025-10-04 02:38:43,CUST0253,P003,USB-C Cable,Electronics,5,299.0,5,1420.25,Cash,Chennai,Online
TXN003971,2025-08-27 09:51:35,CUST0226,P010,Desk Lamp,Home,2,850.0,10,1530.0,Cash,Pune,Online
TXN003972,2025-02-20 20:55:08,CUST0295,P002,Mechanical Keyboard,Electronics,3,3500.0,15,8925.0,Cash,Mumbai,Online
TXN003973,2025-02-27 05:20:53,CUST0404,P004,Notebook,Stationery,3,150.0,15,382.5,Wallet,Hyderabad,Online
TXN003974,2025-04-22 09:51:50,CUST0467,P006,Backpack,Fashion,4,1200.0,25,3600.0,Wallet,Pune,Store
TXN003975,2025-02-15 03:13:28,CUST0443,P009,Water Bottle,Home,3,450.0,25,1012.5,UPI,Bengaluru,Online
TXN003976,2025-03-21 01:47:58,CUST0118,P011,Smart Watch,Electronics,5,4999.0,20,19996.0,Card,Mumbai,Store
TXN003977,2025-06-25 20:14:54,CUST0285,P011,Smart Watch,Electronics,2,4999.0,5,9498.1,Card,Bengaluru,Online
TXN003978,2025-09-27 07:06:03,CUST0029,P010,Desk Lamp,Home,3,850.0,10,2295.0,UPI,Chennai,Store
TXN003979,2025-07-09 14:42:17,CUST0205,P012,Power Bank,Electronics,4,1500.0,0,6000.0,Wallet,Pune,Store
TXN003980,2025-09-02 17:19:55,CUST0113,P011,Smart Watch,Electronics,2,4999.0,20,7998.4,Wallet,Pune,Online
TXN003981,2025-02-13 19:35:36,CUST0035,P003,USB-C Cable,Electronics,2,299.0,0,598.0,UPI,Chennai,Store
TXN003982,2025-07-15 11:50:22,CUST0471,P005,Ball Pen Pack,Stationery,2,100.0,15,170.0,Cash,Hyderabad,Online
TXN003983,2025-03-21 10:56:33,CUST0386,P004,Notebook,Stationery,4,150.0,15,510.0,Wallet,Mumbai,Online
TXN003984,2025-12-31 11:29:54,CUST0354,P009,Water Bottle,Home,5,450.0,15,1912.5,Wallet,Chennai,Online
TXN003985,2025-09-28 19:25:03,CUST0106,P007,Running Shoes,Fashion,1,2500.0,10,2250.0,Cash,Hyderabad,Store
TXN003986,2025-12-12 21:29:00,CUST0223,P010,Desk Lamp,Home,2,850.0,0,1700.0,Cash,Bengaluru,Store
TXN003987,2025-08-09 16:33:36,CUST0367,P001,Wireless Mouse,Electronics,1,599.0,5,569.05,Card,Delhi,Store
TXN003988,2025-10-24 13:14:48,CUST0444,P002,Mechanical Keyboard,Electronics,5,3500.0,5,16625.0,Cash,Mumbai,Online
TXN003989,2025-01-31 01:50:32,CUST0056,P006,Backpack,Fashion,3,1200.0,15,3060.0,UPI,Bengaluru,Store
TXN003990,2025-11-02 16:08:48,CUST0461,P009,Water Bottle,Home,1,450.0,20,360.0,UPI,Pune,Online
TXN003991,2025-04-22 00:14:00,CUST0131,P011,Smart Watch,Electronics,1,4999.0,0,4999.0,Cash,Mumbai,Store
TXN003992,2025-04-04 23:30:46,CUST0033,P006,Backpack,Fashion,4,1200.0,15,4080.0,Cash,Mumbai,Online
TXN003993,2025-11-20 18:04:04,CUST0170,P004,Notebook,Stationery,5,150.0,25,562.5,UPI,Delhi,Online
TXN003994,2025-07-05 08:52:06,CUST0159,P008,Coffee Mug,Home,3,250.0,10,675.0,UPI,Pune,Online
TXN003995,2025-08-31 12:26:21,CUST0328,P001,Wireless Mouse,Electronics,1,599.0,15,509.15,Cash,Bengaluru,Store
TXN003996,2025-06-23 17:52:17,CUST0057,P008,Coffee Mug,Home,4,250.0,20,800.0,Cash,Mumbai,Online
TXN003997,2025-12-27 01:35:03,CUST0312,P001,Wireless Mouse,Electronics,2,599.0,15,1018.3,UPI,Bengaluru,Online
TXN003998,2025-07-07 20:43:00,CUST0360,P002,Mechanical Keyboard,Electronics,4,3500.0,0,14000.0,UPI,Delhi,Store
TXN003999,2025-06-14 18:41:59,CUST0410,P009,Water Bottle,Home,4,450.0,0,1800.0,UPI,Hyderabad,Store
TXN004000,2025-11-18 00:29:11,CUST0426,P007,Running Shoes,Fashion,4,2500.0,10,9000.0,Card,Chennai,Online
TXN004001,2025-03-04 01:44:10,CUST0212,P002,Mechanical Keyboard,Electronics,4,3500.0,0,14000.0,Cash,Mumbai,Store
TXN004002,2025-07-28 06:46:08,CUST0107,P006,Backpack,Fashion,2,1200.0,10,2160.0,Cash,Chennai,Online
TXN004003,2025-08-17 09:08:21,CUST0179,P007,Running Shoes,Fashion,3,2500.0,15,6375.0,Card,Hyderabad,Store
TXN004004,2025-04-06 21:24:10,CUST0187,P004,Notebook,Stationery,2,150.0,20,240.0,Card,Delhi,Online
TXN004005,2025-05-31 15:27:20,CUST0205,P011,Smart Watch,Electronics,2,4999.0,0,9998.0,Wallet,Chennai,Store
TXN004006,2025-05-11 03:50:04,CUST0287,P001,Wireless Mouse,Electronics,1,599.0,25,449.25,Cash,Hyderabad,Store
TXN004007,2025-12-27 19:11:32,CUST0218,P007,Running Shoes,Fashion,5,2500.0,15,10625.0,Card,Mumbai,Online
TXN004008,2025-01-03 12:12:44,CUST0078,P009,Water Bottle,Home,3,450.0,5,1282.5,Card,Bengaluru,Online
TXN004009,2025-07-06 00:30:32,CUST0387,P007,Running Shoes,Fashion,4,2500.0,20,8000.0,Card,Delhi,Store
TXN004010,2025-01-28 01:01:14,CUST0327,P006,Backpack,Fashion,1,1200.0,5,1140.0,Cash,Pune,Store
TXN004011,2025-04-27 10:33:51,CUST0219,P002,Mechanical Keyboard,Electronics,2,3500.0,0,7000.0,Wallet,Pune,Online
TXN004012,2025-07-27 20:09:14,CUST0470,P010,Desk Lamp,Home,4,850.0,5,3230.0,UPI,Chennai,Store
TXN004013,2025-10-25 07:13:00,CUST0425,P004,Notebook,Stationery,5,150.0,25,562.5,Card,Bengaluru,Store
TXN004014,2025-07-02 04:43:37,CUST0234,P012,Power Bank,Electronics,1,1500.0,0,1500.0,Cash,Pune,Store
TXN004015,2025-02-19 19:34:42,CUST0355,P012,Power Bank,Electronics,4,1500.0,25,4500.0,Wallet,Pune,Online
TXN004016,2025-10-31 00:17:47,CUST0309,P001,Wireless Mouse,Electronics,1,599.0,15,509.15,UPI,Pune,Online
TXN004017,2025-01-19 15:51:28,CUST0424,P003,USB-C Cable,Electronics,3,299.0,5,852.15,Card,Delhi,Store
TXN004018,2025-07-09 20:30:13,CUST0111,P011,Smart Watch,Electronics,1,4999.0,10,4499.1,Wallet,Chennai,Store
TXN004019,2025-07-02 09:27:54,CUST0049,P010,Desk Lamp,Home,4,850.0,0,3400.0,Wallet,Mumbai,Store
TXN004020,2025-05-22 15:51:08,CUST0364,P010,Desk Lamp,Home,4,850.0,10,3060.0,Wallet,Bengaluru,Store
TXN004021,2025-06-07 22:54:06,CUST0152,P001,Wireless Mouse,Electronics,5,599.0,20,2396.0,Wallet,Hyderabad,Online
TXN004022,2025-03-17 15:24:02,CUST0148,P005,Ball Pen Pack,Stationery,1,100.0,0,100.0,Cash,Pune,Online
TXN004023,2025-12-30 13:43:43,CUST0422,P005,Ball Pen Pack,Stationery,2,100.0,25,150.0,Wallet,Chennai,Store
TXN004024,2025-03-18 05:25:51,CUST0400,P008,Coffee Mug,Home,5,250.0,5,1187.5,Card,Pune,Online
TXN004025,2025-08-14 00:54:57,CUST0039,P005,Ball Pen Pack,Stationery,2,100.0,20,160.0,UPI,Bengaluru,Online
TXN004026,2025-05-21 12:38:49,CUST0355,P005,Ball Pen Pack,Stationery,4,100.0,25,300.0,Card,Bengaluru,Online
TXN004027,2025-10-24 00:48:23,CUST0059,P006,Backpack,Fashion,4,1200.0,25,3600.0,UPI,Mumbai,Store
TXN004028,2025-01-15 10:11:14,CUST0382,P012,Power Bank,Electronics,1,1500.0,0,1500.0,UPI,Bengaluru,Online
TXN004029,2025-06-12 17:54:47,CUST0005,P001,Wireless Mouse,Electronics,5,599.0,0,2995.0,Card,Bengaluru,Store
TXN004030,2025-08-06 16:28:19,CUST0293,P012,Power Bank,Electronics,2,1500.0,25,2250.0,Cash,Bengaluru,Store
TXN004031,2025-08-21 04:35:01,CUST0234,P009,Water Bottle,Home,2,450.0,5,855.0,Cash,Delhi,Online
TXN004032,2025-05-20 02:15:42,CUST0252,P002,Mechanical Keyboard,Electronics,5,3500.0,5,16625.0,UPI,Delhi,Store
TXN004033,2025-07-03 07:17:59,CUST0292,P002,Mechanical Keyboard,Electronics,3,3500.0,15,8925.0,Card,Chennai,Store
TXN004034,2025-09-04 01:18:11,CUST0199,P005,Ball Pen Pack,Stationery,2,100.0,5,190.0,UPI,Pune,Online
TXN004035,2025-07-12 04:23:04,CUST0355,P003,USB-C Cable,Electronics,4,299.0,15,1016.6,Cash,Pune,Online
TXN004036,2025-05-01 12:55:55,CUST0202,P009,Water Bottle,Home,3,450.0,10,1215.0,Card,Chennai,Store
TXN004037,2025-09-18 03:05:12,CUST0066,P005,Ball Pen Pack,Stationery,1,100.0,0,100.0,UPI,Chennai,Online
TXN004038,2025-01-09 01:47:14,CUST0280,P007,Running Shoes,Fashion,1,2500.0,0,2500.0,Cash,Chennai,Store
TXN004039,2025-11-03 18:30:06,CUST0009,P006,Backpack,Fashion,1,1200.0,20,960.0,UPI,Hyderabad,Store
TXN004040,2025-04-19 15:57:22,CUST0107,P003,USB-C Cable,Electronics,4,299.0,0,1196.0,Wallet,Chennai,Online
TXN004041,2025-10-11 08:40:25,CUST0030,P011,Smart Watch,Electronics,2,4999.0,5,9498.1,Cash,Bengaluru,Online
TXN004042,2025-05-29 02:48:25,CUST0307,P012,Power Bank,Electronics,2,1500.0,0,3000.0,UPI,Mumbai,Online
TXN004043,2025-10-08 13:05:14,CUST0020,P010,Desk Lamp,Home,1,850.0,20,680.0,Card,Mumbai,Store
TXN004044,2025-07-22 08:27:19,CUST0059,P012,Power Bank,Electronics,1,1500.0,10,1350.0,UPI,Pune,Online
TXN004045,2025-05-11 11:01:22,CUST0358,P005,Ball Pen Pack,Stationery,1,100.0,10,90.0,Card,Hyderabad,Online
TXN004046,2025-08-30 10:04:54,CUST0379,P004,Notebook,Stationery,1,150.0,10,135.0,Card,Chennai,Store
TXN004047,2025-06-12 00:12:15,CUST0218,P002,Mechanical Keyboard,Electronics,2,3500.0,15,5950.0,Wallet,Pune,Online
TXN004048,2025-07-18 18:44:26,CUST0404,P002,Mechanical Keyboard,Electronics,2,3500.0,5,6650.0,Wallet,Hyderabad,Online
TXN004049,2025-05-16 10:57:34,CUST0437,P010,Desk Lamp,Home,3,850.0,15,2167.5,Cash,Bengaluru,Online
TXN004050,2025-12-05 13:54:15,CUST0178,P012,Power Bank,Electronics,2,1500.0,0,3000.0,UPI,Mumbai,Store
TXN004051,2025-09-22 10:16:03,CUST0281,P004,Notebook,Stationery,2,150.0,0,300.0,Wallet,Bengaluru,Online
TXN004052,2025-08-23 19:50:32,CUST0230,P010,Desk Lamp,Home,5,850.0,10,3825.0,Card,Mumbai,Online
TXN004053,2025-10-18 02:30:27,CUST0158,P003,USB-C Cable,Electronics,4,299.0,20,956.8,Card,Bengaluru,Store
TXN004054,2025-10-12 20:13:01,CUST0443,P006,Backpack,Fashion,1,1200.0,25,900.0,UPI,Bengaluru,Store
TXN004055,2025-06-15 21:14:26,CUST0246,P012,Power Bank,Electronics,1,1500.0,20,1200.0,Wallet,Bengaluru,Store
TXN004056,2025-12-04 18:29:57,CUST0460,P003,USB-C Cable,Electronics,5,299.0,20,1196.0,Card,Bengaluru,Online
TXN004057,2025-06-17 22:39:12,CUST0279,P009,Water Bottle,Home,3,450.0,0,1350.0,UPI,Chennai,Store
TXN004058,2025-12-08 09:47:08,CUST0398,P011,Smart Watch,Electronics,2,4999.0,15,8498.3,Wallet,Pune,Online
TXN004059,2025-03-13 11:42:27,CUST0218,P007,Running Shoes,Fashion,4,2500.0,15,8500.0,UPI,Hyderabad,Online
TXN004060,2025-06-23 19:26:00,CUST0330,P007,Running Shoes,Fashion,1,2500.0,15,2125.0,Cash,Pune,Online
TXN004061,2025-08-02 17:08:21,CUST0470,P011,Smart Watch,Electronics,5,4999.0,25,18746.25,UPI,Bengaluru,Store
TXN004062,2025-08-14 13:15:48,CUST0299,P004,Notebook,Stationery,3,150.0,20,360.0,UPI,Pune,Store
TXN004063,2025-05-13 14:03:49,CUST0319,P008,Coffee Mug,Home,4,250.0,15,850.0,Card,Bengaluru,Store
TXN004064,2025-08-23 06:48:20,CUST0429,P008,Coffee Mug,Home,4,250.0,10,900.0,UPI,Hyderabad,Online
TXN004065,2025-12-21 05:42:50,CUST0286,P006,Backpack,Fashion,5,1200.0,0,6000.0,Cash,Mumbai,Online
TXN004066,2025-12-23 16:37:49,CUST0364,P005,Ball Pen Pack,Stationery,1,100.0,15,85.0,UPI,Bengaluru,Store
TXN004067,2025-07-07 12:27:01,CUST0283,P010,Desk Lamp,Home,2,850.0,20,1360.0,UPI,Pune,Store
TXN004068,2025-12-03 20:46:40,CUST0203,P006,Backpack,Fashion,1,1200.0,20,960.0,Wallet,Mumbai,Online
TXN004069,2025-11-23 19:28:27,CUST0158,P009,Water Bottle,Home,4,450.0,0,1800.0,UPI,Chennai,Store
TXN004070,2025-10-28 12:58:15,CUST0023,P001,Wireless Mouse,Electronics,5,599.0,5,2845.25,Cash,Delhi,Online
TXN004071,2025-07-23 01:20:35,CUST0486,P008,Coffee Mug,Home,5,250.0,15,1062.5,Cash,Chennai,Store
TXN004072,2025-01-20 08:04:17,CUST0321,P004,Notebook,Stationery,1,150.0,5,142.5,Card,Mumbai,Online
TXN004073,2025-02-09 11:40:58,CUST0375,P003,USB-C Cable,Electronics,3,299.0,25,672.75,UPI,Mumbai,Store
TXN004074,2025-11-21 12:28:45,CUST0321,P001,Wireless Mouse,Electronics,4,599.0,10,2156.4,Card,Hyderabad,Online
TXN004075,2025-06-05 22:15:10,CUST0339,P011,Smart Watch,Electronics,5,4999.0,10,22495.5,Card,Pune,Online
TXN004076,2025-03-30 04:22:14,CUST0436,P004,Notebook,Stationery,4,150.0,20,480.0,Card,Mumbai,Online
TXN004077,2025-05-30 07:15:25,CUST0087,P001,Wireless Mouse,Electronics,1,599.0,15,509.15,Card,Mumbai,Online
TXN004078,2025-11-12 11:59:18,CUST0134,P003,USB-C Cable,Electronics,4,299.0,25,897.0,Wallet,Pune,Store
TXN004079,2025-09-30 12:46:29,CUST0413,P010,Desk Lamp,Home,4,850.0,10,3060.0,Card,Bengaluru,Store
TXN004080,2025-01-10 15:55:21,CUST0358,P006,Backpack,Fashion,4,1200.0,25,3600.0,UPI,Chennai,Store
TXN004081,2025-04-29 11:30:36,CUST0201,P011,Smart Watch,Electronics,5,4999.0,10,22495.5,Wallet,Chennai,Store
TXN004082,2025-04-10 07:24:36,CUST0026,P012,Power Bank,Electronics,4,1500.0,20,4800.0,Wallet,Pune,Store
TXN004083,2025-09-08 20:36:31,CUST0156,P005,Ball Pen Pack,Stationery,3,100.0,5,285.0,Cash,Delhi,Online
TXN004084,2025-04-20 00:11:46,CUST0195,P011,Smart Watch,Electronics,4,4999.0,20,15996.8,Wallet,Delhi,Online
TXN004085,2025-09-16 17:57:58,CUST0383,P005,Ball Pen Pack,Stationery,5,100.0,5,475.0,Cash,Hyderabad,Online
TXN004086,2025-09-14 20:13:58,CUST0482,P006,Backpack,Fashion,5,1200.0,15,5100.0,Card,Bengaluru,Store
TXN004087,2025-03-25 19:43:17,CUST0223,P007,Running Shoes,Fashion,3,2500.0,20,6000.0,Cash,Pune,Online
TXN004088,2025-01-12 09:04:55,CUST0441,P011,Smart Watch,Electronics,4,4999.0,15,16996.6,Cash,Hyderabad,Store
TXN004089,2025-01-02 18:38:45,CUST0474,P009,Water Bottle,Home,5,450.0,10,2025.0,Card,Pune,Store
TXN004090,2025-10-27 14:28:04,CUST0412,P010,Desk Lamp,Home,5,850.0,5,4037.5,Cash,Delhi,Online
TXN004091,2025-12-05 08:48:06,CUST0500,P012,Power Bank,Electronics,4,1500.0,20,4800.0,Cash,Hyderabad,Online
TXN004092,2025-05-19 06:27:00,CUST0013,P012,Power Bank,Electronics,3,1500.0,10,4050.0,UPI,Delhi,Online
TXN004093,2025-08-20 10:00:38,CUST0090,P009,Water Bottle,Home,3,450.0,15,1147.5,Wallet,Pune,Online
TXN004094,2025-01-20 20:37:40,CUST0235,P004,Notebook,Stationery,3,150.0,5,427.5,Card,Hyderabad,Online
TXN004095,2025-09-28 15:58:45,CUST0240,P008,Coffee Mug,Home,2,250.0,25,375.0,Wallet,Pune,Store
TXN004096,2025-04-15 17:14:13,CUST0326,P006,Backpack,Fashion,1,1200.0,5,1140.0,UPI,Mumbai,Store
TXN004097,2025-02-23 11:31:29,CUST0172,P009,Water Bottle,Home,3,450.0,0,1350.0,Cash,Mumbai,Online
TXN004098,2025-09-25 15:08:07,CUST0357,P011,Smart Watch,Electronics,1,4999.0,10,4499.1,Cash,Mumbai,Online
TXN004099,2025-08-07 09:16:02,CUST0049,P005,Ball Pen Pack,Stationery,2,100.0,10,180.0,Card,Mumbai,Online
TXN004100,2025-12-19 23:08:57,CUST0238,P010,Desk Lamp,Home,3,850.0,25,1912.5,Card,Pune,Store
TXN004101,2025-08-29 22:55:29,CUST0440,P006,Backpack,Fashion,2,1200.0,0,2400.0,UPI,Mumbai,Online
TXN004102,2025-04-03 19:38:49,CUST0337,P006,Backpack,Fashion,5,1200.0,0,6000.0,Cash,Pune,Store
TXN004103,2025-05-20 00:31:10,CUST0095,P008,Coffee Mug,Home,3,250.0,5,712.5,Wallet,Chennai,Store
TXN004104,2025-12-18 21:33:49,CUST0094,P011,Smart Watch,Electronics,3,4999.0,0,14997.0,UPI,Hyderabad,Store
TXN004105,2025-07-12 14:13:04,CUST0115,P009,Water Bottle,Home,2,450.0,20,720.0,Cash,Delhi,Store
TXN004106,2025-05-13 21:44:08,CUST0489,P002,Mechanical Keyboard,Electronics,3,3500.0,25,7875.0,Wallet,Mumbai,Online
TXN004107,2025-08-16 00:52:11,CUST0119,P006,Backpack,Fashion,1,1200.0,0,1200.0,Wallet,Chennai,Store
TXN004108,2025-05-14 14:29:56,CUST0425,P006,Backpack,Fashion,3,1200.0,25,2700.0,Card,Chennai,Store
TXN004109,2025-09-29 06:50:33,CUST0017,P007,Running Shoes,Fashion,2,2500.0,15,4250.0,Card,Hyderabad,Online
TXN004110,2025-06-11 10:54:49,CUST0234,P004,Notebook,Stationery,2,150.0,15,255.0,Cash,Bengaluru,Online
TXN004111,2025-11-24 13:26:24,CUST0072,P002,Mechanical Keyboard,Electronics,3,3500.0,15,8925.0,Cash,Bengaluru,Online
TXN004112,2025-10-23 13:30:18,CUST0218,P005,Ball Pen Pack,Stationery,1,100.0,5,95.0,Wallet,Mumbai,Store
TXN004113,2025-07-24 04:03:24,CUST0061,P009,Water Bottle,Home,4,450.0,15,1530.0,Card,Mumbai,Online
TXN004114,2025-06-14 15:00:04,CUST0293,P004,Notebook,Stationery,1,150.0,20,120.0,Wallet,Pune,Online
TXN004115,2025-11-03 20:15:43,CUST0433,P004,Notebook,Stationery,5,150.0,20,600.0,Cash,Mumbai,Store
TXN004116,2025-10-17 05:24:06,CUST0253,P001,Wireless Mouse,Electronics,3,599.0,10,1617.3,UPI,Chennai,Store
TXN004117,2025-10-08 01:10:20,CUST0316,P010,Desk Lamp,Home,5,850.0,5,4037.5,Card,Chennai,Store
TXN004118,2025-06-21 03:44:41,CUST0117,P011,Smart Watch,Electronics,1,4999.0,5,4749.05,Card,Delhi,Online
TXN004119,2025-11-18 11:30:43,CUST0398,P009,Water Bottle,Home,5,450.0,20,1800.0,UPI,Delhi,Store
TXN004120,2025-11-27 04:31:22,CUST0480,P002,Mechanical Keyboard,Electronics,3,3500.0,25,7875.0,Card,Mumbai,Online
TXN004121,2025-05-24 10:06:02,CUST0312,P004,Notebook,Stationery,4,150.0,10,540.0,Cash,Mumbai,Online
TXN004122,2025-08-03 18:07:10,CUST0090,P012,Power Bank,Electronics,2,1500.0,0,3000.0,Card,Delhi,Online
TXN004123,2025-07-03 01:35:10,CUST0186,P006,Backpack,Fashion,4,1200.0,15,4080.0,Wallet,Pune,Online
TXN004124,2025-02-12 19:07:48,CUST0368,P006,Backpack,Fashion,3,1200.0,20,2880.0,UPI,Chennai,Store
TXN004125,2025-09-02 04:00:33,CUST0133,P004,Notebook,Stationery,1,150.0,20,120.0,Card,Chennai,Store
TXN004126,2025-04-07 14:20:47,CUST0224,P010,Desk Lamp,Home,3,850.0,5,2422.5,UPI,Mumbai,Online
TXN004127,2025-09-16 01:19:55,CUST0300,P008,Coffee Mug,Home,4,250.0,0,1000.0,UPI,Delhi,Online
TXN004128,2025-06-08 10:50:16,CUST0076,P011,Smart Watch,Electronics,5,4999.0,0,24995.0,Wallet,Hyderabad,Online
TXN004129,2025-06-01 09:26:58,CUST0463,P006,Backpack,Fashion,1,1200.0,15,1020.0,Card,Pune,Online
TXN004130,2025-11-23 22:38:16,CUST0219,P003,USB-C Cable,Electronics,5,299.0,0,1495.0,UPI,Chennai,Store
TXN004131,2025-03-30 18:35:40,CUST0420,P010,Desk Lamp,Home,2,850.0,5,1615.0,UPI,Hyderabad,Online
TXN004132,2025-06-04 04:57:45,CUST0291,P002,Mechanical Keyboard,Electronics,3,3500.0,15,8925.0,Card,Chennai,Store
TXN004133,2025-06-18 23:53:13,CUST0399,P008,Coffee Mug,Home,1,250.0,0,250.0,Cash,Pune,Store
TXN004134,2025-07-09 06:11:16,CUST0001,P008,Coffee Mug,Home,3,250.0,10,675.0,UPI,Delhi,Online
TXN004135,2025-01-22 22:25:44,CUST0131,P005,Ball Pen Pack,Stationery,3,100.0,0,300.0,UPI,Pune,Online
TXN004136,2025-02-20 20:22:33,CUST0398,P011,Smart Watch,Electronics,4,4999.0,25,14997.0,Card,Hyderabad,Store
TXN004137,2025-08-04 12:31:24,CUST0314,P001,Wireless Mouse,Electronics,2,599.0,25,898.5,Cash,Chennai,Store
TXN004138,2025-12-08 22:50:02,CUST0029,P003,USB-C Cable,Electronics,5,299.0,10,1345.5,Wallet,Bengaluru,Store
TXN004139,2025-01-19 08:13:25,CUST0122,P011,Smart Watch,Electronics,1,4999.0,10,4499.1,UPI,Hyderabad,Online
TXN004140,2025-04-17 01:52:21,CUST0209,P011,Smart Watch,Electronics,4,4999.0,25,14997.0,Cash,Delhi,Online
TXN004141,2025-07-28 08:15:28,CUST0365,P012,Power Bank,Electronics,2,1500.0,5,2850.0,Wallet,Hyderabad,Online
TXN004142,2025-01-18 08:12:03,CUST0039,P004,Notebook,Stationery,5,150.0,25,562.5,Card,Bengaluru,Online
TXN004143,2025-01-28 20:01:18,CUST0025,P006,Backpack,Fashion,1,1200.0,5,1140.0,Card,Delhi,Store
TXN004144,2025-01-24 08:13:57,CUST0052,P009,Water Bottle,Home,3,450.0,5,1282.5,Card,Mumbai,Online
TXN004145,2025-04-02 06:33:29,CUST0275,P011,Smart Watch,Electronics,5,4999.0,5,23745.25,Cash,Pune,Online
TXN004146,2025-01-13 05:50:46,CUST0395,P009,Water Bottle,Home,2,450.0,25,675.0,UPI,Chennai,Store
TXN004147,2025-07-23 02:27:04,CUST0063,P012,Power Bank,Electronics,4,1500.0,5,5700.0,Wallet,Mumbai,Online
TXN004148,2025-07-28 17:35:35,CUST0290,P011,Smart Watch,Electronics,1,4999.0,25,3749.25,Wallet,Pune,Store
TXN004149,2025-08-22 02:34:26,CUST0007,P008,Coffee Mug,Home,5,250.0,20,1000.0,Cash,Chennai,Store
TXN004150,2025-06-16 09:04:36,CUST0247,P003,USB-C Cable,Electronics,1,299.0,0,299.0,UPI,Delhi,Online
TXN004151,2025-02-01 09:02:26,CUST0132,P012,Power Bank,Electronics,1,1500.0,0,1500.0,Wallet,Mumbai,Store
TXN004152,2025-02-14 07:51:39,CUST0223,P004,Notebook,Stationery,3,150.0,20,360.0,Cash,Mumbai,Store
TXN004153,2025-02-10 11:12:37,CUST0093,P004,Notebook,Stationery,4,150.0,0,600.0,Cash,Mumbai,Online
TXN004154,2025-12-09 14:15:24,CUST0400,P010,Desk Lamp,Home,1,850.0,20,680.0,Cash,Chennai,Store
TXN004155,2025-05-21 12:17:11,CUST0133,P006,Backpack,Fashion,4,1200.0,20,3840.0,Wallet,Pune,Store
TXN004156,2025-05-14 15:24:15,CUST0174,P007,Running Shoes,Fashion,1,2500.0,20,2000.0,Card,Bengaluru,Store
TXN004157,2025-07-13 14:30:31,CUST0041,P004,Notebook,Stationery,4,150.0,15,510.0,UPI,Chennai,Store
TXN004158,2025-10-19 07:17:07,CUST0073,P007,Running Shoes,Fashion,2,2500.0,20,4000.0,Cash,Bengaluru,Online
TXN004159,2025-02-22 05:22:11,CUST0380,P007,Running Shoes,Fashion,4,2500.0,15,8500.0,Card,Mumbai,Store
TXN004160,2025-05-22 03:39:33,CUST0254,P004,Notebook,Stationery,4,150.0,0,600.0,Card,Hyderabad,Store
TXN004161,2025-10-18 06:38:35,CUST0147,P001,Wireless Mouse,Electronics,2,599.0,25,898.5,Card,Pune,Store
TXN004162,2025-09-17 02:54:43,CUST0195,P002,Mechanical Keyboard,Electronics,3,3500.0,10,9450.0,Wallet,Bengaluru,Online
TXN004163,2025-07-11 22:38:31,CUST0218,P004,Notebook,Stationery,2,150.0,0,300.0,Cash,Chennai,Online
TXN004164,2025-01-28 19:31:53,CUST0413,P008,Coffee Mug,Home,4,250.0,0,1000.0,Cash,Pune,Online
TXN004165,2025-05-26 11:27:44,CUST0096,P005,Ball Pen Pack,Stationery,5,100.0,5,475.0,UPI,Hyderabad,Store
TXN004166,2025-07-26 13:20:03,CUST0378,P007,Running Shoes,Fashion,2,2500.0,15,4250.0,Cash,Bengaluru,Online
TXN004167,2025-11-23 21:23:20,CUST0129,P007,Running Shoes,Fashion,3,2500.0,15,6375.0,Wallet,Hyderabad,Store
TXN004168,2025-12-27 00:00:41,CUST0012,P004,Notebook,Stationery,4,150.0,20,480.0,Card,Mumbai,Online
TXN004169,2025-04-19 01:58:50,CUST0278,P004,Notebook,Stationery,4,150.0,25,450.0,Card,Bengaluru,Online
TXN004170,2025-09-26 00:09:14,CUST0432,P002,Mechanical Keyboard,Electronics,3,3500.0,20,8400.0,Card,Chennai,Online
TXN004171,2025-10-30 17:08:03,CUST0489,P012,Power Bank,Electronics,5,1500.0,0,7500.0,Card,Bengaluru,Online
TXN004172,2025-05-29 20:37:53,CUST0169,P010,Desk Lamp,Home,2,850.0,10,1530.0,UPI,Mumbai,Store
TXN004173,2025-01-20 08:54:40,CUST0194,P012,Power Bank,Electronics,2,1500.0,20,2400.0,UPI,Mumbai,Store
TXN004174,2025-03-08 03:40:24,CUST0066,P009,Water Bottle,Home,2,450.0,10,810.0,Wallet,Mumbai,Online
TXN004175,2025-01-08 22:20:57,CUST0045,P009,Water Bottle,Home,1,450.0,15,382.5,Wallet,Chennai,Online
TXN004176,2025-11-26 07:46:04,CUST0424,P008,Coffee Mug,Home,3,250.0,25,562.5,Wallet,Hyderabad,Store
TXN004177,2025-11-20 08:40:52,CUST0296,P008,Coffee Mug,Home,3,250.0,20,600.0,Wallet,Hyderabad,Online
TXN004178,2025-05-03 14:45:33,CUST0083,P003,USB-C Cable,Electronics,1,299.0,15,254.15,UPI,Mumbai,Store
TXN004179,2025-08-01 03:44:51,CUST0438,P007,Running Shoes,Fashion,3,2500.0,15,6375.0,Cash,Hyderabad,Online
TXN004180,2025-08-03 17:19:35,CUST0318,P009,Water Bottle,Home,1,450.0,0,450.0,Wallet,Mumbai,Store
TXN004181,2025-03-24 01:04:46,CUST0324,P011,Smart Watch,Electronics,3,4999.0,15,12747.45,Card,Mumbai,Store
TXN004182,2025-03-19 17:13:07,CUST0425,P002,Mechanical Keyboard,Electronics,2,3500.0,20,5600.0,Wallet,Delhi,Store
TXN004183,2025-06-24 05:32:49,CUST0419,P003,USB-C Cable,Electronics,4,299.0,0,1196.0,Wallet,Hyderabad,Store
TXN004184,2025-08-25 10:26:59,CUST0211,P004,Notebook,Stationery,4,150.0,20,480.0,UPI,Mumbai,Online
TXN004185,2025-07-24 02:32:03,CUST0437,P012,Power Bank,Electronics,5,1500.0,25,5625.0,UPI,Bengaluru,Online
TXN004186,2025-09-28 23:01:46,CUST0025,P002,Mechanical Keyboard,Electronics,2,3500.0,25,5250.0,UPI,Bengaluru,Online
TXN004187,2025-06-15 10:46:40,CUST0253,P006,Backpack,Fashion,2,1200.0,25,1800.0,Card,Mumbai,Store
TXN004188,2025-03-28 03:21:26,CUST0411,P012,Power Bank,Electronics,2,1500.0,15,2550.0,UPI,Pune,Online
TXN004189,2025-07-02 14:38:30,CUST0315,P009,Water Bottle,Home,3,450.0,10,1215.0,UPI,Mumbai,Store
TXN004190,2025-09-25 16:14:55,CUST0309,P001,Wireless Mouse,Electronics,2,599.0,15,1018.3,Card,Hyderabad,Store
TXN004191,2025-10-19 04:02:14,CUST0152,P006,Backpack,Fashion,5,1200.0,10,5400.0,Card,Delhi,Store
TXN004192,2025-12-18 00:04:35,CUST0496,P004,Notebook,Stationery,5,150.0,20,600.0,UPI,Pune,Store
TXN004193,2025-11-27 08:16:22,CUST0143,P012,Power Bank,Electronics,2,1500.0,20,2400.0,Card,Pune,Store
TXN004194,2025-10-29 19:59:20,CUST0493,P006,Backpack,Fashion,1,1200.0,15,1020.0,Cash,Mumbai,Online
TXN004195,2025-05-06 07:30:50,CUST0286,P002,Mechanical Keyboard,Electronics,3,3500.0,15,8925.0,Wallet,Pune,Online
TXN004196,2025-11-15 00:42:20,CUST0361,P003,USB-C Cable,Electronics,2,299.0,15,508.3,UPI,Mumbai,Store
TXN004197,2025-04-01 14:14:34,CUST0293,P010,Desk Lamp,Home,3,850.0,10,2295.0,Cash,Mumbai,Online
TXN004198,2025-10-08 21:54:16,CUST0396,P009,Water Bottle,Home,3,450.0,10,1215.0,Card,Mumbai,Store
TXN004199,2025-06-01 07:26:42,CUST0112,P001,Wireless Mouse,Electronics,5,599.0,5,2845.25,UPI,Bengaluru,Store
TXN004200,2025-07-22 11:01:16,CUST0339,P012,Power Bank,Electronics,3,1500.0,20,3600.0,UPI,Chennai,Store
TXN004201,2025-09-28 04:59:09,CUST0339,P005,Ball Pen Pack,Stationery,3,100.0,20,240.0,Wallet,Pune,Store
TXN004202,2025-12-22 05:18:33,CUST0374,P001,Wireless Mouse,Electronics,5,599.0,25,2246.25,Card,Chennai,Online
TXN004203,2025-06-28 23:55:13,CUST0248,P011,Smart Watch,Electronics,2,4999.0,10,8998.2,UPI,Bengaluru,Store
TXN004204,2025-07-17 08:58:29,CUST0033,P002,Mechanical Keyboard,Electronics,2,3500.0,5,6650.0,Wallet,Pune,Store
TXN004205,2025-06-25 20:36:00,CUST0015,P008,Coffee Mug,Home,2,250.0,0,500.0,Wallet,Chennai,Online
TXN004206,2025-10-02 10:06:18,CUST0151,P001,Wireless Mouse,Electronics,2,599.0,10,1078.2,Card,Chennai,Online
TXN004207,2025-09-09 00:19:08,CUST0088,P012,Power Bank,Electronics,3,1500.0,0,4500.0,Card,Mumbai,Store
TXN004208,2025-09-19 15:25:34,CUST0468,P004,Notebook,Stationery,2,150.0,25,225.0,Card,Bengaluru,Store
TXN004209,2025-04-30 19:48:42,CUST0462,P001,Wireless Mouse,Electronics,1,599.0,20,479.2,UPI,Chennai,Store
TXN004210,2025-04-23 16:45:36,CUST0138,P003,USB-C Cable,Electronics,3,299.0,20,717.6,Cash,Pune,Online
TXN004211,2025-03-03 02:31:58,CUST0355,P005,Ball Pen Pack,Stationery,2,100.0,10,180.0,UPI,Chennai,Store
TXN004212,2025-06-20 13:48:38,CUST0211,P006,Backpack,Fashion,1,1200.0,0,1200.0,Wallet,Chennai,Online
TXN004213,2025-05-11 15:07:50,CUST0214,P005,Ball Pen Pack,Stationery,1,100.0,20,80.0,Cash,Mumbai,Store
TXN004214,2025-07-12 05:40:02,CUST0180,P004,Notebook,Stationery,5,150.0,20,600.0,UPI,Pune,Store
TXN004215,2025-01-16 02:52:01,CUST0164,P005,Ball Pen Pack,Stationery,2,100.0,10,180.0,Cash,Mumbai,Online
TXN004216,2025-07-17 12:13:26,CUST0466,P003,USB-C Cable,Electronics,4,299.0,0,1196.0,UPI,Mumbai,Online
TXN004217,2025-05-04 14:49:38,CUST0197,P006,Backpack,Fashion,5,1200.0,10,5400.0,Card,Chennai,Online
TXN004218,2025-01-14 16:23:31,CUST0325,P003,USB-C Cable,Electronics,2,299.0,15,508.3,Wallet,Chennai,Store
TXN004219,2025-06-18 01:49:21,CUST0299,P011,Smart Watch,Electronics,4,4999.0,20,15996.8,Card,Pune,Store
TXN004220,2025-04-01 18:29:58,CUST0119,P009,Water Bottle,Home,4,450.0,0,1800.0,Cash,Mumbai,Online
TXN004221,2025-08-31 18:28:15,CUST0422,P009,Water Bottle,Home,2,450.0,20,720.0,UPI,Hyderabad,Online
TXN004222,2025-11-01 06:12:19,CUST0407,P005,Ball Pen Pack,Stationery,2,100.0,10,180.0,Card,Delhi,Online
TXN004223,2025-05-28 00:18:39,CUST0218,P011,Smart Watch,Electronics,2,4999.0,20,7998.4,Card,Delhi,Store
TXN004224,2025-03-16 07:11:21,CUST0104,P005,Ball Pen Pack,Stationery,5,100.0,20,400.0,Card,Pune,Store
TXN004225,2025-03-23 01:06:12,CUST0242,P006,Backpack,Fashion,1,1200.0,25,900.0,Wallet,Bengaluru,Store
TXN004226,2025-10-12 03:30:59,CUST0020,P009,Water Bottle,Home,4,450.0,10,1620.0,Cash,Pune,Store
TXN004227,2025-04-07 17:40:52,CUST0373,P009,Water Bottle,Home,2,450.0,15,765.0,Card,Hyderabad,Store
TXN004228,2025-05-14 09:53:20,CUST0011,P008,Coffee Mug,Home,3,250.0,5,712.5,Cash,Mumbai,Store
TXN004229,2025-03-05 08:06:05,CUST0499,P009,Water Bottle,Home,5,450.0,20,1800.0,Cash,Hyderabad,Store
TXN004230,2025-12-08 10:09:34,CUST0472,P008,Coffee Mug,Home,1,250.0,5,237.5,Wallet,Hyderabad,Store
TXN004231,2025-04-21 01:17:09,CUST0168,P004,Notebook,Stationery,3,150.0,20,360.0,UPI,Bengaluru,Store
TXN004232,2025-05-08 10:27:41,CUST0023,P005,Ball Pen Pack,Stationery,4,100.0,0,400.0,Card,Mumbai,Online
TXN004233,2025-10-23 22:33:39,CUST0304,P010,Desk Lamp,Home,3,850.0,10,2295.0,Card,Hyderabad,Store
TXN004234,2025-03-24 10:28:02,CUST0479,P005,Ball Pen Pack,Stationery,3,100.0,25,225.0,Wallet,Chennai,Store
TXN004235,2025-07-20 12:40:56,CUST0493,P007,Running Shoes,Fashion,4,2500.0,15,8500.0,Cash,Bengaluru,Online
TXN004236,2025-06-08 16:16:10,CUST0359,P002,Mechanical Keyboard,Electronics,4,3500.0,25,10500.0,UPI,Bengaluru,Online
TXN004237,2025-02-03 00:17:25,CUST0434,P005,Ball Pen Pack,Stationery,5,100.0,15,425.0,UPI,Mumbai,Online
TXN004238,2025-10-22 15:45:35,CUST0111,P009,Water Bottle,Home,3,450.0,25,1012.5,Wallet,Mumbai,Store
TXN004239,2025-06-02 07:27:58,CUST0246,P006,Backpack,Fashion,4,1200.0,15,4080.0,Cash,Mumbai,Store
TXN004240,2025-01-30 17:43:03,CUST0278,P012,Power Bank,Electronics,5,1500.0,15,6375.0,UPI,Chennai,Online
TXN004241,2025-05-30 06:29:22,CUST0252,P011,Smart Watch,Electronics,3,4999.0,10,13497.3,Card,Pune,Store
TXN004242,2025-09-27 15:17:29,CUST0107,P006,Backpack,Fashion,5,1200.0,25,4500.0,Wallet,Hyderabad,Store
TXN004243,2025-01-08 05:47:54,CUST0453,P005,Ball Pen Pack,Stationery,3,100.0,0,300.0,Cash,Bengaluru,Store
TXN004244,2025-11-29 18:37:37,CUST0363,P010,Desk Lamp,Home,2,850.0,15,1445.0,Cash,Delhi,Online
TXN004245,2025-02-22 16:57:00,CUST0423,P012,Power Bank,Electronics,3,1500.0,5,4275.0,Wallet,Mumbai,Store
TXN004246,2025-11-19 21:34:15,CUST0360,P009,Water Bottle,Home,5,450.0,5,2137.5,Cash,Bengaluru,Online
TXN004247,2025-04-27 18:22:46,CUST0491,P001,Wireless Mouse,Electronics,2,599.0,10,1078.2,UPI,Chennai,Online
TXN004248,2025-07-29 07:04:23,CUST0166,P012,Power Bank,Electronics,4,1500.0,15,5100.0,Card,Bengaluru,Store
TXN004249,2025-07-19 16:20:21,CUST0405,P002,Mechanical Keyboard,Electronics,4,3500.0,5,13300.0,Cash,Hyderabad,Online
TXN004250,2025-10-22 15:58:40,CUST0384,P007,Running Shoes,Fashion,5,2500.0,0,12500.0,Wallet,Pune,Store
TXN004251,2025-07-18 21:34:26,CUST0180,P004,Notebook,Stationery,1,150.0,25,112.5,UPI,Mumbai,Online
TXN004252,2025-11-27 04:00:30,CUST0392,P003,USB-C Cable,Electronics,4,299.0,20,956.8,Wallet,Hyderabad,Store
TXN004253,2025-02-02 15:29:17,CUST0496,P010,Desk Lamp,Home,2,850.0,0,1700.0,Cash,Chennai,Store
TXN004254,2025-02-27 06:08:41,CUST0465,P012,Power Bank,Electronics,4,1500.0,15,5100.0,Cash,Hyderabad,Store
TXN004255,2025-10-22 18:16:07,CUST0244,P001,Wireless Mouse,Electronics,2,599.0,15,1018.3,Cash,Bengaluru,Online
TXN004256,2025-01-21 00:59:53,CUST0485,P004,Notebook,Stationery,4,150.0,5,570.0,Cash,Delhi,Store
TXN004257,2025-03-24 01:19:02,CUST0322,P010,Desk Lamp,Home,3,850.0,15,2167.5,Wallet,Chennai,Online
TXN004258,2025-04-01 08:15:39,CUST0054,P009,Water Bottle,Home,1,450.0,25,337.5,Card,Pune,Online
TXN004259,2025-05-24 23:57:19,CUST0226,P011,Smart Watch,Electronics,4,4999.0,0,19996.0,Wallet,Chennai,Online
TXN004260,2025-06-24 04:15:34,CUST0452,P004,Notebook,Stationery,1,150.0,15,127.5,Cash,Delhi,Store
TXN004261,2025-06-29 00:40:59,CUST0237,P007,Running Shoes,Fashion,2,2500.0,25,3750.0,Wallet,Pune,Store
TXN004262,2025-04-06 03:35:36,CUST0483,P007,Running Shoes,Fashion,4,2500.0,20,8000.0,Cash,Chennai,Online
TXN004263,2025-07-17 20:19:38,CUST0315,P009,Water Bottle,Home,5,450.0,15,1912.5,Wallet,Delhi,Store
TXN004264,2025-10-28 08:27:15,CUST0440,P006,Backpack,Fashion,5,1200.0,10,5400.0,Cash,Chennai,Online
TXN004265,2025-04-21 18:48:47,CUST0430,P009,Water Bottle,Home,3,450.0,5,1282.5,Cash,Pune,Store
TXN004266,2025-10-19 05:37:02,CUST0236,P005,Ball Pen Pack,Stationery,1,100.0,5,95.0,Wallet,Bengaluru,Store
TXN004267,2025-06-13 01:40:23,CUST0286,P008,Coffee Mug,Home,3,250.0,0,750.0,Cash,Pune,Online
TXN004268,2025-12-03 13:04:38,CUST0246,P007,Running Shoes,Fashion,4,2500.0,10,9000.0,UPI,Delhi,Store
TXN004269,2025-05-17 05:03:42,CUST0103,P005,Ball Pen Pack,Stationery,1,100.0,0,100.0,Cash,Bengaluru,Online
TXN004270,2025-09-11 02:39:48,CUST0398,P004,Notebook,Stationery,1,150.0,20,120.0,UPI,Mumbai,Online
TXN004271,2025-08-10 17:52:34,CUST0436,P005,Ball Pen Pack,Stationery,1,100.0,15,85.0,Cash,Bengaluru,Store
TXN004272,2025-10-09 22:33:15,CUST0260,P003,USB-C Cable,Electronics,2,299.0,25,448.5,Cash,Chennai,Store
TXN004273,2025-05-14 08:46:08,CUST0126,P009,Water Bottle,Home,3,450.0,25,1012.5,Wallet,Delhi,Online
TXN004274,2025-05-13 19:15:54,CUST0489,P003,USB-C Cable,Electronics,2,299.0,25,448.5,Card,Bengaluru,Store
TXN004275,2025-01-13 09:15:06,CUST0324,P011,Smart Watch,Electronics,1,4999.0,0,4999.0,Cash,Bengaluru,Online
TXN004276,2025-11-29 05:31:55,CUST0293,P012,Power Bank,Electronics,1,1500.0,0,1500.0,UPI,Chennai,Online
TXN004277,2025-11-13 11:43:25,CUST0158,P010,Desk Lamp,Home,3,850.0,15,2167.5,UPI,Mumbai,Store
TXN004278,2025-11-20 17:13:52,CUST0161,P002,Mechanical Keyboard,Electronics,1,3500.0,20,2800.0,UPI,Chennai,Store
TXN004279,2025-07-15 02:32:36,CUST0111,P012,Power Bank,Electronics,4,1500.0,10,5400.0,Wallet,Bengaluru,Online
TXN004280,2025-05-02 03:40:05,CUST0374,P005,Ball Pen Pack,Stationery,4,100.0,15,340.0,Wallet,Mumbai,Store
TXN004281,2025-07-18 11:59:59,CUST0250,P011,Smart Watch,Electronics,1,4999.0,10,4499.1,Wallet,Chennai,Store
TXN004282,2025-06-05 07:17:39,CUST0344,P011,Smart Watch,Electronics,4,4999.0,20,15996.8,Card,Chennai,Online
TXN004283,2025-10-15 12:47:11,CUST0191,P012,Power Bank,Electronics,2,1500.0,10,2700.0,Wallet,Delhi,Store
TXN004284,2025-01-07 12:21:44,CUST0270,P011,Smart Watch,Electronics,5,4999.0,0,24995.0,Cash,Chennai,Online
TXN004285,2025-09-30 09:22:09,CUST0120,P012,Power Bank,Electronics,2,1500.0,0,3000.0,Card,Hyderabad,Online
TXN004286,2025-07-12 18:35:35,CUST0217,P005,Ball Pen Pack,Stationery,1,100.0,10,90.0,Cash,Bengaluru,Online
TXN004287,2025-08-31 00:06:06,CUST0274,P007,Running Shoes,Fashion,2,2500.0,5,4750.0,UPI,Delhi,Online
TXN004288,2025-05-18 16:40:35,CUST0035,P004,Notebook,Stationery,1,150.0,20,120.0,Wallet,Bengaluru,Online
TXN004289,2025-04-30 17:48:57,CUST0249,P005,Ball Pen Pack,Stationery,4,100.0,5,380.0,Card,Hyderabad,Online
TXN004290,2025-04-09 09:12:39,CUST0233,P012,Power Bank,Electronics,5,1500.0,10,6750.0,Card,Delhi,Store
TXN004291,2025-04-27 05:02:49,CUST0443,P005,Ball Pen Pack,Stationery,2,100.0,0,200.0,Card,Delhi,Store
TXN004292,2025-04-20 12:40:21,CUST0053,P001,Wireless Mouse,Electronics,2,599.0,25,898.5,Card,Hyderabad,Store
TXN004293,2025-09-08 13:08:16,CUST0116,P006,Backpack,Fashion,1,1200.0,20,960.0,Wallet,Bengaluru,Store
TXN004294,2025-12-26 11:52:50,CUST0444,P008,Coffee Mug,Home,4,250.0,10,900.0,UPI,Pune,Online
TXN004295,2025-03-21 01:16:38,CUST0471,P006,Backpack,Fashion,1,1200.0,20,960.0,Card,Mumbai,Online
TXN004296,2025-05-19 00:01:22,CUST0264,P006,Backpack,Fashion,2,1200.0,10,2160.0,Wallet,Delhi,Online
TXN004297,2025-05-16 15:21:20,CUST0108,P010,Desk Lamp,Home,5,850.0,20,3400.0,Cash,Chennai,Online
TXN004298,2025-09-27 10:22:19,CUST0061,P008,Coffee Mug,Home,5,250.0,20,1000.0,Cash,Delhi,Online
TXN004299,2025-11-11 02:59:25,CUST0296,P009,Water Bottle,Home,3,450.0,25,1012.5,UPI,Pune,Store
TXN004300,2025-05-09 06:32:43,CUST0185,P009,Water Bottle,Home,1,450.0,15,382.5,Wallet,Delhi,Online
TXN004301,2025-03-25 13:10:38,CUST0276,P004,Notebook,Stationery,1,150.0,20,120.0,Card,Delhi,Online
TXN004302,2025-08-01 17:13:44,CUST0457,P012,Power Bank,Electronics,1,1500.0,25,1125.0,UPI,Pune,Online
TXN004303,2025-11-15 02:47:28,CUST0133,P007,Running Shoes,Fashion,2,2500.0,10,4500.0,Card,Chennai,Online
TXN004304,2025-05-02 01:47:00,CUST0469,P003,USB-C Cable,Electronics,1,299.0,25,224.25,Cash,Hyderabad,Store
TXN004305,2025-10-17 03:49:42,CUST0431,P004,Notebook,Stationery,1,150.0,20,120.0,UPI,Pune,Online
TXN004306,2025-07-20 00:14:42,CUST0161,P003,USB-C Cable,Electronics,4,299.0,5,1136.2,Cash,Mumbai,Online
TXN004307,2025-04-25 20:20:15,CUST0371,P007,Running Shoes,Fashion,1,2500.0,5,2375.0,Card,Mumbai,Store
TXN004308,2025-12-09 18:55:47,CUST0329,P006,Backpack,Fashion,3,1200.0,5,3420.0,UPI,Mumbai,Store
TXN004309,2025-03-28 18:46:13,CUST0020,P004,Notebook,Stationery,1,150.0,10,135.0,Cash,Mumbai,Store
TXN004310,2025-06-21 05:57:42,CUST0273,P002,Mechanical Keyboard,Electronics,1,3500.0,0,3500.0,Wallet,Delhi,Store
TXN004311,2025-09-15 17:36:30,CUST0394,P006,Backpack,Fashion,3,1200.0,15,3060.0,Wallet,Chennai,Store
TXN004312,2025-04-03 04:33:00,CUST0384,P005,Ball Pen Pack,Stationery,3,100.0,10,270.0,UPI,Hyderabad,Online
TXN004313,2025-08-21 02:22:12,CUST0303,P002,Mechanical Keyboard,Electronics,2,3500.0,15,5950.0,Cash,Delhi,Online
TXN004314,2025-01-22 09:20:57,CUST0214,P005,Ball Pen Pack,Stationery,1,100.0,20,80.0,UPI,Mumbai,Store
TXN004315,2025-02-10 15:19:47,CUST0470,P012,Power Bank,Electronics,4,1500.0,25,4500.0,Wallet,Chennai,Online
TXN004316,2025-01-07 16:57:43,CUST0031,P012,Power Bank,Electronics,5,1500.0,25,5625.0,Card,Pune,Store
TXN004317,2025-02-22 00:56:53,CUST0410,P012,Power Bank,Electronics,1,1500.0,15,1275.0,Card,Bengaluru,Online
TXN004318,2025-03-01 00:13:46,CUST0352,P002,Mechanical Keyboard,Electronics,4,3500.0,10,12600.0,Wallet,Pune,Store
TXN004319,2025-11-21 12:53:53,CUST0317,P010,Desk Lamp,Home,4,850.0,5,3230.0,UPI,Hyderabad,Online
TXN004320,2025-09-03 05:19:40,CUST0139,P008,Coffee Mug,Home,5,250.0,25,937.5,UPI,Chennai,Online
TXN004321,2025-01-05 07:40:06,CUST0177,P010,Desk Lamp,Home,2,850.0,5,1615.0,Cash,Bengaluru,Online
TXN004322,2025-10-23 04:18:14,CUST0068,P009,Water Bottle,Home,4,450.0,0,1800.0,Card,Pune,Online
TXN004323,2025-01-12 20:19:56,CUST0024,P011,Smart Watch,Electronics,4,4999.0,10,17996.4,Cash,Hyderabad,Store
TXN004324,2025-10-13 10:50:46,CUST0066,P005,Ball Pen Pack,Stationery,2,100.0,20,160.0,Wallet,Mumbai,Online
TXN004325,2025-08-25 22:10:24,CUST0180,P002,Mechanical Keyboard,Electronics,3,3500.0,10,9450.0,Card,Chennai,Online
TXN004326,2025-05-09 14:50:46,CUST0347,P009,Water Bottle,Home,1,450.0,25,337.5,Card,Chennai,Store
TXN004327,2025-01-07 04:31:49,CUST0413,P007,Running Shoes,Fashion,1,2500.0,10,2250.0,UPI,Pune,Online
TXN004328,2025-04-12 19:23:27,CUST0007,P007,Running Shoes,Fashion,3,2500.0,10,6750.0,Wallet,Delhi,Store
TXN004329,2025-11-09 11:49:19,CUST0205,P012,Power Bank,Electronics,5,1500.0,10,6750.0,UPI,Chennai,Online
TXN004330,2025-04-10 21:03:02,CUST0446,P002,Mechanical Keyboard,Electronics,5,3500.0,25,13125.0,Cash,Bengaluru,Store
TXN004331,2025-09-25 02:51:37,CUST0133,P004,Notebook,Stationery,1,150.0,0,150.0,Wallet,Delhi,Store
TXN004332,2025-06-17 13:04:51,CUST0413,P003,USB-C Cable,Electronics,2,299.0,20,478.4,Wallet,Hyderabad,Store
TXN004333,2025-10-10 17:30:02,CUST0451,P007,Running Shoes,Fashion,3,2500.0,15,6375.0,Card,Mumbai,Online
TXN004334,2025-06-01 05:01:52,CUST0338,P001,Wireless Mouse,Electronics,4,599.0,25,1797.0,Card,Pune,Online
TXN004335,2025-12-10 14:11:46,CUST0046,P002,Mechanical Keyboard,Electronics,2,3500.0,20,5600.0,Wallet,Mumbai,Store
TXN004336,2025-07-07 04:30:48,CUST0426,P010,Desk Lamp,Home,3,850.0,25,1912.5,Wallet,Mumbai,Online
TXN004337,2025-03-25 05:35:54,CUST0261,P001,Wireless Mouse,Electronics,2,599.0,10,1078.2,UPI,Chennai,Store
TXN004338,2025-11-29 18:18:28,CUST0267,P010,Desk Lamp,Home,3,850.0,25,1912.5,Card,Hyderabad,Online
TXN004339,2025-10-06 22:39:03,CUST0292,P005,Ball Pen Pack,Stationery,3,100.0,0,300.0,UPI,Delhi,Store
TXN004340,2025-11-11 03:17:58,CUST0289,P012,Power Bank,Electronics,1,1500.0,10,1350.0,Card,Delhi,Store
TXN004341,2025-02-19 18:24:19,CUST0288,P004,Notebook,Stationery,5,150.0,10,675.0,UPI,Chennai,Store
TXN004342,2025-07-04 04:09:49,CUST0111,P011,Smart Watch,Electronics,1,4999.0,20,3999.2,Cash,Chennai,Online
TXN004343,2025-02-18 23:17:11,CUST0337,P012,Power Bank,Electronics,4,1500.0,15,5100.0,UPI,Hyderabad,Store
TXN004344,2025-12-02 18:01:02,CUST0262,P009,Water Bottle,Home,4,450.0,25,1350.0,Wallet,Delhi,Store
TXN004345,2025-09-25 11:46:10,CUST0339,P003,USB-C Cable,Electronics,5,299.0,5,1420.25,Cash,Chennai,Online
TXN004346,2025-12-05 21:34:19,CUST0454,P003,USB-C Cable,Electronics,5,299.0,5,1420.25,UPI,Mumbai,Online
TXN004347,2025-03-01 21:49:47,CUST0126,P006,Backpack,Fashion,2,1200.0,0,2400.0,Wallet,Hyderabad,Store
TXN004348,2025-06-15 20:48:13,CUST0275,P012,Power Bank,Electronics,3,1500.0,25,3375.0,Wallet,Bengaluru,Store
TXN004349,2025-09-06 05:12:12,CUST0254,P009,Water Bottle,Home,1,450.0,20,360.0,Wallet,Delhi,Store
TXN004350,2025-11-08 08:28:49,CUST0283,P004,Notebook,Stationery,4,150.0,10,540.0,Cash,Hyderabad,Store
TXN004351,2025-11-19 17:01:25,CUST0295,P008,Coffee Mug,Home,3,250.0,5,712.5,UPI,Pune,Store
TXN004352,2025-09-05 01:36:43,CUST0103,P002,Mechanical Keyboard,Electronics,4,3500.0,10,12600.0,Cash,Chennai,Store
TXN004353,2025-08-21 21:36:42,CUST0322,P003,USB-C Cable,Electronics,5,299.0,25,1121.25,Wallet,Delhi,Store
TXN004354,2025-04-18 08:33:09,CUST0045,P011,Smart Watch,Electronics,1,4999.0,25,3749.25,Cash,Hyderabad,Store
TXN004355,2025-09-23 14:26:57,CUST0455,P003,USB-C Cable,Electronics,4,299.0,15,1016.6,Cash,Mumbai,Online
TXN004356,2025-11-03 18:29:05,CUST0316,P010,Desk Lamp,Home,4,850.0,15,2890.0,Cash,Delhi,Online
TXN004357,2025-04-15 03:59:57,CUST0314,P007,Running Shoes,Fashion,3,2500.0,10,6750.0,UPI,Delhi,Store
TXN004358,2025-05-01 15:45:07,CUST0455,P002,Mechanical Keyboard,Electronics,5,3500.0,15,14875.0,Wallet,Hyderabad,Store
TXN004359,2025-04-03 06:25:57,CUST0479,P012,Power Bank,Electronics,1,1500.0,0,1500.0,Card,Delhi,Online
TXN004360,2025-01-24 16:47:57,CUST0428,P002,Mechanical Keyboard,Electronics,4,3500.0,5,13300.0,UPI,Mumbai,Store
TXN004361,2025-08-12 13:02:52,CUST0244,P011,Smart Watch,Electronics,2,4999.0,5,9498.1,Cash,Pune,Online
TXN004362,2025-07-23 15:04:05,CUST0144,P009,Water Bottle,Home,2,450.0,10,810.0,Card,Bengaluru,Store
TXN004363,2025-06-09 07:25:57,CUST0284,P001,Wireless Mouse,Electronics,5,599.0,25,2246.25,Cash,Bengaluru,Online
TXN004364,2025-02-02 03:52:11,CUST0412,P011,Smart Watch,Electronics,5,4999.0,0,24995.0,Cash,Mumbai,Online
TXN004365,2025-03-18 07:50:22,CUST0466,P005,Ball Pen Pack,Stationery,5,100.0,0,500.0,UPI,Delhi,Online
TXN004366,2025-06-20 08:21:40,CUST0383,P004,Notebook,Stationery,3,150.0,20,360.0,Wallet,Bengaluru,Store
TXN004367,2025-02-10 12:23:48,CUST0476,P006,Backpack,Fashion,3,1200.0,10,3240.0,Cash,Bengaluru,Online
TXN004368,2025-05-15 00:06:07,CUST0126,P010,Desk Lamp,Home,2,850.0,15,1445.0,UPI,Hyderabad,Store
TXN004369,2025-07-08 04:23:12,CUST0439,P005,Ball Pen Pack,Stationery,4,100.0,25,300.0,Card,Bengaluru,Online
TXN004370,2025-01-19 16:07:03,CUST0323,P006,Backpack,Fashion,2,1200.0,15,2040.0,Cash,Hyderabad,Online
TXN004371,2025-02-11 14:06:34,CUST0307,P012,Power Bank,Electronics,2,1500.0,25,2250.0,Cash,Bengaluru,Store
TXN004372,2025-10-14 22:54:55,CUST0321,P011,Smart Watch,Electronics,2,4999.0,20,7998.4,Cash,Chennai,Online
TXN004373,2025-03-08 07:09:20,CUST0044,P006,Backpack,Fashion,3,1200.0,25,2700.0,Card,Hyderabad,Online
TXN004374,2025-12-01 08:07:35,CUST0011,P011,Smart Watch,Electronics,4,4999.0,15,16996.6,Cash,Delhi,Online
TXN004375,2025-02-04 16:43:00,CUST0469,P003,USB-C Cable,Electronics,4,299.0,5,1136.2,Wallet,Delhi,Online
TXN004376,2025-08-24 20:49:06,CUST0190,P007,Running Shoes,Fashion,4,2500.0,25,7500.0,Cash,Delhi,Store
TXN004377,2025-01-01 23:33:35,CUST0229,P009,Water Bottle,Home,5,450.0,0,2250.0,Wallet,Delhi,Online
TXN004378,2025-09-16 18:24:03,CUST0401,P010,Desk Lamp,Home,5,850.0,0,4250.0,UPI,Bengaluru,Store
TXN004379,2025-05-26 11:56:16,CUST0190,P002,Mechanical Keyboard,Electronics,2,3500.0,20,5600.0,Cash,Delhi,Online
TXN004380,2025-11-05 03:38:02,CUST0158,P010,Desk Lamp,Home,2,850.0,10,1530.0,Card,Chennai,Online
TXN004381,2025-06-16 18:42:30,CUST0470,P005,Ball Pen Pack,Stationery,5,100.0,20,400.0,Card,Hyderabad,Online
TXN004382,2025-07-20 22:02:40,CUST0400,P011,Smart Watch,Electronics,3,4999.0,25,11247.75,Wallet,Delhi,Store
TXN004383,2025-06-22 19:09:12,CUST0223,P006,Backpack,Fashion,4,1200.0,10,4320.0,UPI,Bengaluru,Online
TXN004384,2025-05-21 10:46:24,CUST0167,P005,Ball Pen Pack,Stationery,5,100.0,10,450.0,Card,Chennai,Store
TXN004385,2025-03-28 11:17:45,CUST0393,P007,Running Shoes,Fashion,5,2500.0,15,10625.0,Wallet,Mumbai,Store
TXN004386,2025-11-30 22:08:06,CUST0211,P010,Desk Lamp,Home,2,850.0,5,1615.0,UPI,Hyderabad,Store
TXN004387,2025-10-26 03:18:44,CUST0314,P001,Wireless Mouse,Electronics,4,599.0,15,2036.6,Card,Delhi,Online
TXN004388,2025-05-15 06:50:57,CUST0108,P006,Backpack,Fashion,5,1200.0,15,5100.0,Wallet,Mumbai,Online
TXN004389,2025-09-15 20:50:12,CUST0025,P002,Mechanical Keyboard,Electronics,1,3500.0,10,3150.0,Cash,Bengaluru,Store
TXN004390,2025-11-30 12:40:23,CUST0118,P005,Ball Pen Pack,Stationery,5,100.0,10,450.0,Card,Chennai,Online
TXN004391,2025-11-14 22:20:41,CUST0458,P011,Smart Watch,Electronics,3,4999.0,25,11247.75,Wallet,Pune,Online
TXN004392,2025-05-17 20:35:01,CUST0483,P006,Backpack,Fashion,4,1200.0,20,3840.0,Cash,Bengaluru,Store
TXN004393,2025-02-10 08:04:03,CUST0115,P006,Backpack,Fashion,3,1200.0,25,2700.0,Wallet,Delhi,Online
TXN004394,2025-06-02 19:45:34,CUST0274,P006,Backpack,Fashion,3,1200.0,15,3060.0,Card,Hyderabad,Store
TXN004395,2025-02-28 21:28:04,CUST0122,P003,USB-C Cable,Electronics,5,299.0,10,1345.5,Cash,Delhi,Online
TXN004396,2025-11-20 21:20:55,CUST0397,P011,Smart Watch,Electronics,5,4999.0,10,22495.5,Wallet,Chennai,Store
TXN004397,2025-11-20 10:51:30,CUST0250,P006,Backpack,Fashion,5,1200.0,0,6000.0,Wallet,Bengaluru,Online
TXN004398,2025-03-02 08:17:00,CUST0404,P009,Water Bottle,Home,3,450.0,25,1012.5,UPI,Pune,Store
TXN004399,2025-03-07 02:33:28,CUST0123,P004,Notebook,Stationery,3,150.0,15,382.5,UPI,Delhi,Online
TXN004400,2025-06-30 14:14:41,CUST0053,P005,Ball Pen Pack,Stationery,4,100.0,20,320.0,Wallet,Chennai,Online
TXN004401,2025-04-09 19:58:33,CUST0374,P008,Coffee Mug,Home,5,250.0,15,1062.5,Card,Delhi,Online
TXN004402,2025-08-04 22:01:31,CUST0179,P012,Power Bank,Electronics,3,1500.0,20,3600.0,Cash,Mumbai,Online
TXN004403,2025-07-13 21:56:28,CUST0481,P005,Ball Pen Pack,Stationery,3,100.0,25,225.0,Wallet,Mumbai,Online
TXN004404,2025-06-29 05:18:02,CUST0014,P004,Notebook,Stationery,5,150.0,15,637.5,UPI,Mumbai,Online
TXN004405,2025-06-28 16:36:15,CUST0179,P010,Desk Lamp,Home,1,850.0,25,637.5,UPI,Mumbai,Store
TXN004406,2025-10-19 03:45:14,CUST0019,P007,Running Shoes,Fashion,4,2500.0,20,8000.0,Cash,Hyderabad,Online
TXN004407,2025-07-09 20:42:11,CUST0279,P007,Running Shoes,Fashion,5,2500.0,5,11875.0,Cash,Delhi,Online
TXN004408,2025-06-04 12:24:10,CUST0463,P012,Power Bank,Electronics,2,1500.0,0,3000.0,Cash,Hyderabad,Online
TXN004409,2025-09-16 02:21:27,CUST0282,P010,Desk Lamp,Home,4,850.0,15,2890.0,Wallet,Chennai,Online
TXN004410,2025-05-18 01:38:40,CUST0102,P007,Running Shoes,Fashion,4,2500.0,5,9500.0,Cash,Chennai,Store
TXN004411,2025-10-01 02:35:15,CUST0270,P010,Desk Lamp,Home,4,850.0,0,3400.0,Wallet,Mumbai,Store
TXN004412,2025-02-19 17:51:30,CUST0069,P009,Water Bottle,Home,5,450.0,5,2137.5,Cash,Mumbai,Online
TXN004413,2025-03-31 12:15:57,CUST0411,P006,Backpack,Fashion,1,1200.0,5,1140.0,UPI,Mumbai,Store
TXN004414,2025-03-15 14:50:29,CUST0025,P010,Desk Lamp,Home,4,850.0,10,3060.0,Card,Bengaluru,Store
TXN004415,2025-08-27 15:25:45,CUST0117,P007,Running Shoes,Fashion,4,2500.0,25,7500.0,Card,Delhi,Store
TXN004416,2025-10-04 14:48:50,CUST0396,P012,Power Bank,Electronics,5,1500.0,15,6375.0,Wallet,Mumbai,Store
TXN004417,2025-07-22 00:14:35,CUST0494,P001,Wireless Mouse,Electronics,2,599.0,25,898.5,UPI,Chennai,Online
TXN004418,2025-12-22 00:42:35,CUST0234,P011,Smart Watch,Electronics,2,4999.0,10,8998.2,Wallet,Delhi,Online
TXN004419,2025-06-01 09:29:48,CUST0423,P001,Wireless Mouse,Electronics,5,599.0,5,2845.25,Cash,Pune,Store
TXN004420,2025-04-03 03:39:09,CUST0460,P012,Power Bank,Electronics,4,1500.0,20,4800.0,Cash,Chennai,Online
TXN004421,2025-02-24 22:47:11,CUST0454,P009,Water Bottle,Home,5,450.0,15,1912.5,Wallet,Hyderabad,Online
TXN004422,2025-02-04 08:30:46,CUST0415,P003,USB-C Cable,Electronics,2,299.0,5,568.1,Card,Mumbai,Store
TXN004423,2025-09-01 08:32:58,CUST0337,P003,USB-C Cable,Electronics,3,299.0,5,852.15,Wallet,Mumbai,Online
TXN004424,2025-08-16 10:00:33,CUST0251,P011,Smart Watch,Electronics,5,4999.0,20,19996.0,Card,Delhi,Store
TXN004425,2025-06-03 03:16:36,CUST0389,P006,Backpack,Fashion,4,1200.0,10,4320.0,Cash,Bengaluru,Store
TXN004426,2025-09-29 21:05:32,CUST0110,P003,USB-C Cable,Electronics,3,299.0,25,672.75,Cash,Delhi,Store
TXN004427,2025-12-26 01:17:04,CUST0040,P002,Mechanical Keyboard,Electronics,5,3500.0,0,17500.0,Cash,Mumbai,Online
TXN004428,2025-05-29 08:55:54,CUST0472,P008,Coffee Mug,Home,2,250.0,20,400.0,UPI,Chennai,Store
TXN004429,2025-02-26 01:45:39,CUST0030,P004,Notebook,Stationery,5,150.0,25,562.5,UPI,Chennai,Online
TXN004430,2025-06-22 15:35:30,CUST0429,P012,Power Bank,Electronics,4,1500.0,20,4800.0,Cash,Mumbai,Store
TXN004431,2025-12-01 18:00:21,CUST0255,P002,Mechanical Keyboard,Electronics,3,3500.0,15,8925.0,Card,Pune,Online
TXN004432,2025-01-29 22:23:52,CUST0134,P011,Smart Watch,Electronics,5,4999.0,5,23745.25,Card,Pune,Store
TXN004433,2025-04-14 16:16:30,CUST0500,P001,Wireless Mouse,Electronics,1,599.0,0,599.0,Card,Bengaluru,Online
TXN004434,2025-07-30 09:02:05,CUST0107,P007,Running Shoes,Fashion,1,2500.0,5,2375.0,UPI,Hyderabad,Store
TXN004435,2025-12-08 03:44:41,CUST0399,P007,Running Shoes,Fashion,3,2500.0,15,6375.0,Wallet,Mumbai,Online
TXN004436,2025-06-13 19:20:52,CUST0339,P011,Smart Watch,Electronics,4,4999.0,15,16996.6,UPI,Hyderabad,Online
TXN004437,2025-10-29 03:59:37,CUST0239,P007,Running Shoes,Fashion,2,2500.0,25,3750.0,Cash,Mumbai,Store
TXN004438,2025-06-13 12:38:08,CUST0335,P008,Coffee Mug,Home,1,250.0,25,187.5,Wallet,Pune,Online
TXN004439,2025-07-13 18:54:07,CUST0076,P001,Wireless Mouse,Electronics,3,599.0,20,1437.6,Wallet,Hyderabad,Online
TXN004440,2025-09-13 01:32:47,CUST0154,P002,Mechanical Keyboard,Electronics,5,3500.0,15,14875.0,Card,Mumbai,Online
TXN004441,2025-12-11 02:34:04,CUST0424,P011,Smart Watch,Electronics,2,4999.0,15,8498.3,Cash,Chennai,Store
TXN004442,2025-11-06 01:48:56,CUST0206,P005,Ball Pen Pack,Stationery,5,100.0,15,425.0,Wallet,Delhi,Online
TXN004443,2025-08-17 16:13:18,CUST0314,P002,Mechanical Keyboard,Electronics,4,3500.0,0,14000.0,Cash,Chennai,Online
TXN004444,2025-08-25 14:23:55,CUST0350,P001,Wireless Mouse,Electronics,4,599.0,10,2156.4,UPI,Hyderabad,Store
TXN004445,2025-09-08 13:26:51,CUST0008,P004,Notebook,Stationery,3,150.0,5,427.5,Cash,Chennai,Online
TXN004446,2025-10-01 20:38:16,CUST0493,P010,Desk Lamp,Home,4,850.0,25,2550.0,UPI,Mumbai,Online
TXN004447,2025-10-14 09:00:01,CUST0443,P006,Backpack,Fashion,5,1200.0,20,4800.0,UPI,Pune,Store
TXN004448,2025-07-31 14:10:33,CUST0073,P010,Desk Lamp,Home,4,850.0,15,2890.0,UPI,Bengaluru,Store
TXN004449,2025-03-10 00:31:50,CUST0061,P006,Backpack,Fashion,2,1200.0,0,2400.0,Card,Chennai,Store
TXN004450,2025-10-10 23:16:54,CUST0071,P006,Backpack,Fashion,2,1200.0,15,2040.0,UPI,Pune,Online
TXN004451,2025-02-13 21:59:48,CUST0217,P010,Desk Lamp,Home,1,850.0,20,680.0,Wallet,Delhi,Store
TXN004452,2025-07-19 18:32:48,CUST0006,P003,USB-C Cable,Electronics,5,299.0,5,1420.25,Card,Delhi,Online
TXN004453,2025-10-21 14:28:49,CUST0258,P005,Ball Pen Pack,Stationery,2,100.0,25,150.0,UPI,Mumbai,Store
TXN004454,2025-05-21 14:54:09,CUST0230,P004,Notebook,Stationery,3,150.0,0,450.0,Wallet,Delhi,Store
TXN004455,2025-12-23 14:57:18,CUST0130,P007,Running Shoes,Fashion,5,2500.0,5,11875.0,Cash,Mumbai,Online
TXN004456,2025-12-07 05:40:27,CUST0084,P012,Power Bank,Electronics,1,1500.0,10,1350.0,UPI,Mumbai,Online
TXN004457,2025-12-20 18:02:12,CUST0279,P004,Notebook,Stationery,2,150.0,0,300.0,Cash,Delhi,Store
TXN004458,2025-08-08 21:56:18,CUST0297,P001,Wireless Mouse,Electronics,2,599.0,10,1078.2,Wallet,Mumbai,Store
TXN004459,2025-12-27 18:24:51,CUST0253,P002,Mechanical Keyboard,Electronics,4,3500.0,25,10500.0,UPI,Pune,Online
TXN004460,2025-05-15 03:21:30,CUST0211,P009,Water Bottle,Home,4,450.0,0,1800.0,Cash,Mumbai,Online
TXN004461,2025-04-09 12:10:54,CUST0466,P012,Power Bank,Electronics,4,1500.0,0,6000.0,Cash,Mumbai,Store
TXN004462,2025-04-09 09:34:47,CUST0277,P004,Notebook,Stationery,5,150.0,20,600.0,Cash,Pune,Online
TXN004463,2025-06-24 01:41:41,CUST0198,P009,Water Bottle,Home,3,450.0,0,1350.0,Wallet,Bengaluru,Store
TXN004464,2025-06-30 12:08:24,CUST0444,P011,Smart Watch,Electronics,4,4999.0,0,19996.0,UPI,Bengaluru,Store
TXN004465,2025-03-29 03:56:19,CUST0159,P006,Backpack,Fashion,5,1200.0,25,4500.0,Wallet,Chennai,Online
TXN004466,2025-11-24 07:04:44,CUST0041,P011,Smart Watch,Electronics,4,4999.0,5,18996.2,UPI,Pune,Online
TXN004467,2025-03-10 18:11:54,CUST0136,P010,Desk Lamp,Home,4,850.0,25,2550.0,Wallet,Delhi,Store
TXN004468,2025-12-15 00:36:07,CUST0136,P006,Backpack,Fashion,1,1200.0,0,1200.0,Cash,Hyderabad,Store
TXN004469,2025-12-15 07:45:39,CUST0274,P001,Wireless Mouse,Electronics,5,599.0,10,2695.5,Wallet,Chennai,Online
TXN004470,2025-11-24 15:49:43,CUST0060,P009,Water Bottle,Home,1,450.0,10,405.0,Wallet,Mumbai,Store
TXN004471,2025-11-25 05:08:26,CUST0149,P003,USB-C Cable,Electronics,4,299.0,0,1196.0,Wallet,Hyderabad,Store
TXN004472,2025-11-14 12:50:58,CUST0297,P012,Power Bank,Electronics,3,1500.0,15,3825.0,Wallet,Mumbai,Online
TXN004473,2025-02-11 17:59:47,CUST0027,P008,Coffee Mug,Home,5,250.0,15,1062.5,Wallet,Delhi,Store
TXN004474,2025-05-21 14:37:08,CUST0149,P011,Smart Watch,Electronics,3,4999.0,15,12747.45,Cash,Bengaluru,Online
TXN004475,2025-07-18 17:43:33,CUST0290,P008,Coffee Mug,Home,2,250.0,5,475.0,Wallet,Chennai,Online
TXN004476,2025-04-25 23:19:24,CUST0260,P006,Backpack,Fashion,3,1200.0,25,2700.0,UPI,Pune,Online
TXN004477,2025-08-25 10:56:26,CUST0260,P005,Ball Pen Pack,Stationery,4,100.0,20,320.0,Cash,Chennai,Store
TXN004478,2025-01-05 10:19:41,CUST0432,P007,Running Shoes,Fashion,4,2500.0,25,7500.0,Card,Chennai,Store
TXN004479,2025-01-27 06:49:01,CUST0112,P009,Water Bottle,Home,2,450.0,15,765.0,Wallet,Mumbai,Store
TXN004480,2025-12-09 23:34:21,CUST0226,P008,Coffee Mug,Home,4,250.0,20,800.0,Cash,Bengaluru,Online
TXN004481,2025-10-21 22:31:43,CUST0335,P004,Notebook,Stationery,5,150.0,20,600.0,Wallet,Pune,Store
TXN004482,2025-03-28 12:50:36,CUST0255,P008,Coffee Mug,Home,5,250.0,5,1187.5,Wallet,Mumbai,Online
TXN004483,2025-01-22 10:15:36,CUST0485,P008,Coffee Mug,Home,2,250.0,10,450.0,UPI,Pune,Store
TXN004484,2025-03-08 22:48:11,CUST0096,P011,Smart Watch,Electronics,1,4999.0,15,4249.15,Card,Delhi,Online
TXN004485,2025-03-05 16:15:00,CUST0119,P004,Notebook,Stationery,2,150.0,0,300.0,Card,Pune,Online
TXN004486,2025-04-08 22:57:53,CUST0144,P007,Running Shoes,Fashion,1,2500.0,15,2125.0,UPI,Bengaluru,Store
TXN004487,2025-10-02 20:24:33,CUST0117,P011,Smart Watch,Electronics,1,4999.0,15,4249.15,Cash,Chennai,Online
TXN004488,2025-03-16 01:43:29,CUST0175,P008,Coffee Mug,Home,5,250.0,15,1062.5,Cash,Pune,Store
TXN004489,2025-02-05 02:04:00,CUST0070,P009,Water Bottle,Home,3,450.0,5,1282.5,Wallet,Chennai,Online
TXN004490,2025-01-13 19:38:26,CUST0403,P007,Running Shoes,Fashion,3,2500.0,10,6750.0,Cash,Delhi,Store
TXN004491,2025-10-30 20:56:14,CUST0485,P006,Backpack,Fashion,2,1200.0,0,2400.0,UPI,Hyderabad,Online
TXN004492,2025-04-10 09:23:40,CUST0086,P006,Backpack,Fashion,3,1200.0,10,3240.0,Card,Hyderabad,Online
TXN004493,2025-05-06 19:44:41,CUST0127,P008,Coffee Mug,Home,4,250.0,10,900.0,Card,Delhi,Store
TXN004494,2025-11-07 23:11:56,CUST0016,P008,Coffee Mug,Home,5,250.0,15,1062.5,Wallet,Hyderabad,Store
TXN004495,2025-01-11 15:30:28,CUST0348,P003,USB-C Cable,Electronics,1,299.0,5,284.05,Card,Pune,Online
TXN004496,2025-04-07 17:50:24,CUST0455,P002,Mechanical Keyboard,Electronics,4,3500.0,0,14000.0,UPI,Hyderabad,Store
TXN004497,2025-08-06 13:16:50,CUST0206,P007,Running Shoes,Fashion,2,2500.0,20,4000.0,Card,Hyderabad,Store
TXN004498,2025-08-08 18:12:00,CUST0269,P008,Coffee Mug,Home,2,250.0,20,400.0,Wallet,Pune,Online
TXN004499,2025-04-08 17:03:58,CUST0411,P003,USB-C Cable,Electronics,3,299.0,20,717.6,Cash,Bengaluru,Online
TXN004500,2025-08-12 19:17:35,CUST0419,P002,Mechanical Keyboard,Electronics,4,3500.0,25,10500.0,Wallet,Delhi,Store
TXN004501,2025-02-14 14:31:43,CUST0219,P001,Wireless Mouse,Electronics,2,599.0,5,1138.1,Card,Hyderabad,Online
TXN004502,2025-07-02 22:06:25,CUST0003,P001,Wireless Mouse,Electronics,3,599.0,0,1797.0,UPI,Pune,Store
TXN004503,2025-05-02 06:05:46,CUST0174,P011,Smart Watch,Electronics,1,4999.0,5,4749.05,UPI,Pune,Online
TXN004504,2025-10-11 17:53:43,CUST0361,P011,Smart Watch,Electronics,1,4999.0,0,4999.0,Wallet,Delhi,Store
TXN004505,2025-05-23 08:43:03,CUST0485,P005,Ball Pen Pack,Stationery,1,100.0,15,85.0,Cash,Hyderabad,Store
TXN004506,2025-08-29 14:17:19,CUST0071,P011,Smart Watch,Electronics,1,4999.0,0,4999.0,Cash,Bengaluru,Store
TXN004507,2025-02-21 02:40:32,CUST0448,P008,Coffee Mug,Home,3,250.0,25,562.5,UPI,Mumbai,Store
TXN004508,2025-03-08 10:55:43,CUST0208,P011,Smart Watch,Electronics,5,4999.0,15,21245.75,Cash,Delhi,Online
TXN004509,2025-11-17 11:45:47,CUST0027,P004,Notebook,Stationery,4,150.0,0,600.0,Wallet,Hyderabad,Store
TXN004510,2025-04-24 12:56:34,CUST0377,P009,Water Bottle,Home,2,450.0,5,855.0,UPI,Hyderabad,Store
TXN004511,2025-07-17 04:00:02,CUST0488,P008,Coffee Mug,Home,2,250.0,5,475.0,Card,Bengaluru,Online
TXN004512,2025-06-15 12:53:17,CUST0026,P002,Mechanical Keyboard,Electronics,3,3500.0,10,9450.0,Wallet,Hyderabad,Online
TXN004513,2025-03-30 23:33:11,CUST0069,P007,Running Shoes,Fashion,4,2500.0,0,10000.0,Cash,Chennai,Store
TXN004514,2025-07-14 05:54:00,CUST0361,P002,Mechanical Keyboard,Electronics,5,3500.0,25,13125.0,Wallet,Mumbai,Online
TXN004515,2025-05-22 17:53:03,CUST0023,P012,Power Bank,Electronics,1,1500.0,20,1200.0,Wallet,Bengaluru,Store
TXN004516,2025-09-17 22:24:57,CUST0068,P001,Wireless Mouse,Electronics,5,599.0,5,2845.25,Cash,Mumbai,Online
TXN004517,2025-01-18 22:48:11,CUST0062,P009,Water Bottle,Home,2,450.0,20,720.0,Cash,Pune,Online
TXN004518,2025-03-30 02:20:45,CUST0361,P003,USB-C Cable,Electronics,5,299.0,15,1270.75,UPI,Delhi,Online
TXN004519,2025-10-20 19:19:52,CUST0245,P010,Desk Lamp,Home,3,850.0,20,2040.0,Card,Hyderabad,Online
TXN004520,2025-05-14 11:14:45,CUST0275,P011,Smart Watch,Electronics,3,4999.0,10,13497.3,UPI,Mumbai,Store
TXN004521,2025-11-24 02:58:17,CUST0109,P010,Desk Lamp,Home,4,850.0,0,3400.0,Cash,Hyderabad,Online
TXN004522,2025-01-08 12:47:44,CUST0463,P008,Coffee Mug,Home,3,250.0,15,637.5,Cash,Chennai,Online
TXN004523,2025-11-04 11:19:53,CUST0494,P005,Ball Pen Pack,Stationery,2,100.0,10,180.0,Wallet,Pune,Store
TXN004524,2025-03-03 12:52:24,CUST0198,P003,USB-C Cable,Electronics,3,299.0,20,717.6,UPI,Hyderabad,Online
TXN004525,2025-09-27 04:09:57,CUST0036,P003,USB-C Cable,Electronics,3,299.0,25,672.75,Wallet,Chennai,Store
TXN004526,2025-04-02 12:16:19,CUST0389,P011,Smart Watch,Electronics,4,4999.0,25,14997.0,Wallet,Bengaluru,Online
TXN004527,2025-12-09 11:36:36,CUST0385,P005,Ball Pen Pack,Stationery,3,100.0,5,285.0,Cash,Pune,Store
TXN004528,2025-11-30 23:06:33,CUST0156,P010,Desk Lamp,Home,4,850.0,20,2720.0,Wallet,Pune,Store
TXN004529,2025-05-21 13:10:55,CUST0244,P002,Mechanical Keyboard,Electronics,3,3500.0,15,8925.0,Cash,Pune,Online
TXN004530,2025-11-21 05:59:53,CUST0081,P010,Desk Lamp,Home,5,850.0,0,4250.0,Card,Delhi,Online
TXN004531,2025-09-06 19:49:33,CUST0152,P003,USB-C Cable,Electronics,3,299.0,15,762.45,Wallet,Mumbai,Online
TXN004532,2025-10-08 00:09:37,CUST0026,P010,Desk Lamp,Home,3,850.0,0,2550.0,UPI,Bengaluru,Store
TXN004533,2025-07-07 13:13:35,CUST0117,P008,Coffee Mug,Home,4,250.0,5,950.0,Cash,Pune,Store
TXN004534,2025-05-29 07:58:00,CUST0356,P012,Power Bank,Electronics,2,1500.0,5,2850.0,Cash,Delhi,Online
TXN004535,2025-12-25 09:31:04,CUST0017,P004,Notebook,Stationery,4,150.0,20,480.0,Card,Mumbai,Online
TXN004536,2025-10-06 18:40:58,CUST0491,P005,Ball Pen Pack,Stationery,1,100.0,0,100.0,Cash,Pune,Store
TXN004537,2025-04-04 21:03:25,CUST0056,P012,Power Bank,Electronics,1,1500.0,15,1275.0,Card,Pune,Store
TXN004538,2025-05-01 16:17:54,CUST0467,P002,Mechanical Keyboard,Electronics,3,3500.0,15,8925.0,Cash,Bengaluru,Online
TXN004539,2025-12-08 07:01:42,CUST0006,P011,Smart Watch,Electronics,1,4999.0,20,3999.2,Cash,Pune,Online
TXN004540,2025-03-26 10:34:21,CUST0169,P010,Desk Lamp,Home,5,850.0,25,3187.5,Cash,Bengaluru,Store
TXN004541,2025-03-05 12:42:45,CUST0081,P010,Desk Lamp,Home,5,850.0,25,3187.5,Card,Chennai,Store
TXN004542,2025-08-28 09:47:37,CUST0214,P011,Smart Watch,Electronics,4,4999.0,25,14997.0,Wallet,Bengaluru,Online
TXN004543,2025-05-18 01:22:31,CUST0128,P010,Desk Lamp,Home,1,850.0,5,807.5,Card,Bengaluru,Online
TXN004544,2025-10-16 01:38:49,CUST0155,P008,Coffee Mug,Home,2,250.0,15,425.0,Cash,Mumbai,Online
TXN004545,2025-10-07 12:07:02,CUST0104,P003,USB-C Cable,Electronics,5,299.0,20,1196.0,UPI,Hyderabad,Online
TXN004546,2025-10-01 02:01:43,CUST0498,P011,Smart Watch,Electronics,1,4999.0,15,4249.15,Cash,Bengaluru,Store
TXN004547,2025-01-27 05:38:45,CUST0443,P011,Smart Watch,Electronics,3,4999.0,10,13497.3,Card,Bengaluru,Store
TXN004548,2025-04-07 20:45:31,CUST0432,P012,Power Bank,Electronics,3,1500.0,10,4050.0,Cash,Chennai,Online
TXN004549,2025-10-05 10:40:38,CUST0472,P005,Ball Pen Pack,Stationery,2,100.0,25,150.0,Card,Mumbai,Store
TXN004550,2025-08-29 11:45:53,CUST0253,P010,Desk Lamp,Home,2,850.0,25,1275.0,UPI,Chennai,Store
TXN004551,2025-06-21 23:53:26,CUST0487,P006,Backpack,Fashion,3,1200.0,20,2880.0,Card,Hyderabad,Online
TXN004552,2025-04-29 18:02:54,CUST0490,P004,Notebook,Stationery,5,150.0,15,637.5,UPI,Delhi,Store
TXN004553,2025-11-28 12:47:47,CUST0109,P012,Power Bank,Electronics,5,1500.0,5,7125.0,Cash,Pune,Store
TXN004554,2025-08-05 16:20:22,CUST0356,P004,Notebook,Stationery,3,150.0,15,382.5,Card,Pune,Online
TXN004555,2025-12-13 09:27:08,CUST0114,P004,Notebook,Stationery,1,150.0,15,127.5,Card,Delhi,Store
TXN004556,2025-04-07 12:40:24,CUST0323,P011,Smart Watch,Electronics,2,4999.0,0,9998.0,Card,Pune,Store
TXN004557,2025-05-01 11:31:02,CUST0052,P003,USB-C Cable,Electronics,2,299.0,10,538.2,Wallet,Delhi,Online
TXN004558,2025-09-04 01:01:49,CUST0292,P009,Water Bottle,Home,3,450.0,5,1282.5,Wallet,Pune,Online
TXN004559,2025-04-04 21:03:49,CUST0118,P006,Backpack,Fashion,1,1200.0,10,1080.0,UPI,Bengaluru,Online
TXN004560,2025-02-18 17:52:14,CUST0128,P003,USB-C Cable,Electronics,3,299.0,0,897.0,UPI,Bengaluru,Online
TXN004561,2025-05-22 23:59:19,CUST0485,P006,Backpack,Fashion,3,1200.0,20,2880.0,Wallet,Mumbai,Store
TXN004562,2025-09-04 05:46:24,CUST0358,P001,Wireless Mouse,Electronics,3,599.0,5,1707.15,Card,Chennai,Store
TXN004563,2025-05-13 09:18:55,CUST0202,P005,Ball Pen Pack,Stationery,1,100.0,0,100.0,Card,Delhi,Store
TXN004564,2025-11-29 09:06:31,CUST0045,P003,USB-C Cable,Electronics,3,299.0,5,852.15,UPI,Bengaluru,Online
TXN004565,2025-08-16 17:28:53,CUST0047,P004,Notebook,Stationery,3,150.0,0,450.0,Cash,Chennai,Online
TXN004566,2025-10-11 04:52:43,CUST0353,P005,Ball Pen Pack,Stationery,5,100.0,10,450.0,UPI,Hyderabad,Store
TXN004567,2025-02-12 17:58:30,CUST0171,P012,Power Bank,Electronics,4,1500.0,10,5400.0,Cash,Bengaluru,Online
TXN004568,2025-12-14 05:57:21,CUST0478,P007,Running Shoes,Fashion,4,2500.0,5,9500.0,Card,Hyderabad,Online
TXN004569,2025-04-18 20:02:43,CUST0210,P004,Notebook,Stationery,1,150.0,15,127.5,UPI,Chennai,Store
TXN004570,2025-02-22 02:09:44,CUST0433,P002,Mechanical Keyboard,Electronics,5,3500.0,25,13125.0,Cash,Chennai,Store
TXN004571,2025-04-03 05:09:43,CUST0162,P003,USB-C Cable,Electronics,1,299.0,0,299.0,Wallet,Bengaluru,Online
TXN004572,2025-05-02 10:12:37,CUST0022,P005,Ball Pen Pack,Stationery,2,100.0,0,200.0,Cash,Hyderabad,Store
TXN004573,2025-07-14 13:25:26,CUST0415,P006,Backpack,Fashion,4,1200.0,20,3840.0,Wallet,Bengaluru,Online
TXN004574,2025-04-29 20:47:50,CUST0098,P011,Smart Watch,Electronics,2,4999.0,25,7498.5,Wallet,Mumbai,Online
TXN004575,2025-10-17 09:25:18,CUST0392,P010,Desk Lamp,Home,1,850.0,0,850.0,UPI,Mumbai,Store
TXN004576,2025-10-25 05:01:27,CUST0387,P007,Running Shoes,Fashion,1,2500.0,0,2500.0,Card,Hyderabad,Online
TXN004577,2025-07-08 14:02:49,CUST0426,P009,Water Bottle,Home,5,450.0,20,1800.0,UPI,Hyderabad,Online
TXN004578,2025-01-15 20:39:17,CUST0144,P007,Running Shoes,Fashion,1,2500.0,15,2125.0,Card,Hyderabad,Online
TXN004579,2025-06-08 07:24:12,CUST0496,P009,Water Bottle,Home,4,450.0,25,1350.0,Cash,Mumbai,Store
TXN004580,2025-12-29 04:25:46,CUST0216,P010,Desk Lamp,Home,1,850.0,10,765.0,UPI,Chennai,Store
TXN004581,2025-05-10 17:46:15,CUST0205,P009,Water Bottle,Home,5,450.0,5,2137.5,Wallet,Bengaluru,Online
TXN004582,2025-07-23 12:05:03,CUST0018,P001,Wireless Mouse,Electronics,4,599.0,5,2276.2,Wallet,Pune,Online
TXN004583,2025-10-09 04:11:30,CUST0327,P009,Water Bottle,Home,1,450.0,25,337.5,Cash,Bengaluru,Online
TXN004584,2025-09-03 13:13:02,CUST0099,P008,Coffee Mug,Home,2,250.0,10,450.0,Wallet,Delhi,Online
TXN004585,2025-07-01 00:27:36,CUST0265,P004,Notebook,Stationery,1,150.0,20,120.0,Card,Mumbai,Store
TXN004586,2025-08-23 10:31:23,CUST0228,P009,Water Bottle,Home,5,450.0,20,1800.0,Cash,Mumbai,Store
TXN004587,2025-05-15 15:17:11,CUST0146,P010,Desk Lamp,Home,5,850.0,5,4037.5,Wallet,Bengaluru,Online
TXN004588,2025-04-12 01:21:16,CUST0199,P008,Coffee Mug,Home,3,250.0,20,600.0,UPI,Bengaluru,Store
TXN004589,2025-07-24 14:38:46,CUST0264,P012,Power Bank,Electronics,4,1500.0,15,5100.0,Cash,Mumbai,Store
TXN004590,2025-10-24 06:23:03,CUST0252,P002,Mechanical Keyboard,Electronics,1,3500.0,15,2975.0,Cash,Delhi,Store
TXN004591,2025-01-18 15:28:25,CUST0180,P011,Smart Watch,Electronics,5,4999.0,10,22495.5,Wallet,Pune,Store
TXN004592,2025-04-07 16:19:27,CUST0475,P002,Mechanical Keyboard,Electronics,5,3500.0,0,17500.0,Wallet,Pune,Online
TXN004593,2025-01-07 07:31:51,CUST0369,P001,Wireless Mouse,Electronics,2,599.0,10,1078.2,Cash,Bengaluru,Store
TXN004594,2025-10-22 13:00:10,CUST0405,P004,Notebook,Stationery,2,150.0,15,255.0,Wallet,Bengaluru,Online
TXN004595,2025-01-08 03:45:58,CUST0347,P004,Notebook,Stationery,1,150.0,15,127.5,Wallet,Chennai,Store
TXN004596,2025-02-12 01:06:23,CUST0304,P003,USB-C Cable,Electronics,4,299.0,0,1196.0,Cash,Delhi,Store
TXN004597,2025-09-19 11:35:21,CUST0079,P001,Wireless Mouse,Electronics,1,599.0,5,569.05,Cash,Chennai,Online
TXN004598,2025-02-23 18:52:24,CUST0489,P006,Backpack,Fashion,3,1200.0,10,3240.0,Cash,Mumbai,Online
TXN004599,2025-05-13 20:37:02,CUST0152,P010,Desk Lamp,Home,1,850.0,20,680.0,UPI,Chennai,Online
TXN004600,2025-08-09 14:24:33,CUST0434,P008,Coffee Mug,Home,4,250.0,25,750.0,Wallet,Pune,Store
TXN004601,2025-02-22 11:15:58,CUST0159,P007,Running Shoes,Fashion,1,2500.0,15,2125.0,Card,Mumbai,Online
TXN004602,2025-11-07 01:00:43,CUST0407,P005,Ball Pen Pack,Stationery,2,100.0,20,160.0,Card,Chennai,Online
TXN004603,2025-01-11 16:17:27,CUST0016,P010,Desk Lamp,Home,1,850.0,10,765.0,Card,Delhi,Online
TXN004604,2025-08-27 21:02:08,CUST0158,P010,Desk Lamp,Home,2,850.0,0,1700.0,Wallet,Chennai,Store
TXN004605,2025-02-11 07:18:55,CUST0225,P010,Desk Lamp,Home,5,850.0,25,3187.5,Wallet,Delhi,Store
TXN004606,2025-06-10 12:20:59,CUST0387,P007,Running Shoes,Fashion,2,2500.0,20,4000.0,Wallet,Chennai,Online
TXN004607,2025-05-20 12:13:54,CUST0052,P009,Water Bottle,Home,5,450.0,15,1912.5,Card,Pune,Store
TXN004608,2025-03-02 06:35:44,CUST0232,P006,Backpack,Fashion,4,1200.0,0,4800.0,UPI,Pune,Online
TXN004609,2025-04-08 00:24:49,CUST0020,P003,USB-C Cable,Electronics,2,299.0,10,538.2,UPI,Delhi,Store
TXN004610,2025-10-16 18:27:48,CUST0240,P008,Coffee Mug,Home,1,250.0,5,237.5,Cash,Mumbai,Store
TXN004611,2025-07-21 10:14:04,CUST0289,P012,Power Bank,Electronics,1,1500.0,10,1350.0,UPI,Hyderabad,Online
TXN004612,2025-10-27 21:27:06,CUST0442,P009,Water Bottle,Home,1,450.0,10,405.0,UPI,Bengaluru,Store
TXN004613,2025-06-17 12:32:00,CUST0023,P012,Power Bank,Electronics,5,1500.0,0,7500.0,Card,Pune,Online
TXN004614,2025-07-09 10:35:38,CUST0270,P009,Water Bottle,Home,3,450.0,10,1215.0,Wallet,Chennai,Online
TXN004615,2025-08-15 16:30:29,CUST0286,P007,Running Shoes,Fashion,2,2500.0,15,4250.0,UPI,Delhi,Online
TXN004616,2025-07-03 22:36:04,CUST0201,P010,Desk Lamp,Home,3,850.0,20,2040.0,Cash,Delhi,Store
TXN004617,2025-03-02 07:26:00,CUST0008,P003,USB-C Cable,Electronics,2,299.0,10,538.2,Card,Delhi,Store
TXN004618,2025-03-16 07:54:38,CUST0371,P002,Mechanical Keyboard,Electronics,2,3500.0,15,5950.0,Card,Bengaluru,Online
TXN004619,2025-04-27 14:05:55,CUST0188,P001,Wireless Mouse,Electronics,2,599.0,0,1198.0,UPI,Hyderabad,Online
TXN004620,2025-09-28 02:03:53,CUST0079,P007,Running Shoes,Fashion,4,2500.0,25,7500.0,UPI,Delhi,Online
TXN004621,2025-08-23 16:19:25,CUST0391,P004,Notebook,Stationery,5,150.0,15,637.5,UPI,Bengaluru,Online
TXN004622,2025-01-10 12:25:27,CUST0136,P008,Coffee Mug,Home,1,250.0,20,200.0,UPI,Mumbai,Online
TXN004623,2025-10-12 21:59:56,CUST0162,P007,Running Shoes,Fashion,5,2500.0,5,11875.0,Cash,Chennai,Store
TXN004624,2025-06-08 22:05:06,CUST0287,P009,Water Bottle,Home,2,450.0,10,810.0,UPI,Mumbai,Online
TXN004625,2025-04-12 16:27:58,CUST0041,P005,Ball Pen Pack,Stationery,1,100.0,5,95.0,UPI,Hyderabad,Online
TXN004626,2025-02-13 01:19:49,CUST0484,P009,Water Bottle,Home,1,450.0,10,405.0,UPI,Delhi,Online
TXN004627,2025-09-28 20:18:35,CUST0361,P004,Notebook,Stationery,2,150.0,10,270.0,UPI,Bengaluru,Online
TXN004628,2025-05-01 06:46:42,CUST0160,P008,Coffee Mug,Home,1,250.0,20,200.0,Cash,Bengaluru,Online
TXN004629,2025-08-11 08:18:58,CUST0382,P005,Ball Pen Pack,Stationery,1,100.0,15,85.0,Wallet,Mumbai,Store
TXN004630,2025-09-14 13:04:18,CUST0419,P009,Water Bottle,Home,4,450.0,20,1440.0,Card,Mumbai,Online
TXN004631,2025-03-18 20:51:53,CUST0054,P005,Ball Pen Pack,Stationery,3,100.0,15,255.0,Cash,Delhi,Store
TXN004632,2025-02-18 14:25:11,CUST0485,P003,USB-C Cable,Electronics,4,299.0,10,1076.4,Wallet,Hyderabad,Store
TXN004633,2025-11-04 00:32:54,CUST0028,P008,Coffee Mug,Home,3,250.0,0,750.0,Card,Pune,Store
TXN004634,2025-04-14 02:52:08,CUST0133,P010,Desk Lamp,Home,5,850.0,20,3400.0,Wallet,Mumbai,Online
TXN004635,2025-04-06 21:34:30,CUST0312,P002,Mechanical Keyboard,Electronics,2,3500.0,15,5950.0,Cash,Mumbai,Online
TXN004636,2025-11-13 19:59:48,CUST0323,P007,Running Shoes,Fashion,3,2500.0,0,7500.0,UPI,Bengaluru,Online
TXN004637,2025-03-29 01:12:17,CUST0086,P007,Running Shoes,Fashion,4,2500.0,10,9000.0,Card,Mumbai,Online
TXN004638,2025-05-16 00:38:23,CUST0251,P007,Running Shoes,Fashion,2,2500.0,0,5000.0,UPI,Mumbai,Online
TXN004639,2025-07-27 07:31:13,CUST0309,P007,Running Shoes,Fashion,3,2500.0,10,6750.0,Wallet,Mumbai,Online
TXN004640,2025-05-06 02:22:05,CUST0116,P007,Running Shoes,Fashion,1,2500.0,15,2125.0,Cash,Mumbai,Online
TXN004641,2025-04-20 02:10:00,CUST0226,P005,Ball Pen Pack,Stationery,5,100.0,15,425.0,Wallet,Hyderabad,Store
TXN004642,2025-12-07 12:29:54,CUST0288,P007,Running Shoes,Fashion,5,2500.0,20,10000.0,Cash,Hyderabad,Store
TXN004643,2025-07-20 16:35:39,CUST0036,P008,Coffee Mug,Home,1,250.0,25,187.5,Card,Bengaluru,Online
TXN004644,2025-01-10 20:18:30,CUST0028,P008,Coffee Mug,Home,4,250.0,0,1000.0,UPI,Bengaluru,Store
TXN004645,2025-10-25 04:21:28,CUST0442,P004,Notebook,Stationery,4,150.0,10,540.0,Cash,Hyderabad,Online
TXN004646,2025-11-11 03:54:40,CUST0104,P001,Wireless Mouse,Electronics,4,599.0,20,1916.8,UPI,Mumbai,Online
TXN004647,2025-06-21 18:59:54,CUST0055,P010,Desk Lamp,Home,4,850.0,0,3400.0,UPI,Delhi,Online
TXN004648,2025-03-08 02:34:35,CUST0473,P002,Mechanical Keyboard,Electronics,3,3500.0,10,9450.0,Cash,Mumbai,Store
TXN004649,2025-05-10 18:51:14,CUST0435,P010,Desk Lamp,Home,4,850.0,15,2890.0,Cash,Pune,Online
TXN004650,2025-04-01 14:27:11,CUST0341,P011,Smart Watch,Electronics,5,4999.0,10,22495.5,Wallet,Chennai,Store
TXN004651,2025-05-26 06:10:16,CUST0482,P003,USB-C Cable,Electronics,2,299.0,20,478.4,UPI,Bengaluru,Online
TXN004652,2025-11-14 21:22:42,CUST0109,P012,Power Bank,Electronics,2,1500.0,10,2700.0,Card,Mumbai,Online
TXN004653,2025-05-01 19:49:04,CUST0317,P012,Power Bank,Electronics,5,1500.0,20,6000.0,Card,Bengaluru,Store
TXN004654,2025-05-16 03:26:33,CUST0110,P012,Power Bank,Electronics,4,1500.0,25,4500.0,UPI,Chennai,Store
TXN004655,2025-09-09 12:01:04,CUST0426,P008,Coffee Mug,Home,2,250.0,0,500.0,Wallet,Pune,Store
TXN004656,2025-10-24 10:55:34,CUST0219,P012,Power Bank,Electronics,2,1500.0,10,2700.0,Wallet,Chennai,Online
TXN004657,2025-12-27 19:47:16,CUST0471,P004,Notebook,Stationery,5,150.0,10,675.0,Wallet,Delhi,Online
TXN004658,2025-11-21 12:17:48,CUST0319,P003,USB-C Cable,Electronics,4,299.0,25,897.0,Wallet,Hyderabad,Store
TXN004659,2025-09-15 18:53:28,CUST0048,P005,Ball Pen Pack,Stationery,1,100.0,5,95.0,Cash,Hyderabad,Online
TXN004660,2025-11-04 04:56:32,CUST0064,P008,Coffee Mug,Home,5,250.0,15,1062.5,Wallet,Mumbai,Store
TXN004661,2025-01-03 06:39:09,CUST0188,P006,Backpack,Fashion,5,1200.0,25,4500.0,UPI,Bengaluru,Online
TXN004662,2025-11-17 07:17:16,CUST0164,P008,Coffee Mug,Home,5,250.0,5,1187.5,UPI,Chennai,Online
TXN004663,2025-05-31 21:50:20,CUST0070,P006,Backpack,Fashion,1,1200.0,15,1020.0,Card,Delhi,Store
TXN004664,2025-06-02 16:22:34,CUST0155,P007,Running Shoes,Fashion,2,2500.0,20,4000.0,Wallet,Mumbai,Online
TXN004665,2025-12-31 13:03:09,CUST0152,P011,Smart Watch,Electronics,3,4999.0,10,13497.3,Wallet,Mumbai,Online
TXN004666,2025-08-21 17:52:43,CUST0368,P004,Notebook,Stationery,3,150.0,25,337.5,Card,Bengaluru,Online
TXN004667,2025-10-09 06:57:08,CUST0277,P007,Running Shoes,Fashion,4,2500.0,25,7500.0,Card,Delhi,Store
TXN004668,2025-02-18 23:44:22,CUST0310,P011,Smart Watch,Electronics,1,4999.0,10,4499.1,UPI,Hyderabad,Online
TXN004669,2025-06-01 05:45:07,CUST0028,P001,Wireless Mouse,Electronics,1,599.0,25,449.25,UPI,Mumbai,Online
TXN004670,2025-02-02 07:08:47,CUST0419,P006,Backpack,Fashion,4,1200.0,0,4800.0,Wallet,Mumbai,Store
TXN004671,2025-03-16 18:28:35,CUST0288,P005,Ball Pen Pack,Stationery,3,100.0,25,225.0,UPI,Pune,Online
TXN004672,2025-11-29 05:03:08,CUST0119,P001,Wireless Mouse,Electronics,1,599.0,25,449.25,Card,Chennai,Online
TXN004673,2025-07-26 03:56:04,CUST0438,P005,Ball Pen Pack,Stationery,4,100.0,20,320.0,UPI,Chennai,Store
TXN004674,2025-07-05 15:56:51,CUST0066,P004,Notebook,Stationery,2,150.0,0,300.0,UPI,Delhi,Store
TXN004675,2025-07-25 12:44:14,CUST0064,P008,Coffee Mug,Home,4,250.0,25,750.0,Card,Chennai,Store
TXN004676,2025-11-29 11:13:40,CUST0462,P006,Backpack,Fashion,3,1200.0,25,2700.0,Wallet,Mumbai,Online
TXN004677,2025-02-19 02:33:16,CUST0037,P009,Water Bottle,Home,5,450.0,5,2137.5,Card,Mumbai,Store
TXN004678,2025-03-24 20:18:48,CUST0385,P002,Mechanical Keyboard,Electronics,5,3500.0,25,13125.0,Wallet,Delhi,Online
TXN004679,2025-07-06 16:22:35,CUST0197,P002,Mechanical Keyboard,Electronics,2,3500.0,0,7000.0,Card,Pune,Store
TXN004680,2025-04-12 16:08:17,CUST0392,P002,Mechanical Keyboard,Electronics,4,3500.0,20,11200.0,Card,Bengaluru,Online
TXN004681,2025-05-04 01:23:16,CUST0468,P011,Smart Watch,Electronics,5,4999.0,20,19996.0,UPI,Bengaluru,Store
TXN004682,2025-06-18 18:15:24,CUST0141,P001,Wireless Mouse,Electronics,2,599.0,5,1138.1,Card,Hyderabad,Online
TXN004683,2025-10-04 21:48:01,CUST0293,P012,Power Bank,Electronics,2,1500.0,25,2250.0,Card,Delhi,Online
TXN004684,2025-11-03 04:21:51,CUST0461,P009,Water Bottle,Home,2,450.0,25,675.0,Wallet,Bengaluru,Online
TXN004685,2025-03-09 21:17:58,CUST0195,P010,Desk Lamp,Home,2,850.0,15,1445.0,Cash,Hyderabad,Store
TXN004686,2025-11-25 10:07:07,CUST0441,P003,USB-C Cable,Electronics,2,299.0,10,538.2,Card,Hyderabad,Store
TXN004687,2025-10-23 18:43:21,CUST0132,P005,Ball Pen Pack,Stationery,3,100.0,25,225.0,Cash,Pune,Store
TXN004688,2025-10-25 18:34:16,CUST0361,P012,Power Bank,Electronics,5,1500.0,15,6375.0,UPI,Mumbai,Online
TXN004689,2025-05-01 01:06:58,CUST0401,P004,Notebook,Stationery,2,150.0,0,300.0,Wallet,Delhi,Online
TXN004690,2025-08-23 23:00:24,CUST0363,P009,Water Bottle,Home,1,450.0,10,405.0,Wallet,Bengaluru,Online
TXN004691,2025-11-23 13:51:35,CUST0171,P006,Backpack,Fashion,3,1200.0,20,2880.0,UPI,Chennai,Store
TXN004692,2025-09-29 07:25:40,CUST0456,P003,USB-C Cable,Electronics,4,299.0,20,956.8,Wallet,Hyderabad,Online
TXN004693,2025-03-08 16:38:37,CUST0473,P006,Backpack,Fashion,5,1200.0,0,6000.0,Card,Mumbai,Store
TXN004694,2025-06-01 12:40:49,CUST0489,P004,Notebook,Stationery,4,150.0,5,570.0,UPI,Bengaluru,Online
TXN004695,2025-12-11 05:08:34,CUST0371,P007,Running Shoes,Fashion,4,2500.0,25,7500.0,UPI,Pune,Online
TXN004696,2025-03-15 21:22:06,CUST0166,P009,Water Bottle,Home,3,450.0,0,1350.0,UPI,Pune,Store
TXN004697,2025-05-14 20:50:30,CUST0337,P010,Desk Lamp,Home,5,850.0,20,3400.0,Wallet,Bengaluru,Online
TXN004698,2025-10-08 04:43:03,CUST0234,P010,Desk Lamp,Home,2,850.0,20,1360.0,Cash,Bengaluru,Store
TXN004699,2025-10-24 13:38:55,CUST0178,P002,Mechanical Keyboard,Electronics,5,3500.0,25,13125.0,Card,Delhi,Store
TXN004700,2025-04-15 15:17:29,CUST0350,P002,Mechanical Keyboard,Electronics,1,3500.0,0,3500.0,Wallet,Chennai,Online
TXN004701,2025-06-02 01:10:14,CUST0494,P008,Coffee Mug,Home,1,250.0,5,237.5,Wallet,Pune,Store
TXN004702,2025-06-02 14:30:41,CUST0491,P011,Smart Watch,Electronics,4,4999.0,15,16996.6,UPI,Mumbai,Online
TXN004703,2025-05-22 15:52:58,CUST0486,P009,Water Bottle,Home,3,450.0,25,1012.5,Card,Pune,Online
TXN004704,2025-01-12 21:29:05,CUST0408,P001,Wireless Mouse,Electronics,5,599.0,0,2995.0,Cash,Bengaluru,Online
TXN004705,2025-01-13 10:56:43,CUST0381,P009,Water Bottle,Home,2,450.0,20,720.0,Card,Chennai,Store
TXN004706,2025-09-05 13:52:23,CUST0287,P003,USB-C Cable,Electronics,5,299.0,15,1270.75,Card,Pune,Online
TXN004707,2025-01-16 06:26:45,CUST0455,P008,Coffee Mug,Home,5,250.0,20,1000.0,Card,Mumbai,Online
TXN004708,2025-09-05 06:15:25,CUST0226,P004,Notebook,Stationery,4,150.0,10,540.0,Cash,Hyderabad,Store
TXN004709,2025-02-28 00:00:16,CUST0095,P001,Wireless Mouse,Electronics,4,599.0,5,2276.2,UPI,Mumbai,Store
TXN004710,2025-11-25 03:32:25,CUST0012,P009,Water Bottle,Home,3,450.0,5,1282.5,Wallet,Delhi,Online
TXN004711,2025-06-19 15:46:12,CUST0350,P012,Power Bank,Electronics,2,1500.0,15,2550.0,Wallet,Pune,Store
TXN004712,2025-05-07 16:50:37,CUST0034,P003,USB-C Cable,Electronics,5,299.0,25,1121.25,Cash,Delhi,Store
TXN004713,2025-02-05 11:40:16,CUST0351,P012,Power Bank,Electronics,1,1500.0,0,1500.0,Cash,Mumbai,Online
TXN004714,2025-07-19 08:00:01,CUST0059,P010,Desk Lamp,Home,3,850.0,25,1912.5,Cash,Chennai,Online
TXN004715,2025-02-20 00:42:06,CUST0220,P003,USB-C Cable,Electronics,2,299.0,25,448.5,UPI,Mumbai,Online
TXN004716,2025-06-12 11:13:34,CUST0006,P008,Coffee Mug,Home,2,250.0,5,475.0,Card,Delhi,Online
TXN004717,2025-03-01 15:06:12,CUST0382,P011,Smart Watch,Electronics,5,4999.0,5,23745.25,UPI,Chennai,Online
TXN004718,2025-09-18 01:44:07,CUST0140,P011,Smart Watch,Electronics,2,4999.0,25,7498.5,Cash,Pune,Store
TXN004719,2025-05-09 12:09:21,CUST0414,P004,Notebook,Stationery,5,150.0,0,750.0,Wallet,Hyderabad,Online
TXN004720,2025-11-26 21:10:28,CUST0490,P009,Water Bottle,Home,1,450.0,20,360.0,UPI,Bengaluru,Store
TXN004721,2025-03-27 20:55:39,CUST0064,P007,Running Shoes,Fashion,4,2500.0,20,8000.0,Wallet,Hyderabad,Store
TXN004722,2025-10-10 07:02:35,CUST0347,P005,Ball Pen Pack,Stationery,1,100.0,5,95.0,Card,Mumbai,Store
TXN004723,2025-05-26 04:13:14,CUST0143,P005,Ball Pen Pack,Stationery,1,100.0,0,100.0,Wallet,Mumbai,Store
TXN004724,2025-06-01 20:02:45,CUST0136,P010,Desk Lamp,Home,4,850.0,0,3400.0,UPI,Chennai,Store
TXN004725,2025-04-23 16:23:33,CUST0404,P012,Power Bank,Electronics,3,1500.0,20,3600.0,UPI,Mumbai,Store
TXN004726,2025-10-11 01:32:37,CUST0336,P002,Mechanical Keyboard,Electronics,4,3500.0,15,11900.0,Cash,Pune,Store
TXN004727,2025-11-19 09:25:26,CUST0355,P003,USB-C Cable,Electronics,5,299.0,0,1495.0,Card,Delhi,Online
TXN004728,2025-02-16 05:18:10,CUST0184,P001,Wireless Mouse,Electronics,3,599.0,0,1797.0,Wallet,Hyderabad,Store
TXN004729,2025-02-08 08:05:42,CUST0375,P012,Power Bank,Electronics,2,1500.0,0,3000.0,Cash,Pune,Store
TXN004730,2025-05-25 15:44:43,CUST0082,P012,Power Bank,Electronics,2,1500.0,25,2250.0,Card,Pune,Online
TXN004731,2025-05-06 23:24:52,CUST0258,P009,Water Bottle,Home,2,450.0,15,765.0,Wallet,Chennai,Store
TXN004732,2025-04-02 06:28:02,CUST0180,P005,Ball Pen Pack,Stationery,1,100.0,25,75.0,Cash,Bengaluru,Store
TXN004733,2025-03-09 17:07:23,CUST0481,P006,Backpack,Fashion,2,1200.0,20,1920.0,Cash,Mumbai,Online
TXN004734,2025-02-03 18:20:09,CUST0060,P006,Backpack,Fashion,2,1200.0,10,2160.0,Cash,Hyderabad,Store
TXN004735,2025-11-21 05:07:24,CUST0093,P008,Coffee Mug,Home,4,250.0,25,750.0,Card,Bengaluru,Online
TXN004736,2025-03-27 20:19:36,CUST0043,P008,Coffee Mug,Home,3,250.0,20,600.0,UPI,Pune,Online
TXN004737,2025-04-09 22:13:42,CUST0466,P006,Backpack,Fashion,5,1200.0,20,4800.0,UPI,Chennai,Store
TXN004738,2025-02-15 17:21:00,CUST0429,P009,Water Bottle,Home,4,450.0,0,1800.0,Cash,Pune,Online
TXN004739,2025-08-25 13:42:36,CUST0458,P004,Notebook,Stationery,3,150.0,25,337.5,Cash,Chennai,Store
TXN004740,2025-09-14 14:38:40,CUST0375,P006,Backpack,Fashion,5,1200.0,5,5700.0,UPI,Delhi,Store
TXN004741,2025-08-07 20:29:18,CUST0209,P008,Coffee Mug,Home,3,250.0,15,637.5,Wallet,Hyderabad,Online
TXN004742,2025-02-11 13:04:37,CUST0349,P004,Notebook,Stationery,4,150.0,20,480.0,Card,Mumbai,Store
TXN004743,2025-10-22 14:37:42,CUST0170,P008,Coffee Mug,Home,4,250.0,5,950.0,Wallet,Delhi,Store
TXN004744,2025-10-25 21:27:51,CUST0445,P011,Smart Watch,Electronics,1,4999.0,0,4999.0,Wallet,Mumbai,Store
TXN004745,2025-07-26 01:36:53,CUST0293,P008,Coffee Mug,Home,1,250.0,0,250.0,Cash,Chennai,Online
TXN004746,2025-03-12 12:01:12,CUST0060,P004,Notebook,Stationery,2,150.0,15,255.0,Wallet,Mumbai,Online
TXN004747,2025-12-22 12:16:12,CUST0264,P004,Notebook,Stationery,3,150.0,15,382.5,Wallet,Chennai,Online
TXN004748,2025-02-20 10:47:58,CUST0344,P009,Water Bottle,Home,5,450.0,20,1800.0,Card,Mumbai,Store
TXN004749,2025-04-20 00:54:12,CUST0200,P002,Mechanical Keyboard,Electronics,1,3500.0,25,2625.0,Card,Chennai,Store
TXN004750,2025-08-13 04:58:33,CUST0453,P010,Desk Lamp,Home,2,850.0,15,1445.0,UPI,Chennai,Store
TXN004751,2025-09-28 06:33:12,CUST0202,P001,Wireless Mouse,Electronics,2,599.0,5,1138.1,Wallet,Chennai,Store
TXN004752,2025-12-09 17:38:03,CUST0425,P003,USB-C Cable,Electronics,5,299.0,10,1345.5,Wallet,Hyderabad,Online
TXN004753,2025-08-01 02:00:15,CUST0396,P005,Ball Pen Pack,Stationery,2,100.0,20,160.0,Wallet,Bengaluru,Online
TXN004754,2025-01-20 20:44:54,CUST0365,P010,Desk Lamp,Home,1,850.0,25,637.5,UPI,Bengaluru,Online
TXN004755,2025-07-12 19:10:11,CUST0301,P005,Ball Pen Pack,Stationery,5,100.0,20,400.0,Cash,Delhi,Store
TXN004756,2025-06-29 15:19:23,CUST0351,P011,Smart Watch,Electronics,3,4999.0,10,13497.3,Cash,Mumbai,Online
TXN004757,2025-06-25 12:00:30,CUST0207,P010,Desk Lamp,Home,2,850.0,25,1275.0,Wallet,Pune,Store
TXN004758,2025-09-06 15:33:28,CUST0395,P006,Backpack,Fashion,3,1200.0,25,2700.0,Card,Delhi,Store
TXN004759,2025-11-19 11:22:21,CUST0182,P010,Desk Lamp,Home,1,850.0,25,637.5,Wallet,Mumbai,Store
TXN004760,2025-04-07 21:22:29,CUST0175,P010,Desk Lamp,Home,5,850.0,5,4037.5,Cash,Chennai,Online
TXN004761,2025-06-29 10:43:22,CUST0416,P010,Desk Lamp,Home,5,850.0,15,3612.5,Cash,Hyderabad,Store
TXN004762,2025-06-24 22:24:00,CUST0260,P004,Notebook,Stationery,4,150.0,10,540.0,Wallet,Chennai,Online
TXN004763,2025-05-27 23:05:56,CUST0245,P009,Water Bottle,Home,3,450.0,5,1282.5,Cash,Chennai,Online
TXN004764,2025-07-09 19:59:57,CUST0431,P012,Power Bank,Electronics,2,1500.0,0,3000.0,Wallet,Chennai,Online
TXN004765,2025-11-10 03:54:58,CUST0352,P008,Coffee Mug,Home,4,250.0,15,850.0,UPI,Chennai,Online
TXN004766,2025-05-03 20:09:25,CUST0337,P001,Wireless Mouse,Electronics,1,599.0,15,509.15,Card,Bengaluru,Online
TXN004767,2025-02-27 17:09:58,CUST0098,P004,Notebook,Stationery,5,150.0,10,675.0,Cash,Mumbai,Online
TXN004768,2025-12-18 03:39:41,CUST0097,P007,Running Shoes,Fashion,5,2500.0,20,10000.0,Cash,Pune,Store
TXN004769,2025-09-22 21:47:58,CUST0393,P001,Wireless Mouse,Electronics,2,599.0,5,1138.1,UPI,Pune,Store
TXN004770,2025-05-03 08:34:53,CUST0101,P003,USB-C Cable,Electronics,4,299.0,5,1136.2,Cash,Chennai,Store
TXN004771,2025-11-11 03:08:26,CUST0061,P005,Ball Pen Pack,Stationery,5,100.0,15,425.0,Card,Delhi,Online
TXN004772,2025-03-15 03:46:41,CUST0072,P003,USB-C Cable,Electronics,2,299.0,10,538.2,Wallet,Bengaluru,Online
TXN004773,2025-04-24 09:48:58,CUST0218,P010,Desk Lamp,Home,3,850.0,0,2550.0,Card,Chennai,Store
TXN004774,2025-05-02 22:21:00,CUST0189,P006,Backpack,Fashion,4,1200.0,0,4800.0,Card,Mumbai,Online
TXN004775,2025-06-09 15:28:50,CUST0059,P008,Coffee Mug,Home,3,250.0,0,750.0,Card,Bengaluru,Store
TXN004776,2025-04-14 02:20:59,CUST0480,P006,Backpack,Fashion,5,1200.0,10,5400.0,Wallet,Bengaluru,Online
TXN004777,2025-10-25 11:22:12,CUST0082,P002,Mechanical Keyboard,Electronics,5,3500.0,20,14000.0,Card,Chennai,Online
TXN004778,2025-09-04 13:23:43,CUST0076,P008,Coffee Mug,Home,1,250.0,15,212.5,Cash,Mumbai,Store
TXN004779,2025-10-13 10:09:52,CUST0208,P002,Mechanical Keyboard,Electronics,2,3500.0,5,6650.0,Card,Hyderabad,Online
TXN004780,2025-09-12 20:22:09,CUST0364,P011,Smart Watch,Electronics,1,4999.0,10,4499.1,Wallet,Delhi,Store
TXN004781,2025-06-12 19:39:32,CUST0286,P012,Power Bank,Electronics,3,1500.0,5,4275.0,UPI,Delhi,Store
TXN004782,2025-05-24 14:00:38,CUST0166,P006,Backpack,Fashion,5,1200.0,10,5400.0,UPI,Pune,Store
TXN004783,2025-03-24 10:16:33,CUST0362,P006,Backpack,Fashion,4,1200.0,0,4800.0,Wallet,Bengaluru,Store
TXN004784,2025-10-26 07:46:23,CUST0276,P010,Desk Lamp,Home,3,850.0,5,2422.5,Card,Chennai,Online
TXN004785,2025-07-09 13:58:05,CUST0210,P004,Notebook,Stationery,5,150.0,25,562.5,UPI,Delhi,Store
TXN004786,2025-01-14 17:37:54,CUST0015,P009,Water Bottle,Home,2,450.0,25,675.0,Card,Bengaluru,Store
TXN004787,2025-10-07 23:01:14,CUST0339,P003,USB-C Cable,Electronics,4,299.0,20,956.8,UPI,Pune,Online
TXN004788,2025-02-28 02:59:40,CUST0032,P010,Desk Lamp,Home,4,850.0,10,3060.0,Cash,Chennai,Online
TXN004789,2025-06-05 12:06:06,CUST0054,P008,Coffee Mug,Home,5,250.0,0,1250.0,Wallet,Chennai,Store
TXN004790,2025-01-10 05:25:52,CUST0470,P012,Power Bank,Electronics,1,1500.0,10,1350.0,UPI,Pune,Online
TXN004791,2025-01-22 16:15:05,CUST0107,P010,Desk Lamp,Home,2,850.0,10,1530.0,Cash,Hyderabad,Online
TXN004792,2025-06-27 12:26:30,CUST0224,P010,Desk Lamp,Home,4,850.0,5,3230.0,UPI,Bengaluru,Online
TXN004793,2025-10-10 18:31:53,CUST0038,P009,Water Bottle,Home,2,450.0,25,675.0,Card,Chennai,Online
TXN004794,2025-08-17 10:06:22,CUST0377,P011,Smart Watch,Electronics,1,4999.0,25,3749.25,Card,Hyderabad,Store
TXN004795,2025-11-01 03:55:18,CUST0333,P010,Desk Lamp,Home,2,850.0,0,1700.0,UPI,Delhi,Online
TXN004796,2025-01-10 15:59:47,CUST0246,P002,Mechanical Keyboard,Electronics,2,3500.0,5,6650.0,Wallet,Mumbai,Online
TXN004797,2025-12-15 15:18:54,CUST0287,P003,USB-C Cable,Electronics,2,299.0,20,478.4,Card,Chennai,Store
TXN004798,2025-06-22 14:46:26,CUST0384,P005,Ball Pen Pack,Stationery,2,100.0,15,170.0,UPI,Delhi,Store
TXN004799,2025-08-29 22:56:36,CUST0287,P006,Backpack,Fashion,4,1200.0,25,3600.0,Wallet,Pune,Online
TXN004800,2025-01-25 03:10:55,CUST0205,P004,Notebook,Stationery,2,150.0,5,285.0,UPI,Mumbai,Online
TXN004801,2025-06-13 15:37:29,CUST0500,P010,Desk Lamp,Home,5,850.0,0,4250.0,Cash,Delhi,Store
TXN004802,2025-10-01 06:51:05,CUST0215,P006,Backpack,Fashion,5,1200.0,20,4800.0,Cash,Pune,Store
TXN004803,2025-07-10 17:06:01,CUST0210,P001,Wireless Mouse,Electronics,5,599.0,15,2545.75,UPI,Chennai,Store
TXN004804,2025-12-11 03:12:16,CUST0426,P005,Ball Pen Pack,Stationery,4,100.0,5,380.0,Cash,Delhi,Online
TXN004805,2025-05-21 12:06:02,CUST0237,P004,Notebook,Stationery,4,150.0,20,480.0,Wallet,Chennai,Store
TXN004806,2025-07-02 05:56:47,CUST0254,P009,Water Bottle,Home,5,450.0,10,2025.0,UPI,Bengaluru,Online
TXN004807,2025-11-11 18:04:02,CUST0357,P012,Power Bank,Electronics,5,1500.0,10,6750.0,Wallet,Delhi,Store
TXN004808,2025-07-01 19:02:00,CUST0235,P001,Wireless Mouse,Electronics,4,599.0,0,2396.0,Card,Hyderabad,Store
TXN004809,2025-12-24 18:56:57,CUST0079,P009,Water Bottle,Home,3,450.0,5,1282.5,Wallet,Hyderabad,Online
TXN004810,2025-11-05 23:12:25,CUST0307,P003,USB-C Cable,Electronics,5,299.0,5,1420.25,Wallet,Chennai,Online
TXN004811,2025-10-02 17:51:13,CUST0330,P007,Running Shoes,Fashion,3,2500.0,0,7500.0,Wallet,Mumbai,Online
TXN004812,2025-05-13 15:56:38,CUST0101,P008,Coffee Mug,Home,1,250.0,25,187.5,Wallet,Mumbai,Store
TXN004813,2025-05-31 08:53:46,CUST0374,P012,Power Bank,Electronics,4,1500.0,20,4800.0,UPI,Pune,Online
TXN004814,2025-09-25 23:01:15,CUST0430,P011,Smart Watch,Electronics,4,4999.0,15,16996.6,Cash,Bengaluru,Store
TXN004815,2025-09-04 23:44:21,CUST0033,P003,USB-C Cable,Electronics,4,299.0,20,956.8,Card,Mumbai,Online
TXN004816,2025-10-23 12:44:58,CUST0391,P005,Ball Pen Pack,Stationery,2,100.0,20,160.0,Cash,Pune,Store
TXN004817,2025-09-19 01:50:11,CUST0352,P005,Ball Pen Pack,Stationery,1,100.0,15,85.0,UPI,Mumbai,Online
TXN004818,2025-08-28 13:02:16,CUST0285,P011,Smart Watch,Electronics,3,4999.0,20,11997.6,UPI,Hyderabad,Store
TXN004819,2025-01-02 01:45:13,CUST0477,P012,Power Bank,Electronics,1,1500.0,15,1275.0,UPI,Chennai,Store
TXN004820,2025-07-08 16:54:20,CUST0447,P002,Mechanical Keyboard,Electronics,3,3500.0,5,9975.0,UPI,Bengaluru,Store
TXN004821,2025-09-09 23:51:11,CUST0053,P012,Power Bank,Electronics,1,1500.0,15,1275.0,Cash,Mumbai,Store
TXN004822,2025-03-29 19:18:03,CUST0116,P007,Running Shoes,Fashion,5,2500.0,20,10000.0,Cash,Chennai,Store
TXN004823,2025-08-20 21:23:58,CUST0195,P008,Coffee Mug,Home,2,250.0,25,375.0,Cash,Bengaluru,Online
TXN004824,2025-09-18 01:58:17,CUST0028,P006,Backpack,Fashion,1,1200.0,0,1200.0,UPI,Hyderabad,Online
TXN004825,2025-01-20 21:36:24,CUST0347,P008,Coffee Mug,Home,1,250.0,0,250.0,Wallet,Hyderabad,Store
TXN004826,2025-01-11 21:41:49,CUST0372,P003,USB-C Cable,Electronics,1,299.0,10,269.1,UPI,Pune,Store
TXN004827,2025-09-16 07:24:10,CUST0148,P010,Desk Lamp,Home,4,850.0,5,3230.0,Card,Chennai,Online
TXN004828,2025-01-13 17:27:29,CUST0042,P001,Wireless Mouse,Electronics,2,599.0,20,958.4,Wallet,Delhi,Store
TXN004829,2025-04-15 11:32:42,CUST0332,P008,Coffee Mug,Home,3,250.0,25,562.5,Card,Hyderabad,Store
TXN004830,2025-05-05 18:39:00,CUST0305,P012,Power Bank,Electronics,4,1500.0,25,4500.0,Cash,Delhi,Online
TXN004831,2025-05-15 14:04:02,CUST0078,P007,Running Shoes,Fashion,5,2500.0,25,9375.0,Cash,Chennai,Online
TXN004832,2025-01-22 19:24:53,CUST0145,P002,Mechanical Keyboard,Electronics,4,3500.0,10,12600.0,UPI,Delhi,Online
TXN004833,2025-06-21 04:37:57,CUST0150,P001,Wireless Mouse,Electronics,3,599.0,0,1797.0,Card,Pune,Store
TXN004834,2025-12-31 01:29:55,CUST0400,P010,Desk Lamp,Home,2,850.0,15,1445.0,Wallet,Bengaluru,Store
TXN004835,2025-05-28 07:31:23,CUST0274,P002,Mechanical Keyboard,Electronics,4,3500.0,0,14000.0,Cash,Delhi,Store
TXN004836,2025-10-25 19:17:49,CUST0046,P008,Coffee Mug,Home,3,250.0,20,600.0,UPI,Delhi,Store
TXN004837,2025-08-27 23:43:45,CUST0371,P007,Running Shoes,Fashion,5,2500.0,20,10000.0,UPI,Delhi,Store
TXN004838,2025-08-17 10:42:29,CUST0314,P001,Wireless Mouse,Electronics,5,599.0,0,2995.0,Card,Delhi,Store
TXN004839,2025-03-08 09:02:50,CUST0146,P012,Power Bank,Electronics,1,1500.0,25,1125.0,Cash,Bengaluru,Store
TXN004840,2025-04-14 02:56:59,CUST0170,P001,Wireless Mouse,Electronics,5,599.0,20,2396.0,Wallet,Pune,Online
TXN004841,2025-04-11 08:48:28,CUST0192,P004,Notebook,Stationery,3,150.0,5,427.5,Wallet,Chennai,Online
TXN004842,2025-02-07 17:42:04,CUST0462,P002,Mechanical Keyboard,Electronics,1,3500.0,25,2625.0,UPI,Chennai,Store
TXN004843,2025-11-07 22:53:10,CUST0355,P002,Mechanical Keyboard,Electronics,5,3500.0,10,15750.0,Wallet,Chennai,Store
TXN004844,2025-12-15 09:16:36,CUST0262,P010,Desk Lamp,Home,5,850.0,25,3187.5,Cash,Hyderabad,Online
TXN004845,2025-11-14 21:01:58,CUST0085,P002,Mechanical Keyboard,Electronics,2,3500.0,10,6300.0,Wallet,Mumbai,Online
TXN004846,2025-01-21 07:36:50,CUST0420,P011,Smart Watch,Electronics,4,4999.0,25,14997.0,Card,Chennai,Store
TXN004847,2025-09-27 04:54:20,CUST0480,P009,Water Bottle,Home,1,450.0,0,450.0,Card,Pune,Store
TXN004848,2025-04-13 19:09:25,CUST0080,P006,Backpack,Fashion,5,1200.0,15,5100.0,Card,Mumbai,Store
TXN004849,2025-11-27 17:08:05,CUST0170,P005,Ball Pen Pack,Stationery,5,100.0,5,475.0,Wallet,Hyderabad,Online
TXN004850,2025-10-06 22:41:01,CUST0313,P003,USB-C Cable,Electronics,1,299.0,10,269.1,Wallet,Chennai,Store
TXN004851,2025-08-25 10:53:43,CUST0374,P009,Water Bottle,Home,3,450.0,15,1147.5,Cash,Bengaluru,Online
TXN004852,2025-04-25 10:41:08,CUST0090,P010,Desk Lamp,Home,2,850.0,15,1445.0,UPI,Bengaluru,Store
TXN004853,2025-09-22 22:29:56,CUST0243,P003,USB-C Cable,Electronics,1,299.0,10,269.1,Wallet,Mumbai,Store
TXN004854,2025-03-13 03:11:21,CUST0256,P006,Backpack,Fashion,5,1200.0,0,6000.0,Cash,Delhi,Online
TXN004855,2025-08-30 08:45:03,CUST0427,P003,USB-C Cable,Electronics,4,299.0,15,1016.6,Wallet,Hyderabad,Store
TXN004856,2025-08-18 00:13:06,CUST0278,P009,Water Bottle,Home,4,450.0,15,1530.0,Cash,Delhi,Store
TXN004857,2025-05-08 22:07:54,CUST0263,P005,Ball Pen Pack,Stationery,4,100.0,10,360.0,UPI,Pune,Store
TXN004858,2025-01-02 15:48:44,CUST0060,P010,Desk Lamp,Home,2,850.0,25,1275.0,Card,Bengaluru,Online
TXN004859,2025-09-26 10:58:16,CUST0169,P010,Desk Lamp,Home,4,850.0,5,3230.0,Wallet,Delhi,Online
TXN004860,2025-09-29 04:34:24,CUST0298,P004,Notebook,Stationery,3,150.0,15,382.5,Card,Hyderabad,Online
TXN004861,2025-02-13 01:28:32,CUST0079,P005,Ball Pen Pack,Stationery,5,100.0,10,450.0,Cash,Bengaluru,Online
TXN004862,2025-06-13 20:41:39,CUST0369,P011,Smart Watch,Electronics,3,4999.0,15,12747.45,UPI,Mumbai,Store
TXN004863,2025-06-09 01:39:03,CUST0284,P007,Running Shoes,Fashion,2,2500.0,25,3750.0,Card,Chennai,Online
TXN004864,2025-12-04 00:35:17,CUST0459,P001,Wireless Mouse,Electronics,4,599.0,0,2396.0,Wallet,Delhi,Store
TXN004865,2025-07-21 08:23:52,CUST0016,P006,Backpack,Fashion,2,1200.0,0,2400.0,Wallet,Mumbai,Online
TXN004866,2025-10-02 09:33:05,CUST0067,P008,Coffee Mug,Home,3,250.0,5,712.5,Card,Mumbai,Online
TXN004867,2025-11-22 01:22:28,CUST0226,P011,Smart Watch,Electronics,2,4999.0,25,7498.5,Wallet,Mumbai,Store
TXN004868,2025-09-04 21:31:25,CUST0333,P003,USB-C Cable,Electronics,3,299.0,10,807.3,Wallet,Delhi,Store
TXN004869,2025-03-15 00:46:52,CUST0442,P002,Mechanical Keyboard,Electronics,1,3500.0,5,3325.0,UPI,Pune,Online
TXN004870,2025-07-10 21:30:37,CUST0279,P003,USB-C Cable,Electronics,5,299.0,15,1270.75,UPI,Bengaluru,Store
TXN004871,2025-01-31 03:02:40,CUST0164,P012,Power Bank,Electronics,3,1500.0,10,4050.0,Cash,Hyderabad,Store
TXN004872,2025-05-27 07:10:55,CUST0119,P006,Backpack,Fashion,4,1200.0,10,4320.0,Cash,Mumbai,Online
TXN004873,2025-03-06 04:13:00,CUST0322,P009,Water Bottle,Home,5,450.0,5,2137.5,Cash,Pune,Online
TXN004874,2025-12-31 08:06:49,CUST0088,P011,Smart Watch,Electronics,5,4999.0,25,18746.25,Wallet,Bengaluru,Online
TXN004875,2025-12-20 22:13:54,CUST0474,P006,Backpack,Fashion,5,1200.0,10,5400.0,Wallet,Hyderabad,Store
TXN004876,2025-03-10 04:44:22,CUST0275,P009,Water Bottle,Home,2,450.0,25,675.0,Cash,Bengaluru,Online
TXN004877,2025-05-08 12:20:14,CUST0079,P001,Wireless Mouse,Electronics,2,599.0,0,1198.0,Card,Chennai,Online
TXN004878,2025-11-13 07:36:32,CUST0316,P009,Water Bottle,Home,5,450.0,15,1912.5,UPI,Chennai,Online
TXN004879,2025-03-23 09:41:23,CUST0382,P003,USB-C Cable,Electronics,1,299.0,5,284.05,Wallet,Bengaluru,Store
TXN004880,2025-04-24 18:46:14,CUST0065,P008,Coffee Mug,Home,4,250.0,20,800.0,Wallet,Pune,Store
TXN004881,2025-07-30 07:52:40,CUST0360,P011,Smart Watch,Electronics,3,4999.0,5,14247.15,Wallet,Pune,Store
TXN004882,2025-10-14 21:56:16,CUST0194,P001,Wireless Mouse,Electronics,2,599.0,5,1138.1,UPI,Hyderabad,Store
TXN004883,2025-06-24 07:27:10,CUST0288,P004,Notebook,Stationery,3,150.0,15,382.5,UPI,Chennai,Online
TXN004884,2025-06-07 22:43:04,CUST0094,P011,Smart Watch,Electronics,5,4999.0,5,23745.25,Card,Delhi,Store
TXN004885,2025-11-12 20:11:12,CUST0446,P011,Smart Watch,Electronics,3,4999.0,15,12747.45,Card,Delhi,Store
TXN004886,2025-03-09 08:59:25,CUST0099,P011,Smart Watch,Electronics,2,4999.0,15,8498.3,Wallet,Chennai,Online
TXN004887,2025-01-22 17:20:56,CUST0131,P006,Backpack,Fashion,2,1200.0,10,2160.0,Cash,Chennai,Store
TXN004888,2025-03-26 18:55:38,CUST0032,P003,USB-C Cable,Electronics,4,299.0,5,1136.2,Card,Pune,Store
TXN004889,2025-11-13 19:56:39,CUST0474,P008,Coffee Mug,Home,1,250.0,10,225.0,Card,Delhi,Online
TXN004890,2025-10-24 10:29:31,CUST0373,P003,USB-C Cable,Electronics,3,299.0,10,807.3,Cash,Delhi,Store
TXN004891,2025-07-22 10:00:23,CUST0310,P012,Power Bank,Electronics,2,1500.0,20,2400.0,Wallet,Bengaluru,Online
TXN004892,2025-04-24 20:33:29,CUST0054,P002,Mechanical Keyboard,Electronics,4,3500.0,15,11900.0,UPI,Delhi,Store
TXN004893,2025-09-05 15:09:33,CUST0402,P005,Ball Pen Pack,Stationery,4,100.0,25,300.0,Wallet,Pune,Store
TXN004894,2025-11-23 18:29:57,CUST0403,P006,Backpack,Fashion,4,1200.0,20,3840.0,UPI,Delhi,Store
TXN004895,2025-07-19 23:12:32,CUST0344,P005,Ball Pen Pack,Stationery,4,100.0,15,340.0,Card,Pune,Online
TXN004896,2025-10-04 09:17:47,CUST0092,P010,Desk Lamp,Home,1,850.0,25,637.5,Card,Delhi,Store
TXN004897,2025-05-17 19:12:04,CUST0274,P008,Coffee Mug,Home,4,250.0,0,1000.0,UPI,Chennai,Store
TXN004898,2025-12-13 02:17:04,CUST0083,P004,Notebook,Stationery,5,150.0,10,675.0,Cash,Hyderabad,Store
TXN004899,2025-03-04 00:08:16,CUST0216,P005,Ball Pen Pack,Stationery,1,100.0,15,85.0,Wallet,Mumbai,Store
TXN004900,2025-03-22 03:07:31,CUST0031,P002,Mechanical Keyboard,Electronics,2,3500.0,25,5250.0,UPI,Pune,Online
TXN004901,2025-08-12 15:58:09,CUST0262,P001,Wireless Mouse,Electronics,1,599.0,5,569.05,Wallet,Mumbai,Store
TXN004902,2025-02-25 20:08:01,CUST0279,P004,Notebook,Stationery,2,150.0,10,270.0,Wallet,Hyderabad,Online
TXN004903,2025-05-05 10:58:57,CUST0457,P009,Water Bottle,Home,1,450.0,0,450.0,UPI,Mumbai,Store
TXN004904,2025-11-14 21:59:36,CUST0112,P004,Notebook,Stationery,4,150.0,10,540.0,Card,Delhi,Store
TXN004905,2025-06-28 00:27:01,CUST0011,P003,USB-C Cable,Electronics,4,299.0,15,1016.6,Card,Hyderabad,Store
TXN004906,2025-01-28 12:37:42,CUST0164,P007,Running Shoes,Fashion,3,2500.0,20,6000.0,Wallet,Chennai,Store
TXN004907,2025-06-29 16:29:22,CUST0357,P010,Desk Lamp,Home,3,850.0,10,2295.0,Wallet,Delhi,Store
TXN004908,2025-08-26 12:34:32,CUST0292,P006,Backpack,Fashion,3,1200.0,0,3600.0,Cash,Delhi,Online
TXN004909,2025-09-25 07:41:26,CUST0323,P007,Running Shoes,Fashion,2,2500.0,20,4000.0,UPI,Bengaluru,Online
TXN004910,2025-04-27 15:34:53,CUST0264,P006,Backpack,Fashion,3,1200.0,0,3600.0,Card,Hyderabad,Store
TXN004911,2025-03-04 07:32:11,CUST0354,P006,Backpack,Fashion,2,1200.0,25,1800.0,Cash,Pune,Online
TXN004912,2025-06-25 23:29:12,CUST0458,P011,Smart Watch,Electronics,5,4999.0,25,18746.25,Card,Mumbai,Store
TXN004913,2025-09-10 11:28:36,CUST0161,P002,Mechanical Keyboard,Electronics,1,3500.0,20,2800.0,Card,Mumbai,Store
TXN004914,2025-11-20 04:57:09,CUST0465,P006,Backpack,Fashion,4,1200.0,10,4320.0,Cash,Delhi,Online
TXN004915,2025-01-24 07:38:03,CUST0412,P004,Notebook,Stationery,1,150.0,25,112.5,Card,Bengaluru,Store
TXN004916,2025-10-25 02:38:08,CUST0319,P005,Ball Pen Pack,Stationery,4,100.0,5,380.0,UPI,Hyderabad,Online
TXN004917,2025-04-27 13:55:54,CUST0487,P001,Wireless Mouse,Electronics,2,599.0,25,898.5,Cash,Chennai,Online
TXN004918,2025-03-08 21:58:44,CUST0371,P002,Mechanical Keyboard,Electronics,2,3500.0,25,5250.0,Cash,Delhi,Online
TXN004919,2025-10-14 03:19:49,CUST0360,P003,USB-C Cable,Electronics,5,299.0,5,1420.25,Wallet,Pune,Store
TXN004920,2025-09-08 02:22:55,CUST0428,P001,Wireless Mouse,Electronics,5,599.0,10,2695.5,UPI,Pune,Online
TXN004921,2025-11-16 12:29:56,CUST0283,P001,Wireless Mouse,Electronics,3,599.0,25,1347.75,Card,Delhi,Store
TXN004922,2025-08-11 00:23:20,CUST0163,P010,Desk Lamp,Home,5,850.0,0,4250.0,UPI,Delhi,Store
TXN004923,2025-08-25 00:56:24,CUST0468,P005,Ball Pen Pack,Stationery,1,100.0,5,95.0,Card,Pune,Store
TXN004924,2025-04-28 11:22:50,CUST0209,P001,Wireless Mouse,Electronics,1,599.0,20,479.2,UPI,Mumbai,Online
TXN004925,2025-11-07 15:45:34,CUST0155,P012,Power Bank,Electronics,2,1500.0,10,2700.0,Cash,Bengaluru,Online
TXN004926,2025-03-20 11:58:30,CUST0110,P010,Desk Lamp,Home,5,850.0,15,3612.5,Card,Bengaluru,Store
TXN004927,2025-08-01 09:08:55,CUST0213,P002,Mechanical Keyboard,Electronics,2,3500.0,15,5950.0,Card,Delhi,Online
TXN004928,2025-02-15 00:57:39,CUST0394,P002,Mechanical Keyboard,Electronics,2,3500.0,0,7000.0,Card,Hyderabad,Online
TXN004929,2025-12-09 20:46:08,CUST0357,P012,Power Bank,Electronics,2,1500.0,20,2400.0,UPI,Pune,Online
TXN004930,2025-02-05 19:59:24,CUST0149,P010,Desk Lamp,Home,3,850.0,20,2040.0,UPI,Pune,Online
TXN004931,2025-08-04 22:50:10,CUST0280,P011,Smart Watch,Electronics,5,4999.0,25,18746.25,UPI,Hyderabad,Store
TXN004932,2025-09-21 02:04:41,CUST0212,P005,Ball Pen Pack,Stationery,3,100.0,5,285.0,Card,Mumbai,Online
TXN004933,2025-09-20 13:42:44,CUST0295,P010,Desk Lamp,Home,1,850.0,20,680.0,Card,Mumbai,Online
TXN004934,2025-03-16 15:22:16,CUST0165,P007,Running Shoes,Fashion,5,2500.0,25,9375.0,Card,Mumbai,Store
TXN004935,2025-02-28 21:03:21,CUST0120,P007,Running Shoes,Fashion,4,2500.0,15,8500.0,UPI,Delhi,Online
TXN004936,2025-12-20 21:46:45,CUST0248,P002,Mechanical Keyboard,Electronics,1,3500.0,25,2625.0,Card,Chennai,Online
TXN004937,2025-08-29 03:43:31,CUST0059,P009,Water Bottle,Home,4,450.0,10,1620.0,UPI,Delhi,Online
TXN004938,2025-02-13 12:03:03,CUST0123,P012,Power Bank,Electronics,2,1500.0,5,2850.0,UPI,Pune,Store
TXN004939,2025-11-07 07:20:27,CUST0135,P010,Desk Lamp,Home,3,850.0,15,2167.5,UPI,Bengaluru,Online
TXN004940,2025-04-10 11:02:30,CUST0458,P009,Water Bottle,Home,4,450.0,15,1530.0,Cash,Mumbai,Store
TXN004941,2025-06-26 05:33:15,CUST0178,P012,Power Bank,Electronics,2,1500.0,10,2700.0,Wallet,Pune,Online
TXN004942,2025-01-30 05:18:08,CUST0423,P007,Running Shoes,Fashion,2,2500.0,0,5000.0,Wallet,Mumbai,Online
TXN004943,2025-09-15 03:33:51,CUST0255,P011,Smart Watch,Electronics,5,4999.0,25,18746.25,UPI,Mumbai,Online
TXN004944,2025-05-03 12:16:28,CUST0395,P012,Power Bank,Electronics,4,1500.0,0,6000.0,Card,Hyderabad,Store
TXN004945,2025-11-30 21:06:43,CUST0396,P004,Notebook,Stationery,1,150.0,15,127.5,Wallet,Bengaluru,Online
TXN004946,2025-01-06 07:21:36,CUST0177,P010,Desk Lamp,Home,5,850.0,10,3825.0,Wallet,Hyderabad,Store
TXN004947,2025-06-04 06:17:40,CUST0352,P010,Desk Lamp,Home,2,850.0,25,1275.0,Card,Pune,Online
TXN004948,2025-09-25 23:28:09,CUST0237,P001,Wireless Mouse,Electronics,1,599.0,15,509.15,UPI,Chennai,Store
TXN004949,2025-07-23 01:55:14,CUST0420,P001,Wireless Mouse,Electronics,1,599.0,20,479.2,Wallet,Mumbai,Store
TXN004950,2025-09-12 18:01:51,CUST0025,P009,Water Bottle,Home,4,450.0,5,1710.0,Card,Pune,Online
TXN004951,2025-04-26 19:50:24,CUST0111,P001,Wireless Mouse,Electronics,4,599.0,10,2156.4,Wallet,Delhi,Store
TXN004952,2025-12-09 09:53:58,CUST0357,P009,Water Bottle,Home,5,450.0,20,1800.0,Card,Hyderabad,Online
TXN004953,2025-04-05 12:42:24,CUST0240,P006,Backpack,Fashion,5,1200.0,25,4500.0,UPI,Hyderabad,Store
TXN004954,2025-03-14 10:20:40,CUST0073,P009,Water Bottle,Home,3,450.0,20,1080.0,Card,Chennai,Store
TXN004955,2025-08-02 18:11:22,CUST0485,P006,Backpack,Fashion,3,1200.0,10,3240.0,Cash,Mumbai,Online
TXN004956,2025-08-29 20:44:24,CUST0394,P002,Mechanical Keyboard,Electronics,5,3500.0,15,14875.0,UPI,Pune,Store
TXN004957,2025-07-21 16:58:28,CUST0442,P003,USB-C Cable,Electronics,2,299.0,15,508.3,Wallet,Hyderabad,Online
TXN004958,2025-08-01 17:54:16,CUST0364,P008,Coffee Mug,Home,2,250.0,15,425.0,Card,Pune,Online
TXN004959,2025-07-26 13:33:56,CUST0009,P001,Wireless Mouse,Electronics,3,599.0,25,1347.75,Card,Bengaluru,Store
TXN004960,2025-06-20 11:33:01,CUST0187,P009,Water Bottle,Home,3,450.0,15,1147.5,Wallet,Delhi,Store
TXN004961,2025-10-14 15:09:51,CUST0246,P012,Power Bank,Electronics,3,1500.0,0,4500.0,Wallet,Pune,Store
TXN004962,2025-10-25 18:23:06,CUST0046,P003,USB-C Cable,Electronics,1,299.0,15,254.15,Card,Mumbai,Store
TXN004963,2025-05-10 07:00:19,CUST0177,P003,USB-C Cable,Electronics,5,299.0,15,1270.75,Wallet,Bengaluru,Online
TXN004964,2025-02-17 07:31:18,CUST0134,P006,Backpack,Fashion,5,1200.0,10,5400.0,UPI,Hyderabad,Online
TXN004965,2025-02-13 01:44:19,CUST0384,P005,Ball Pen Pack,Stationery,3,100.0,0,300.0,Cash,Bengaluru,Online
TXN004966,2025-07-31 06:54:53,CUST0058,P012,Power Bank,Electronics,3,1500.0,25,3375.0,Card,Chennai,Store
TXN004967,2025-12-13 06:37:01,CUST0036,P002,Mechanical Keyboard,Electronics,4,3500.0,20,11200.0,Wallet,Mumbai,Online
TXN004968,2025-04-30 04:39:43,CUST0198,P001,Wireless Mouse,Electronics,2,599.0,15,1018.3,UPI,Mumbai,Online
TXN004969,2025-06-05 05:10:53,CUST0384,P012,Power Bank,Electronics,1,1500.0,10,1350.0,Cash,Delhi,Store
TXN004970,2025-05-28 05:19:02,CUST0498,P006,Backpack,Fashion,3,1200.0,5,3420.0,Wallet,Hyderabad,Online
TXN004971,2025-05-28 11:45:29,CUST0260,P005,Ball Pen Pack,Stationery,2,100.0,15,170.0,Wallet,Mumbai,Store
TXN004972,2025-11-10 09:21:49,CUST0014,P004,Notebook,Stationery,3,150.0,25,337.5,Cash,Chennai,Store
TXN004973,2025-04-20 01:20:12,CUST0174,P010,Desk Lamp,Home,3,850.0,25,1912.5,Wallet,Bengaluru,Online
TXN004974,2025-01-04 10:38:37,CUST0119,P001,Wireless Mouse,Electronics,1,599.0,0,599.0,Wallet,Chennai,Online
TXN004975,2025-03-01 02:29:33,CUST0255,P003,USB-C Cable,Electronics,2,299.0,20,478.4,Wallet,Hyderabad,Store
TXN004976,2025-12-19 06:45:27,CUST0137,P011,Smart Watch,Electronics,2,4999.0,25,7498.5,UPI,Chennai,Store
TXN004977,2025-10-16 20:12:08,CUST0447,P004,Notebook,Stationery,4,150.0,20,480.0,Card,Hyderabad,Store
TXN004978,2025-09-13 14:07:29,CUST0403,P001,Wireless Mouse,Electronics,5,599.0,10,2695.5,Wallet,Mumbai,Online
TXN004979,2025-04-11 10:40:43,CUST0016,P012,Power Bank,Electronics,5,1500.0,20,6000.0,UPI,Bengaluru,Store
TXN004980,2025-01-13 20:56:45,CUST0279,P002,Mechanical Keyboard,Electronics,1,3500.0,5,3325.0,Wallet,Chennai,Store
TXN004981,2025-11-29 11:44:00,CUST0457,P001,Wireless Mouse,Electronics,2,599.0,10,1078.2,Cash,Hyderabad,Store
TXN004982,2025-03-15 07:55:28,CUST0447,P012,Power Bank,Electronics,4,1500.0,15,5100.0,UPI,Mumbai,Store
TXN004983,2025-03-09 01:52:19,CUST0415,P008,Coffee Mug,Home,5,250.0,10,1125.0,Cash,Chennai,Online
TXN004984,2025-04-29 09:41:46,CUST0416,P003,USB-C Cable,Electronics,5,299.0,10,1345.5,Cash,Delhi,Store
TXN004985,2025-06-16 02:53:19,CUST0295,P006,Backpack,Fashion,3,1200.0,5,3420.0,UPI,Chennai,Store
TXN004986,2025-11-24 05:18:58,CUST0357,P012,Power Bank,Electronics,3,1500.0,15,3825.0,Card,Bengaluru,Store
TXN004987,2025-03-07 11:03:23,CUST0257,P001,Wireless Mouse,Electronics,1,599.0,0,599.0,Wallet,Chennai,Online
TXN004988,2025-09-09 19:09:44,CUST0229,P004,Notebook,Stationery,3,150.0,10,405.0,Wallet,Hyderabad,Store
TXN004989,2025-09-28 17:36:27,CUST0385,P006,Backpack,Fashion,5,1200.0,5,5700.0,Card,Delhi,Online
TXN004990,2025-11-13 22:44:24,CUST0210,P012,Power Bank,Electronics,2,1500.0,20,2400.0,Card,Pune,Store
TXN004991,2025-04-19 03:47:18,CUST0466,P012,Power Bank,Electronics,5,1500.0,20,6000.0,Wallet,Chennai,Online
TXN004992,2025-09-24 17:55:13,CUST0490,P011,Smart Watch,Electronics,1,4999.0,0,4999.0,UPI,Bengaluru,Online
TXN004993,2025-06-30 15:15:48,CUST0285,P002,Mechanical Keyboard,Electronics,2,3500.0,25,5250.0,Cash,Chennai,Store
TXN004994,2025-06-24 04:03:29,CUST0208,P002,Mechanical Keyboard,Electronics,2,3500.0,0,7000.0,Cash,Hyderabad,Store
TXN004995,2025-08-06 06:19:58,CUST0145,P002,Mechanical Keyboard,Electronics,3,3500.0,5,9975.0,Card,Delhi,Store
TXN004996,2025-10-28 12:58:34,CUST0077,P009,Water Bottle,Home,2,450.0,25,675.0,Card,Bengaluru,Online
TXN004997,2025-09-19 22:49:22,CUST0274,P008,Coffee Mug,Home,3,250.0,15,637.5,Wallet,Hyderabad,Online
TXN004998,2025-09-14 03:24:09,CUST0107,P001,Wireless Mouse,Electronics,2,599.0,15,1018.3,Cash,Bengaluru,Store
TXN004999,2025-09-05 11:15:43,CUST0234,P012,Power Bank,Electronics,4,1500.0,0,6000.0,UPI,Delhi,Online
TXN005000,2025-12-10 03:06:36,CUST0374,P012,Power Bank,Electronics,1,1500.0,20,1200.0,Wallet,Mumbai,Store
